사고번호,사고일시,요일,시군구,사고내용,사망자수,중상자수,경상자수,부상신고자수,사고유형,법규위반,노면상태,기상상태,도로형태,가해운전자 차종,가해운전자 성별,가해운전자 연령,가해운전자 상해정도,피해운전자 차종,피해운전자 성별,피해운전자 연령,피해운전자 상해정도
2011011400100462,2011년 1월 14일 20시,금요일,인천광역시 부평구 부평동,중상사고,0,2,1,0,차대차 - 측면직각충돌,신호위반,건조,맑음,교차로 - 교차로안,승용,남,36세,중상,화물,남,57세,중상
2011011400100463,2011년 1월 14일 20시,금요일,인천광역시 남동구 구월동,경상사고,0,0,1,0,차량단독 - 공작물충돌,안전운전불이행,건조,맑음,단일로 - 기타,승합,남,37세,상해없음,,,,
2011011400100498,2011년 1월 14일 21시,금요일,인천광역시 남동구 논현동,중상사고,0,1,0,0,차대차 - 추돌 - 진행중,안전운전불이행,건조,맑음,교차로 - 교차로부근,승용,남,44세,상해없음,승용,남,60세,중상
2011011400100535,2011년 1월 14일 22시,금요일,인천광역시 연수구 옥련동,중상사고,0,1,0,0,차대차 - 정면충돌,안전운전불이행,습기,맑음,교차로 - 교차로안,승용,남,55세,상해없음,원동기,남,36세,중상
2011011400100568,2011년 1월 14일 23시,금요일,인천광역시 강화군 하점면,사망사고,1,0,0,0,차대사람 - 기타,안전운전불이행,결빙,맑음,단일로 - 기타,승용,여,33세,상해없음,보행자,남,37세,사망
2011011500100027,2011년 1월 15일 00시,토요일,인천광역시 부평구 부개동,중상사고,0,1,1,0,차대차 - 추돌 - 주정차중,안전운전불이행,건조,맑음,교차로 - 교차로부근,승용,여,25세,상해없음,승용,남,31세,경상
2011011500100060,2011년 1월 15일 01시,토요일,인천광역시 부평구 부평동,중상사고,0,1,1,0,차대차 - 추돌 - 주정차중,안전운전불이행,결빙,흐림,교차로 - 교차로부근,승용,남,40세,상해없음,승용,남,42세,경상
2011011500100113,2011년 1월 15일 04시,토요일,인천광역시 서구 가좌동,경상사고,0,0,1,0,차대사람 - 횡단중,신호위반,건조,맑음,단일로 - 횡단보도상,승용,남,53세,상해없음,보행자,여,46세,경상
2011011500100131,2011년 1월 15일 05시,토요일,인천광역시 서구 검암동,중상사고,0,1,0,1,차대차 - 추돌 - 주정차중,중앙선침범,건조,맑음,교차로 - 교차로안,승용,여,24세,부상신고,화물,남,40세,중상
2011011500100161,2011년 1월 15일 07시,토요일,인천광역시 서구 가좌동,중상사고,0,1,0,0,차대사람 - 횡단중,보행자보호의무위반,건조,맑음,교차로 - 교차로안,승합,남,51세,상해없음,보행자,여,56세,중상
2011011500100279,2011년 1월 15일 13시,토요일,인천광역시 남동구 논현동,경상사고,0,0,1,0,차대차 - 측면직각충돌,안전거리미확보,건조,맑음,교차로 - 교차로부근,화물,남,56세,상해없음,승용,남,31세,경상
2011011500100280,2011년 1월 15일 13시,토요일,인천광역시 서구 가좌동,경상사고,0,0,1,0,차대차 - 측면직각충돌,교차로운행방법위반,건조,맑음,교차로 - 교차로안,이륜,남,29세,경상,화물,남,39세,상해없음
2011011500100336,2011년 1월 15일 15시,토요일,인천광역시 서구 불로동,중상사고,0,1,0,0,차대차 - 측면직각충돌,안전운전불이행,건조,맑음,기타 - 기타,이륜,남,45세,중상,승용,여,51세,상해없음
2011011500100363,2011년 1월 15일 16시,토요일,인천광역시 부평구 갈산동,경상사고,0,0,1,0,차대차 - 추돌 - 진행중,안전운전불이행,건조,맑음,교차로 - 교차로부근,승용,남,25세,상해없음,승용,남,28세,경상
2011011500100364,2011년 1월 15일 16시,토요일,인천광역시 중구 중산동,부상신고사고,0,0,0,1,차대차 - 추돌 - 주정차중,안전운전불이행,건조,맑음,단일로 - 교량,승용,남,47세,상해없음,승용,남,24세,상해없음
2011011500100404,2011년 1월 15일 17시,토요일,인천광역시 부평구 십정동,중상사고,0,1,0,0,차대사람 - 기타,안전운전불이행,결빙,맑음,단일로 - 기타,승용,남,53세,상해없음,보행자,남,60세,중상
2011011500100405,2011년 1월 15일 17시,토요일,인천광역시 계양구 계산동,중상사고,0,1,0,0,차대사람 - 차도통행중,안전운전불이행,건조,맑음,단일로 - 기타,승용,남,54세,상해없음,보행자,남,64세,중상
2011011500100406,2011년 1월 15일 17시,토요일,인천광역시 연수구 청학동,중상사고,0,1,0,0,차대사람 - 횡단중,보행자보호의무위반,건조,맑음,교차로 - 교차로부근,승용,남,40세,상해없음,보행자,여,5세,중상
2011011500100450,2011년 1월 15일 18시,토요일,인천광역시 남구 학익동,경상사고,0,0,1,0,차대차 - 기타,안전운전불이행,건조,맑음,기타 - 기타,승용,여,42세,상해없음,승용,남,33세,경상
2011011500100451,2011년 1월 15일 18시,토요일,인천광역시 계양구 작전동,경상사고,0,0,1,0,차대차 - 추돌 - 주정차중,안전운전불이행,건조,맑음,단일로 - 기타,승용,남,48세,상해없음,승용,남,42세,상해없음
2011011500100472,2011년 1월 15일 19시,토요일,인천광역시 남동구 구월동,중상사고,0,1,3,0,차대차 - 측면직각충돌,신호위반,건조,맑음,교차로 - 교차로안,승합,남,50세,상해없음,이륜,남,39세,중상
2011011500100492,2011년 1월 15일 20시,토요일,인천광역시 중구 유동,경상사고,0,0,1,0,차대차 - 추돌 - 주정차중,안전운전불이행,습기,맑음,교차로 - 교차로부근,승용,남,44세,상해없음,승용,여,45세,경상
2011011500100519,2011년 1월 15일 21시,토요일,인천광역시 중구 운서동,중상사고,0,1,1,0,차대차 - 측면직각충돌,안전운전불이행,건조,맑음,교차로 - 교차로안,승용,여,50세,상해없음,화물,남,43세,경상
2011011500100520,2011년 1월 15일 21시,토요일,인천광역시 부평구 십정동,경상사고,0,0,2,0,차대차 - 측면직각충돌,안전거리미확보,건조,맑음,단일로 - 기타,승용,여,46세,상해없음,승용,남,42세,경상
2011011500100521,2011년 1월 15일 21시,토요일,인천광역시 부평구 부평동,경상사고,0,0,2,0,차대차 - 추돌 - 진행중,안전운전불이행,건조,맑음,교차로 - 교차로부근,승용,남,30세,상해없음,승용,여,38세,경상
2011011500100546,2011년 1월 15일 22시,토요일,인천광역시 남구 숭의동,중상사고,0,1,0,0,차대사람 - 횡단중,신호위반,건조,맑음,단일로 - 횡단보도상,승용,남,24세,상해없음,보행자,여,17세,중상
2011011500100547,2011년 1월 15일 22시,토요일,인천광역시 남동구 논현동,중상사고,0,1,0,0,차대차 - 측면직각충돌,신호위반,건조,맑음,교차로 - 교차로안,승용,남,53세,상해없음,승용,남,47세,중상
2011011500100573,2011년 1월 15일 23시,토요일,인천광역시 중구 신흥동3가,경상사고,0,0,1,0,차대차 - 추돌 - 진행중,불법유턴,결빙,맑음,단일로 - 기타,승합,남,71세,상해없음,이륜,남,19세,경상
2011011500100574,2011년 1월 15일 23시,토요일,인천광역시 부평구 부개동,경상사고,0,0,1,0,차대사람 - 길가장자리구역통행중,안전운전불이행,건조,맑음,단일로 - 기타,승용,여,43세,상해없음,보행자,남,37세,경상
2011011600100047,2011년 1월 16일 01시,일요일,인천광역시 남구 주안동,중상사고,0,1,0,0,차대사람 - 차도통행중,안전운전불이행,건조,맑음,단일로 - 기타,승용,남,63세,상해없음,보행자,남,53세,중상
2011011600100048,2011년 1월 16일 01시,일요일,인천광역시 남동구 논현동,중상사고,0,1,1,0,차대차 - 추돌 - 진행중,안전운전불이행,건조,맑음,교차로 - 교차로안,승용,남,45세,상해없음,승용,여,38세,경상
2011011600100081,2011년 1월 16일 03시,일요일,인천광역시 부평구 부평동,경상사고,0,0,1,0,차대차 - 추돌 - 주정차중,안전운전불이행,건조,맑음,교차로 - 교차로부근,승용,남,25세,상해없음,승용,남,50세,상해없음
2011011600100120,2011년 1월 16일 06시,일요일,인천광역시 남구 용현동,경상사고,0,0,1,0,차대차 - 기타,안전운전불이행,결빙,맑음,교차로 - 교차로부근,승용,여,54세,상해없음,승합,남,45세,경상
2011011600100142,2011년 1월 16일 08시,일요일,인천광역시 남구 주안동,중상사고,0,1,0,0,차대사람 - 횡단중,안전운전불이행,건조,맑음,단일로 - 기타,화물,남,40세,상해없음,보행자,남,59세,중상
2011011600100154,2011년 1월 16일 09시,일요일,인천광역시 서구 가정동,경상사고,0,0,1,0,차대차 - 측면직각충돌,안전거리미확보,건조,맑음,단일로 - 기타,승용,남,21세,상해없음,승용,남,48세,경상
2011011600100174,2011년 1월 16일 11시,일요일,인천광역시 연수구 선학동,경상사고,0,0,1,0,차대차 - 측면직각충돌,신호위반,건조,맑음,교차로 - 교차로안,승합,남,29세,상해없음,승용,남,51세,경상
2011011600100249,2011년 1월 16일 15시,일요일,인천광역시 남동구 만수동,경상사고,0,0,1,0,차대차 - 추돌 - 주정차중,안전운전불이행,건조,맑음,단일로 - 기타,승합,기타불명,기타불명,기타불명,승용,남,33세,상해없음
2011011600100282,2011년 1월 16일 16시,일요일,인천광역시 계양구 계산동,중상사고,0,1,0,0,차대사람 - 횡단중,보행자보호의무위반,건조,맑음,교차로 - 교차로부근,승용,여,31세,상해없음,보행자,여,79세,중상
2011011600100283,2011년 1월 16일 16시,일요일,인천광역시 중구 운서동,부상신고사고,0,0,0,1,차대차 - 추돌 - 진행중,안전운전불이행,건조,맑음,단일로 - 기타,승용,남,37세,상해없음,승용,남,49세,부상신고
2011011600100302,2011년 1월 16일 17시,일요일,인천광역시 남구 용현동,경상사고,0,0,4,0,차대차 - 측면직각충돌,신호위반,건조,맑음,교차로 - 교차로안,승용,남,57세,상해없음,화물,남,52세,경상
2011011600100328,2011년 1월 16일 18시,일요일,인천광역시 부평구 산곡동,중상사고,0,1,0,0,차대사람 - 횡단중,안전운전불이행,건조,맑음,단일로 - 횡단보도상,승합,남,46세,상해없음,보행자,남,54세,중상
2011011600100348,2011년 1월 16일 19시,일요일,인천광역시 중구 운서동,중상사고,0,2,0,0,차대차 - 측면직각충돌,안전운전불이행,건조,맑음,단일로 - 기타,승용,남,51세,상해없음,승용,남,26세,중상
2011011600100349,2011년 1월 16일 19시,일요일,인천광역시 서구 백석동,중상사고,0,1,0,0,차량단독 - 공작물충돌,안전운전불이행,건조,맑음,단일로 - 기타,화물,남,50세,상해없음,,,,
2011011600100375,2011년 1월 16일 20시,일요일,인천광역시 남구 학익동,경상사고,0,0,3,0,차대차 - 측면직각충돌,안전운전불이행,건조,맑음,단일로 - 횡단보도부근,승용,남,26세,상해없음,승용,남,50세,경상
2011011600100400,2011년 1월 16일 21시,일요일,인천광역시 중구 운북동,중상사고,0,2,1,1,차량단독 - 공작물충돌,안전운전불이행,건조,흐림,단일로 - 기타,승용,남,25세,부상신고,,,,
2011011600100419,2011년 1월 16일 22시,일요일,인천광역시 부평구 부평동,중상사고,0,1,0,0,차량단독 - 기타,기타,건조,맑음,교차로 - 교차로부근,승합,남,64세,상해없음,,,,
2011011700100011,2011년 1월 17일 00시,월요일,인천광역시 부평구 부평동,경상사고,0,0,1,0,차대차 - 측면직각충돌,교차로운행방법위반,건조,맑음,교차로 - 교차로안,화물,남,47세,상해없음,이륜,남,18세,경상
2011011700100022,2011년 1월 17일 01시,월요일,인천광역시 부평구 산곡동,중상사고,0,1,1,0,차대차 - 추돌 - 진행중,안전운전불이행,건조,맑음,교차로 - 교차로부근,승용,남,46세,상해없음,승용,남,59세,경상
2011011700100051,2011년 1월 17일 05시,월요일,인천광역시 남동구 논현동,중상사고,0,2,0,0,차대차 - 정면충돌,중앙선침범,습기,맑음,단일로 - 기타,승용,남,36세,중상,화물,남,36세,중상
2011011700100052,2011년 1월 17일 05시,월요일,인천광역시 부평구 부개동,중상사고,0,1,0,0,차대사람 - 차도통행중,안전운전불이행,결빙,맑음,단일로 - 기타,이륜,남,45세,상해없음,보행자,여,61세,중상
2011011700100068,2011년 1월 17일 06시,월요일,인천광역시 부평구 십정동,중상사고,0,1,0,0,차대차 - 측면직각충돌,안전운전불이행,건조,맑음,교차로 - 교차로부근,승용,남,60세,상해없음,승용,남,29세,중상
2011011700100069,2011년 1월 17일 06시,월요일,인천광역시 연수구 연수동,중상사고,0,1,0,0,차대사람 - 횡단중,신호위반,건조,맑음,단일로 - 횡단보도상,승용,남,31세,상해없음,보행자,남,39세,중상
2011011700100070,2011년 1월 17일 06시,월요일,인천광역시 부평구 갈산동,경상사고,0,0,4,0,차대차 - 측면직각충돌,교차로운행방법위반,건조,맑음,교차로 - 교차로안,승용,남,60세,경상,승용,남,53세,경상
2011011700100092,2011년 1월 17일 07시,월요일,인천광역시 동구 화수동,경상사고,0,0,2,0,차대차 - 추돌 - 주정차중,안전거리미확보,건조,맑음,교차로 - 교차로안,승용,기타불명,기타불명,기타불명,승용,남,41세,경상
2011011700100093,2011년 1월 17일 07시,월요일,인천광역시 동구 송림동,경상사고,0,0,1,0,차대사람 - 보도통행중,신호위반,건조,맑음,단일로 - 횡단보도상,승용,남,41세,상해없음,보행자,남,40세,경상
2011011700100094,2011년 1월 17일 07시,월요일,인천광역시 남구 용현동,경상사고,0,0,1,0,차대사람 - 횡단중,신호위반,건조,맑음,단일로 - 횡단보도상,승용,남,70세,상해없음,보행자,남,25세,경상
2011011700100095,2011년 1월 17일 07시,월요일,인천광역시 남동구 만수동,중상사고,0,2,0,0,차대사람 - 기타,안전운전불이행,건조,맑음,교차로 - 교차로부근,화물,남,36세,상해없음,보행자,남,29세,중상
2011011700100142,2011년 1월 17일 08시,월요일,인천광역시 부평구 부평동,중상사고,0,1,0,0,차대사람 - 횡단중,보행자보호의무위반,건조,맑음,단일로 - 횡단보도상,승합,여,53세,상해없음,보행자,여,49세,중상
2011011700100143,2011년 1월 17일 08시,월요일,인천광역시 부평구 삼산동,중상사고,0,1,0,0,차대차 - 추돌 - 진행중,안전운전불이행,건조,맑음,단일로 - 기타,승용,남,38세,상해없음,화물,남,37세,중상
2011011700100176,2011년 1월 17일 09시,월요일,인천광역시 남동구 구월동,경상사고,0,0,1,0,차대차 - 측면직각충돌,신호위반,건조,맑음,교차로 - 교차로안,승용,남,67세,상해없음,승용,여,39세,경상
2011011700100177,2011년 1월 17일 09시,월요일,인천광역시 서구 가좌동,경상사고,0,0,1,0,차대차 - 기타,중앙선침범,건조,맑음,교차로 - 교차로부근,승용,남,25세,상해없음,승합,남,33세,경상
2011011700100178,2011년 1월 17일 09시,월요일,인천광역시 계양구 계산동,경상사고,0,0,2,0,차대차 - 측면직각충돌,차로위반,건조,맑음,단일로 - 기타,승용,여,45세,상해없음,승용,남,41세,경상
2011011700100234,2011년 1월 17일 11시,월요일,인천광역시 부평구 부평동,경상사고,0,0,1,0,차대차 - 측면직각충돌,안전운전불이행,건조,맑음,교차로 - 교차로안,자전거,남,76세,경상,승용,여,42세,상해없음
2011011700100280,2011년 1월 17일 13시,월요일,인천광역시 부평구 삼산동,경상사고,0,0,1,0,차대사람 - 차도통행중,불법유턴,건조,맑음,단일로 - 기타,승용,남,35세,상해없음,보행자,여,68세,경상
2011011700100337,2011년 1월 17일 15시,월요일,인천광역시 중구 신생동,경상사고,0,0,1,0,차대사람 - 횡단중,안전운전불이행,건조,맑음,교차로 - 교차로안,승용,남,45세,기타불명,보행자,남,16세,경상
2011011700100338,2011년 1월 17일 15시,월요일,인천광역시 남동구 서창동,경상사고,0,0,1,0,차대차 - 측면직각충돌,안전운전불이행,건조,맑음,단일로 - 횡단보도상,승용,기타불명,기타불명,기타불명,자전거,남,10세,경상
2011011700100339,2011년 1월 17일 15시,월요일,인천광역시 계양구 작전동,경상사고,0,0,1,0,차대사람 - 기타,안전운전불이행,결빙,맑음,단일로 - 기타,승용,여,38세,상해없음,보행자,여,33세,경상
2011011700100369,2011년 1월 17일 16시,월요일,인천광역시 부평구 십정동,경상사고,0,0,1,0,차대차 - 측면직각충돌,교차로운행방법위반,건조,맑음,교차로 - 교차로안,승용,남,53세,상해없음,승용,남,71세,상해없음
2011011700100370,2011년 1월 17일 16시,월요일,인천광역시 부평구 부평동,경상사고,0,0,1,0,차대차 - 측면직각충돌,안전운전불이행,건조,맑음,교차로 - 교차로부근,승용,여,39세,상해없음,승용,여,52세,경상
2011011700100397,2011년 1월 17일 17시,월요일,인천광역시 남구 주안동,경상사고,0,0,1,0,차대차 - 기타,안전운전불이행,건조,맑음,교차로 - 교차로안,승용,여,50세,상해없음,이륜,남,39세,경상
2011011700100447,2011년 1월 17일 18시,월요일,인천광역시 남동구 구월동,중상사고,0,1,0,0,차대사람 - 기타,안전운전불이행,건조,맑음,단일로 - 기타,승합,남,58세,상해없음,보행자,남,60세,중상
2011011700100448,2011년 1월 17일 18시,월요일,인천광역시 서구 왕길동,경상사고,0,0,1,0,차대사람 - 기타,보행자보호의무위반,건조,맑음,단일로 - 횡단보도상,기타불명,기타불명,기타불명,기타불명,보행자,남,10세,경상
2011011700100488,2011년 1월 17일 19시,월요일,인천광역시 부평구 청천동,경상사고,0,0,1,0,차대사람 - 차도통행중,안전운전불이행,건조,맑음,단일로 - 기타,승용,남,39세,상해없음,보행자,여,50세,경상
2011011700100489,2011년 1월 17일 19시,월요일,인천광역시 서구 검암동,경상사고,0,0,1,0,차대사람 - 차도통행중,안전운전불이행,습기,맑음,단일로 - 기타,승용,남,56세,상해없음,보행자,남,54세,경상
2011011700100531,2011년 1월 17일 20시,월요일,인천광역시 남구 주안동,경상사고,0,0,2,0,차대차 - 추돌 - 주정차중,안전운전불이행,건조,맑음,교차로 - 교차로안,승용,남,28세,상해없음,승용,남,29세,경상
2011011700100532,2011년 1월 17일 20시,월요일,인천광역시 남동구 간석동,중상사고,0,1,0,0,차대사람 - 차도통행중,안전운전불이행,건조,맑음,단일로 - 기타,승용,남,31세,상해없음,보행자,여,71세,중상
2011011700100533,2011년 1월 17일 20시,월요일,인천광역시 남동구 간석동,중상사고,0,1,0,0,차대사람 - 횡단중,안전운전불이행,건조,맑음,단일로 - 기타,승용,남,49세,상해없음,보행자,여,50세,중상
2011011700100534,2011년 1월 17일 20시,월요일,인천광역시 연수구 연수동,중상사고,0,1,0,0,차대차 - 측면직각충돌,안전운전불이행,건조,맑음,교차로 - 교차로안,승용,남,51세,상해없음,이륜,남,17세,중상
2011011700100558,2011년 1월 17일 21시,월요일,인천광역시 남동구 논현동,중상사고,0,1,2,0,차대차 - 추돌 - 주정차중,안전운전불이행,건조,맑음,교차로 - 교차로부근,승용,남,27세,상해없음,승용,남,56세,중상
2011011700100559,2011년 1월 17일 21시,월요일,인천광역시 남동구 구월동,중상사고,0,1,2,0,차대차 - 정면충돌,중앙선침범,건조,맑음,교차로 - 교차로부근,승용,남,39세,상해없음,승용,남,27세,경상
2011011700100613,2011년 1월 17일 23시,월요일,인천광역시 남구 주안동,경상사고,0,0,1,0,차대사람 - 횡단중,보행자보호의무위반,건조,맑음,단일로 - 횡단보도상,승합,남,58세,상해없음,보행자,남,33세,경상
2011011800100025,2011년 1월 18일 00시,화요일,인천광역시 남동구 간석동,경상사고,0,0,1,0,차대차 - 측면직각충돌,안전거리미확보,건조,맑음,단일로 - 기타,승용,남,58세,상해없음,승용,남,54세,경상
2011011800100026,2011년 1월 18일 00시,화요일,인천광역시 서구 가좌동,경상사고,0,0,2,0,차대차 - 추돌 - 진행중,안전운전불이행,건조,맑음,단일로 - 교량,승용,남,30세,상해없음,승용,남,53세,상해없음
2011011800100067,2011년 1월 18일 02시,화요일,인천광역시 남동구 간석동,경상사고,0,0,2,0,차대차 - 기타,안전운전불이행,건조,맑음,단일로 - 기타,승용,남,26세,상해없음,승용,남,28세,경상
2011011800100077,2011년 1월 18일 03시,화요일,인천광역시 서구 가좌동,경상사고,0,0,1,0,차대차 - 측면직각충돌,중앙선침범,건조,맑음,단일로 - 기타,승용,남,26세,상해없음,승용,남,50세,상해없음
2011011800100086,2011년 1월 18일 04시,화요일,인천광역시 계양구 계산동,중상사고,0,1,0,0,차대차 - 추돌 - 주정차중,안전거리미확보,결빙,흐림,단일로 - 교량,화물,여,47세,상해없음,특수,남,29세,중상
2011011800100097,2011년 1월 18일 05시,화요일,인천광역시 계양구 병방동,중상사고,0,1,0,0,차대차 - 측면직각충돌,신호위반,건조,맑음,교차로 - 교차로안,승용,남,56세,상해없음,승용,남,52세,중상
2011011800100117,2011년 1월 18일 06시,화요일,인천광역시 서구 검암동,경상사고,0,0,2,0,차대차 - 측면직각충돌,안전운전불이행,결빙,맑음,단일로 - 기타,승용,남,40세,상해없음,승용,남,64세,경상
2011011800100118,2011년 1월 18일 06시,화요일,인천광역시 남동구 남촌동,경상사고,0,0,2,0,차대차 - 기타,안전거리미확보,건조,맑음,단일로 - 기타,승합,남,37세,상해없음,승용,남,25세,경상
2011011800100135,2011년 1월 18일 07시,화요일,인천광역시 서구 원창동,중상사고,0,1,0,0,차대사람 - 기타,안전운전불이행,건조,맑음,단일로 - 기타,승합,남,43세,상해없음,보행자,남,38세,중상
2011011800100136,2011년 1월 18일 07시,화요일,인천광역시 계양구 작전동,경상사고,0,0,1,0,차대차 - 측면직각충돌,신호위반,건조,맑음,교차로 - 교차로안,승합,남,47세,상해없음,승합,남,67세,상해없음
2011011800100137,2011년 1월 18일 07시,화요일,인천광역시 부평구 삼산동,경상사고,0,0,4,0,차대차 - 추돌 - 진행중,차로위반,건조,맑음,단일로 - 기타,승용,남,58세,상해없음,승용,남,56세,경상
2011011800100157,2011년 1월 18일 08시,화요일,인천광역시 계양구 임학동,중상사고,0,1,0,0,차대차 - 추돌 - 주정차중,안전운전불이행,건조,맑음,단일로 - 횡단보도부근,승용,남,29세,상해없음,승용,여,52세,중상
2011011800100158,2011년 1월 18일 08시,화요일,인천광역시 연수구 선학동,경상사고,0,0,1,0,차대차 - 측면직각충돌,교차로운행방법위반,건조,맑음,교차로 - 교차로안,화물,남,47세,상해없음,승용,남,47세,경상
2011011800100181,2011년 1월 18일 09시,화요일,인천광역시 동구 송림동,중상사고,0,1,0,0,차대차 - 기타,안전운전불이행,건조,맑음,단일로 - 기타,화물,남,49세,상해없음,자전거,남,73세,중상
2011011800100182,2011년 1월 18일 09시,화요일,인천광역시 남구 학익동,경상사고,0,0,1,0,차대차 - 추돌 - 진행중,안전운전불이행,건조,맑음,기타 - 기타,승용,남,51세,상해없음,승용,남,23세,경상
2011011800100183,2011년 1월 18일 09시,화요일,인천광역시 남동구 간석동,중상사고,0,1,0,0,차대사람 - 횡단중,안전운전불이행,건조,맑음,기타 - 기타,승합,남,49세,상해없음,보행자,여,47세,중상
2011011800100184,2011년 1월 18일 09시,화요일,인천광역시 서구 가좌동,경상사고,0,0,1,0,차대차 - 기타,안전운전불이행,건조,맑음,단일로 - 기타,건설기계,남,43세,상해없음,승용,남,55세,경상
2011011800100185,2011년 1월 18일 09시,화요일,인천광역시 부평구 삼산동,경상사고,0,0,1,0,차대사람 - 횡단중,신호위반,건조,맑음,단일로 - 횡단보도상,화물,남,34세,상해없음,보행자,여,54세,경상
2011011800100210,2011년 1월 18일 10시,화요일,인천광역시 남동구 장수동,중상사고,0,2,0,0,차대사람 - 차도통행중,안전운전불이행,건조,맑음,단일로 - 기타,승용,남,43세,상해없음,보행자,여,46세,중상
2011011800100224,2011년 1월 18일 11시,화요일,인천광역시 중구 항동7가,중상사고,0,1,0,0,차대차 - 측면직각충돌,신호위반,건조,맑음,교차로 - 교차로안,화물,남,41세,상해없음,화물,남,58세,중상
2011011800100225,2011년 1월 18일 11시,화요일,인천광역시 계양구 박촌동,경상사고,0,0,1,0,차대차 - 측면직각충돌,안전운전불이행,건조,맑음,단일로 - 기타,승용,여,33세,상해없음,승용,남,47세,경상
2011011800100274,2011년 1월 18일 13시,화요일,인천광역시 중구 항동7가,경상사고,0,0,1,0,차대차 - 측면직각충돌,중앙선침범,건조,맑음,단일로 - 기타,승용,남,58세,상해없음,화물,남,71세,경상
2011011800100295,2011년 1월 18일 14시,화요일,인천광역시 남동구 고잔동,경상사고,0,0,1,0,차대차 - 측면직각충돌,신호위반,건조,맑음,교차로 - 교차로안,승용,남,43세,상해없음,화물,남,26세,경상
2011011800100359,2011년 1월 18일 17시,화요일,인천광역시 강화군 내가면,경상사고,0,0,1,0,차대차 - 기타,안전운전불이행,건조,맑음,단일로 - 기타,승용,여,19세,경상,승용,여,38세,상해없음
2011011800100393,2011년 1월 18일 18시,화요일,인천광역시 연수구 연수동,경상사고,0,0,1,0,차대사람 - 횡단중,안전운전불이행,건조,맑음,교차로 - 교차로부근,승용,여,42세,상해없음,보행자,여,29세,경상
2011011800100394,2011년 1월 18일 18시,화요일,인천광역시 부평구,중상사고,0,1,0,0,차대사람 - 횡단중,보행자보호의무위반,건조,맑음,단일로 - 횡단보도상,승용,남,47세,상해없음,보행자,남,66세,중상
2011011800100437,2011년 1월 18일 19시,화요일,인천광역시 남동구 구월동,경상사고,0,0,1,0,차대차 - 추돌 - 진행중,안전운전불이행,건조,맑음,단일로 - 기타,승용,남,50세,상해없음,승용,남,53세,경상
2011011800100438,2011년 1월 18일 19시,화요일,인천광역시 남동구 수산동,중상사고,0,2,3,0,차대차 - 추돌 - 주정차중,안전운전불이행,건조,맑음,교차로 - 교차로부근,승용,남,40세,상해없음,승용,여,41세,중상
2011011800100439,2011년 1월 18일 19시,화요일,인천광역시 서구 가정동,경상사고,0,0,1,0,차량단독 - 기타,안전운전불이행,건조,맑음,단일로 - 기타,승합,남,41세,상해없음,,,,
2011011800100471,2011년 1월 18일 20시,화요일,인천광역시 동구 송림동,경상사고,0,0,1,0,차대차 - 측면직각충돌,안전거리미확보,건조,맑음,교차로 - 교차로부근,승용,남,38세,상해없음,원동기,남,45세,경상
2011011800100472,2011년 1월 18일 20시,화요일,인천광역시 남동구 논현동,중상사고,0,2,5,0,차대차 - 추돌 - 진행중,안전운전불이행,건조,맑음,교차로 - 교차로부근,승용,남,44세,상해없음,승용,여,49세,중상
2011011800100525,2011년 1월 18일 22시,화요일,인천광역시 남동구 구월동,중상사고,0,1,0,0,차대차 - 기타,신호위반,건조,맑음,교차로 - 교차로안,승합,남,56세,상해없음,이륜,남,17세,중상
2011011800100526,2011년 1월 18일 22시,화요일,인천광역시 서구 공촌동,경상사고,0,0,2,0,차대차 - 추돌 - 주정차중,안전거리미확보,건조,맑음,교차로 - 교차로부근,승용,남,35세,상해없음,승용,여,37세,경상
2011011800100527,2011년 1월 18일 22시,화요일,인천광역시 연수구 청학동,중상사고,0,2,0,0,차대차 - 측면직각충돌,안전운전불이행,건조,맑음,단일로 - 기타,승용,남,38세,상해없음,승용,남,33세,중상
2011011900100013,2011년 1월 19일 00시,수요일,인천광역시 연수구 동춘동,중상사고,0,1,0,0,차대사람 - 횡단중,신호위반,건조,맑음,단일로 - 횡단보도상,승용,남,45세,상해없음,보행자,남,44세,중상
2011011900100028,2011년 1월 19일 01시,수요일,인천광역시 남동구 남촌동,경상사고,0,0,1,0,차대차 - 추돌 - 진행중,안전운전불이행,건조,맑음,단일로 - 기타,승용,남,22세,상해없음,승용,남,53세,상해없음
2011011900100038,2011년 1월 19일 02시,수요일,인천광역시 남동구 구월동,중상사고,0,1,0,0,차대사람 - 횡단중,안전운전불이행,건조,맑음,단일로 - 기타,기타불명,기타불명,기타불명,기타불명,보행자,남,41세,중상
2011011900100047,2011년 1월 19일 03시,수요일,인천광역시 남동구 구월동,중상사고,0,2,0,0,차대차 - 추돌 - 진행중,안전운전불이행,건조,맑음,단일로 - 기타,승용,남,36세,상해없음,승용,남,39세,중상
2011011900100066,2011년 1월 19일 05시,수요일,인천광역시 부평구 효성동,경상사고,0,0,2,0,차대차 - 추돌 - 진행중,안전운전불이행,건조,맑음,단일로 - 기타,승용,남,26세,상해없음,승용,남,46세,경상
2011011900100104,2011년 1월 19일 07시,수요일,인천광역시 서구 경서동,경상사고,0,0,1,0,차량단독 - 공작물충돌,안전운전불이행,건조,흐림,단일로 - 기타,승용,남,55세,상해없음,,,,
2011011900100127,2011년 1월 19일 08시,수요일,인천광역시 부평구 십정동,중상사고,0,1,0,0,차대차 - 측면직각충돌,기타,건조,맑음,단일로 - 기타,승용,여,45세,상해없음,승용,남,63세,상해없음