사고번호,사고일시,요일,시군구,사고내용,사망자수,중상자수,경상자수,부상신고자수,사고유형,법규위반,노면상태,기상상태,도로형태,가해운전자 차종,가해운전자 성별,가해운전자 연령,가해운전자 상해정도,피해운전자 차종,피해운전자 성별,피해운전자 연령,피해운전자 상해정도
2011012200100453,2011년 1월 22일 18시,토요일,인천광역시 부평구 부평동,경상사고,0,0,1,0,차대차 - 정면충돌,중앙선침범,건조,맑음,단일로 - 횡단보도부근,승용,남,45세,상해없음,승용,여,41세,경상
2011012200100454,2011년 1월 22일 18시,토요일,인천광역시 부평구 부개동,경상사고,0,0,1,0,차대차 - 추돌 - 진행중,안전운전불이행,건조,맑음,단일로 - 기타,승용,남,40세,상해없음,이륜,남,19세,경상
2011012200100494,2011년 1월 22일 19시,토요일,인천광역시 서구 가좌동,경상사고,0,0,3,0,차대차 - 측면직각충돌,교차로운행방법위반,건조,맑음,교차로 - 교차로안,승합,남,57세,상해없음,승용,남,49세,경상
2011012200100517,2011년 1월 22일 20시,토요일,인천광역시 남구 용현동,사망사고,1,0,0,0,차대사람 - 기타,불법유턴,건조,맑음,교차로 - 교차로부근,건설기계,남,62세,상해없음,보행자,여,74세,사망
2011012200100518,2011년 1월 22일 20시,토요일,인천광역시 남동구 간석동,경상사고,0,0,3,0,차대차 - 측면직각충돌,차로위반,건조,맑음,교차로 - 교차로부근,승용,여,25세,기타불명,승용,남,54세,경상
2011012200100519,2011년 1월 22일 20시,토요일,인천광역시 남동구 간석동,부상신고사고,0,0,0,1,차대차 - 측면직각충돌,안전거리미확보,건조,맑음,교차로 - 교차로부근,승용,남,64세,부상신고,승합,남,37세,상해없음
2011012200100520,2011년 1월 22일 20시,토요일,인천광역시 연수구 청학동,중상사고,0,1,0,0,차대차 - 기타,교차로운행방법위반,건조,맑음,교차로 - 교차로안,승용,남,47세,상해없음,원동기,남,33세,중상
2011012200100551,2011년 1월 22일 21시,토요일,인천광역시 남동구 만수동,경상사고,0,0,3,0,차대차 - 측면직각충돌,안전운전불이행,결빙,맑음,교차로 - 교차로안,승용,남,37세,상해없음,승합,남,28세,경상
2011012200100580,2011년 1월 22일 22시,토요일,인천광역시 서구 가정동,경상사고,0,0,1,0,차대사람 - 기타,중앙선침범,습기,맑음,단일로 - 기타,원동기,남,18세,상해없음,보행자,남,55세,경상
2011012200100581,2011년 1월 22일 22시,토요일,인천광역시 계양구 효성동,경상사고,0,0,1,0,차대차 - 기타,중앙선침범,습기,맑음,교차로 - 교차로안,승용,남,51세,상해없음,원동기,남,16세,경상
2011012200100582,2011년 1월 22일 22시,토요일,인천광역시 연수구 송도동,경상사고,0,0,2,0,차대차 - 추돌 - 주정차중,안전운전불이행,습기,흐림,교차로 - 교차로부근,승용,남,38세,상해없음,승용,남,31세,경상
2011012200100619,2011년 1월 22일 23시,토요일,인천광역시 남동구 간석동,경상사고,0,0,1,0,차대차 - 추돌 - 진행중,안전거리미확보,건조,맑음,단일로 - 기타,승용,남,60세,상해없음,이륜,남,19세,경상
2011012300100022,2011년 1월 23일 00시,일요일,인천광역시 남구 주안동,중상사고,0,1,1,0,차대차 - 측면직각충돌,중앙선침범,건조,맑음,교차로 - 교차로부근,승용,남,41세,상해없음,승용,남,45세,중상
2011012300100023,2011년 1월 23일 00시,일요일,인천광역시 남구 도화동,경상사고,0,0,1,0,차대차 - 추돌 - 주정차중,안전운전불이행,건조,맑음,교차로 - 교차로부근,승용,남,29세,상해없음,승용,남,55세,경상
2011012300100024,2011년 1월 23일 00시,일요일,인천광역시 서구 가좌동,경상사고,0,0,2,0,차대차 - 기타,차로위반,건조,맑음,단일로 - 기타,승용,남,38세,상해없음,승용,남,18세,경상
2011012300100043,2011년 1월 23일 01시,일요일,인천광역시 남구 주안동,경상사고,0,0,1,0,차대차 - 측면직각충돌,안전거리미확보,건조,맑음,교차로 - 교차로부근,이륜,남,16세,상해없음,승용,남,37세,상해없음
2011012300100044,2011년 1월 23일 01시,일요일,인천광역시 남동구 구월동,경상사고,0,0,2,0,차대차 - 기타,안전운전불이행,건조,맑음,단일로 - 기타,화물,남,45세,상해없음,승용,남,25세,경상
2011012300100045,2011년 1월 23일 01시,일요일,인천광역시 남동구 간석동,경상사고,0,0,1,0,차대차 - 추돌 - 주정차중,안전운전불이행,건조,맑음,단일로 - 기타,승용,남,31세,상해없음,승용,남,26세,경상
2011012300100046,2011년 1월 23일 01시,일요일,인천광역시 계양구 효성동,경상사고,0,0,2,0,차대차 - 측면직각충돌,안전운전불이행,건조,맑음,단일로 - 기타,승용,남,18세,상해없음,승용,남,32세,경상
2011012300100075,2011년 1월 23일 03시,일요일,인천광역시 중구 중산동,경상사고,0,0,1,0,차대차 - 추돌 - 진행중,안전거리미확보,건조,흐림,단일로 - 기타,승용,남,29세,상해없음,승용,남,38세,경상
2011012300100097,2011년 1월 23일 05시,일요일,인천광역시 계양구 작전동,경상사고,0,0,3,0,차대차 - 측면직각충돌,안전운전불이행,건조,맑음,교차로 - 교차로부근,승용,남,27세,상해없음,승용,남,46세,경상
2011012300100098,2011년 1월 23일 05시,일요일,인천광역시 계양구 박촌동,중상사고,0,1,0,0,차대차 - 추돌 - 진행중,안전운전불이행,건조,맑음,단일로 - 기타,승용,남,49세,상해없음,화물,남,47세,중상
2011012300100105,2011년 1월 23일 06시,일요일,인천광역시 부평구 부평동,경상사고,0,0,1,0,차대사람 - 차도통행중,안전운전불이행,건조,흐림,교차로 - 교차로안,승용,남,61세,상해없음,보행자,남,21세,경상
2011012300100134,2011년 1월 23일 09시,일요일,인천광역시 남동구 구월동,중상사고,0,1,0,0,차대차 - 기타,신호위반,건조,흐림,교차로 - 교차로안,승용,남,54세,상해없음,승용,남,32세,상해없음
2011012300100143,2011년 1월 23일 10시,일요일,인천광역시 남동구 구월동,경상사고,0,0,1,0,차대차 - 측면직각충돌,안전운전불이행,건조,맑음,단일로 - 횡단보도상,승용,여,35세,상해없음,자전거,여,26세,경상
2011012300100144,2011년 1월 23일 10시,일요일,인천광역시 계양구 작전동,경상사고,0,0,1,0,차대차 - 측면직각충돌,안전운전불이행,건조,맑음,단일로 - 기타,승용,남,54세,상해없음,원동기,남,23세,경상
2011012300100175,2011년 1월 23일 12시,일요일,인천광역시 남동구 서창동,중상사고,0,1,2,0,차대차 - 기타,안전거리미확보,습기,눈,단일로 - 기타,승용,남,37세,상해없음,승용,남,32세,경상
2011012300100199,2011년 1월 23일 13시,일요일,인천광역시 남동구 만수동,경상사고,0,0,1,0,차대차 - 추돌 - 주정차중,안전운전불이행,적설,눈,단일로 - 기타,승용,남,43세,상해없음,승용,여,31세,경상
2011012300100200,2011년 1월 23일 13시,일요일,인천광역시 계양구 상야동,중상사고,0,4,1,0,차대차 - 측면직각충돌,중앙선침범,적설,눈,단일로 - 기타,승용,남,42세,상해없음,승용,여,41세,중상
2011012300100201,2011년 1월 23일 13시,일요일,인천광역시 계양구 귤현동,중상사고,0,3,4,0,차대차 - 기타,중앙선침범,적설,맑음,단일로 - 기타,승용,남,41세,상해없음,승용,남,46세,중상
2011012300100237,2011년 1월 23일 14시,일요일,인천광역시 중구 인현동,경상사고,0,0,2,0,차대차 - 추돌 - 진행중,안전거리미확보,적설,눈,단일로 - 기타,승용,남,29세,상해없음,화물,남,32세,경상
2011012300100238,2011년 1월 23일 14시,일요일,인천광역시 남구 용현동,중상사고,0,1,1,0,차대차 - 측면직각충돌,중앙선침범,적설,눈,단일로 - 기타,승용,남,56세,상해없음,승용,남,42세,경상
2011012300100239,2011년 1월 23일 14시,일요일,인천광역시 남동구 간석동,중상사고,0,1,0,0,차대차 - 정면충돌,안전운전불이행,적설,눈,단일로 - 기타,승용,남,46세,상해없음,승용,남,40세,중상
2011012300100269,2011년 1월 23일 15시,일요일,인천광역시 부평구 청천동,경상사고,0,0,4,0,차대차 - 정면충돌,안전운전불이행,적설,눈,단일로 - 기타,승용,남,68세,상해없음,승용,남,47세,경상
2011012300100270,2011년 1월 23일 15시,일요일,인천광역시 남동구 장수동,중상사고,0,2,5,0,차대차 - 측면직각충돌,중앙선침범,적설,눈,단일로 - 기타,승용,여,25세,상해없음,승용,남,47세,상해없음
2011012300100271,2011년 1월 23일 15시,일요일,인천광역시 서구 석남동,중상사고,0,1,2,0,차대차 - 측면직각충돌,교차로운행방법위반,결빙,눈,교차로 - 교차로안,승용,남,51세,상해없음,승용,여,41세,경상
2011012300100387,2011년 1월 23일 18시,일요일,인천광역시 연수구 옥련동,경상사고,0,0,4,0,차대차 - 측면직각충돌,안전운전불이행,적설,눈,단일로 - 기타,승합,남,50세,상해없음,승용,남,45세,경상
2011012300100388,2011년 1월 23일 18시,일요일,인천광역시 서구 경서동,중상사고,0,3,1,0,차대차 - 측면직각충돌,안전운전불이행,결빙,흐림,단일로 - 기타,승용,남,44세,상해없음,승합,남,56세,경상
2011012300100389,2011년 1월 23일 18시,일요일,인천광역시 부평구 서운동,경상사고,0,0,1,0,차대차 - 측면직각충돌,안전운전불이행,결빙,흐림,단일로 - 기타,승용,남,49세,상해없음,승용,남,49세,상해없음
2011012300100417,2011년 1월 23일 19시,일요일,인천광역시 강화군 길상면,중상사고,0,1,0,0,차대사람 - 기타,안전운전불이행,적설,눈,단일로 - 기타,승용,남,33세,상해없음,보행자,남,55세,중상
2011012300100440,2011년 1월 23일 20시,일요일,인천광역시 남구 주안동,경상사고,0,0,1,0,차대사람 - 기타,안전운전불이행,결빙,눈,단일로 - 횡단보도부근,승용,남,51세,상해없음,보행자,여,21세,경상
2011012300100500,2011년 1월 23일 23시,일요일,인천광역시 부평구 십정동,경상사고,0,0,1,0,차대사람 - 횡단중,안전운전불이행,적설,맑음,단일로 - 횡단보도부근,승용,남,24세,상해없음,보행자,남,35세,경상
2011012400100014,2011년 1월 24일 00시,월요일,인천광역시 남구 주안동,경상사고,0,0,2,0,차대차 - 추돌 - 주정차중,안전거리미확보,결빙,눈,단일로 - 기타,승용,남,46세,상해없음,승용,남,44세,경상
2011012400100044,2011년 1월 24일 04시,월요일,인천광역시 부평구 부평동,경상사고,0,0,1,0,차대차 - 측면직각충돌,안전운전불이행,결빙,맑음,교차로 - 교차로부근,승용,여,21세,상해없음,승용,남,25세,경상
2011012400100062,2011년 1월 24일 06시,월요일,인천광역시 중구 운서동,중상사고,0,2,0,0,차대차 - 추돌 - 진행중,안전운전불이행,결빙,눈,단일로 - 기타,승합,남,54세,상해없음,승용,남,64세,중상
2011012400100080,2011년 1월 24일 07시,월요일,인천광역시 서구 석남동,중상사고,0,1,0,1,차량단독 - 공작물충돌,안전운전불이행,적설,흐림,단일로 - 기타,승용,여,53세,부상신고,,,,
2011012400100081,2011년 1월 24일 07시,월요일,인천광역시 서구 가좌동,경상사고,0,0,1,0,차대차 - 추돌 - 진행중,중앙선침범,결빙,맑음,교차로 - 교차로부근,승용,남,41세,상해없음,승용,여,44세,경상
2011012400100124,2011년 1월 24일 08시,월요일,인천광역시 남구 도화동,경상사고,0,0,2,0,차대사람 - 기타,신호위반,결빙,맑음,교차로 - 교차로안,승합,남,40세,상해없음,보행자,여,25세,경상
2011012400100125,2011년 1월 24일 08시,월요일,인천광역시 남구 용현동,경상사고,0,0,2,0,차대차 - 추돌 - 주정차중,안전운전불이행,건조,맑음,교차로 - 교차로부근,승용,남,57세,상해없음,승용,남,54세,경상
2011012400100126,2011년 1월 24일 08시,월요일,인천광역시 남구 도화동,경상사고,0,0,1,0,차대차 - 기타,안전운전불이행,기타,맑음,교차로 - 교차로부근,승합,남,31세,상해없음,승용,남,22세,경상
2011012400100127,2011년 1월 24일 08시,월요일,인천광역시 남동구 논현동,중상사고,0,2,3,0,차대차 - 측면직각충돌,신호위반,건조,맑음,교차로 - 교차로안,승용,남,25세,상해없음,승용,남,35세,중상
2011012400100128,2011년 1월 24일 08시,월요일,인천광역시 계양구 병방동,경상사고,0,0,2,0,차대차 - 측면직각충돌,안전운전불이행,적설,맑음,단일로 - 기타,승용,남,52세,상해없음,화물,기타불명,기타불명,기타불명
2011012400100129,2011년 1월 24일 08시,월요일,인천광역시 계양구 박촌동,경상사고,0,0,4,1,차대차 - 추돌 - 주정차중,안전운전불이행,적설,눈,단일로 - 기타,승합,남,68세,상해없음,승합,남,34세,상해없음
2011012400100130,2011년 1월 24일 08시,월요일,인천광역시 계양구 임학동,경상사고,0,0,1,0,차대차 - 기타,안전운전불이행,건조,맑음,교차로 - 교차로부근,승용,여,19세,상해없음,승용,여,50세,경상
2011012400100176,2011년 1월 24일 09시,월요일,인천광역시 중구 운서동,경상사고,0,0,1,0,차대사람 - 기타,안전운전불이행,습기,맑음,단일로 - 기타,승합,남,41세,상해없음,보행자,남,30세,경상
2011012400100177,2011년 1월 24일 09시,월요일,인천광역시 중구 을왕동,중상사고,0,1,0,0,차대사람 - 길가장자리구역통행중,안전운전불이행,결빙,맑음,단일로 - 기타,승합,남,27세,상해없음,보행자,여,66세,중상
2011012400100178,2011년 1월 24일 09시,월요일,인천광역시 남구 도화동,경상사고,0,0,2,0,차대차 - 측면직각충돌,중앙선침범,결빙,눈,기타 - 기타,승용,남,30세,상해없음,승용,남,37세,경상
2011012400100179,2011년 1월 24일 09시,월요일,인천광역시 서구 가좌동,경상사고,0,0,1,0,차대차 - 측면직각충돌,교차로운행방법위반,적설,눈,교차로 - 교차로안,승용,남,53세,상해없음,원동기,남,46세,경상
2011012400100180,2011년 1월 24일 09시,월요일,인천광역시 서구 시천동,경상사고,0,0,1,0,차대차 - 추돌 - 진행중,안전거리미확보,결빙,맑음,단일로 - 기타,승용,남,29세,상해없음,승용,여,36세,경상
2011012400100221,2011년 1월 24일 10시,월요일,인천광역시 중구 항동7가,경상사고,0,0,1,0,차대차 - 측면직각충돌,신호위반,결빙,흐림,교차로 - 교차로안,승용,남,69세,상해없음,화물,남,52세,상해없음
2011012400100222,2011년 1월 24일 10시,월요일,인천광역시 서구 가좌동,중상사고,0,1,0,0,차대사람 - 길가장자리구역통행중,안전운전불이행,건조,맑음,교차로 - 교차로안,승합,남,54세,상해없음,보행자,여,46세,중상
2011012400100245,2011년 1월 24일 11시,월요일,인천광역시 남구 학익동,경상사고,0,0,1,0,차량단독 - 기타,안전운전불이행,건조,맑음,단일로 - 기타,승합,남,50세,상해없음,,,,
2011012400100246,2011년 1월 24일 11시,월요일,인천광역시 남구 주안동,중상사고,0,1,0,0,차대차 - 기타,신호위반,결빙,눈,교차로 - 교차로부근,승용,여,34세,상해없음,승용,남,24세,중상
2011012400100247,2011년 1월 24일 11시,월요일,인천광역시 부평구 부평동,중상사고,0,2,2,1,차대차 - 추돌 - 주정차중,안전운전불이행,결빙,눈,단일로 - 기타,승합,남,40세,상해없음,승합,남,45세,중상
2011012400100248,2011년 1월 24일 11시,월요일,인천광역시 서구 석남동,경상사고,0,0,2,0,차대차 - 추돌 - 주정차중,안전운전불이행,결빙,맑음,단일로 - 횡단보도부근,승합,남,41세,상해없음,승용,여,42세,경상
2011012400100271,2011년 1월 24일 12시,월요일,인천광역시 남구 주안동,중상사고,0,1,0,0,차대차 - 추돌 - 진행중,안전운전불이행,적설,맑음,교차로 - 교차로부근,승합,남,31세,상해없음,승용,여,49세,중상
2011012400100327,2011년 1월 24일 14시,월요일,인천광역시 서구 연희동,경상사고,0,0,1,0,차대사람 - 기타,안전운전불이행,건조,맑음,단일로 - 기타,화물,남,68세,상해없음,보행자,여,56세,경상
2011012400100348,2011년 1월 24일 15시,월요일,인천광역시 부평구 십정동,경상사고,0,0,2,0,차대차 - 측면직각충돌,안전운전불이행,건조,맑음,교차로 - 교차로부근,화물,남,29세,상해없음,승용,여,53세,경상
2011012400100349,2011년 1월 24일 15시,월요일,인천광역시 계양구 박촌동,경상사고,0,0,1,0,차대차 - 추돌 - 진행중,안전운전불이행,결빙,맑음,단일로 - 기타,승용,남,50세,상해없음,승용,여,39세,경상
2011012400100398,2011년 1월 24일 17시,월요일,인천광역시 계양구 작전동,경상사고,0,0,1,0,차대차 - 추돌 - 주정차중,안전거리미확보,적설,맑음,교차로 - 교차로부근,승용,남,55세,상해없음,승용,남,33세,경상
2011012400100399,2011년 1월 24일 17시,월요일,인천광역시 부평구 부개동,경상사고,0,0,1,0,차대사람 - 길가장자리구역통행중,안전운전불이행,건조,맑음,단일로 - 기타,승용,여,33세,상해없음,보행자,남,23세,경상
2011012400100438,2011년 1월 24일 18시,월요일,인천광역시 남구 도화동,부상신고사고,0,0,0,1,차대사람 - 횡단중,안전운전불이행,건조,맑음,교차로 - 교차로부근,승합,남,35세,상해없음,보행자,남,11세,부상신고
2011012400100439,2011년 1월 24일 18시,월요일,인천광역시 서구 경서동,경상사고,0,0,2,0,차대차 - 측면직각충돌,안전운전불이행,건조,맑음,단일로 - 기타,승용,남,46세,상해없음,화물,기타불명,기타불명,기타불명
2011012400100469,2011년 1월 24일 19시,월요일,인천광역시 남구 도화동,경상사고,0,0,3,0,차대차 - 추돌 - 진행중,안전운전불이행,건조,맑음,교차로 - 교차로부근,승용,남,56세,상해없음,승용,남,52세,상해없음
2011012400100470,2011년 1월 24일 19시,월요일,인천광역시 서구 백석동,경상사고,0,0,4,0,차대차 - 측면직각충돌,안전운전불이행,건조,맑음,교차로 - 교차로부근,화물,남,54세,상해없음,승용,여,49세,경상
2011012400100471,2011년 1월 24일 19시,월요일,인천광역시 연수구 동춘동,경상사고,0,0,1,0,차대차 - 기타,안전운전불이행,건조,맑음,교차로 - 교차로안,승용,남,40세,상해없음,승용,남,31세,경상
2011012400100489,2011년 1월 24일 20시,월요일,인천광역시 남동구 구월동,경상사고,0,0,3,0,차대차 - 추돌 - 주정차중,안전운전불이행,건조,맑음,단일로 - 기타,승용,남,35세,상해없음,승용,남,52세,경상
2011012400100516,2011년 1월 24일 21시,월요일,인천광역시 중구 운서동,중상사고,0,1,0,0,차대차 - 추돌 - 진행중,안전운전불이행,결빙,흐림,교차로 - 교차로부근,승용,남,37세,상해없음,화물,남,36세,중상
2011012400100538,2011년 1월 24일 22시,월요일,인천광역시 부평구 청천동,경상사고,0,0,1,0,차량단독 - 기타,안전운전불이행,습기,맑음,단일로 - 기타,승합,남,52세,기타불명,,,,
2011012400100539,2011년 1월 24일 22시,월요일,인천광역시 부평구 부개동,경상사고,0,0,1,0,차대차 - 측면직각충돌,안전운전불이행,건조,맑음,교차로 - 교차로부근,승용,남,18세,상해없음,승합,기타불명,기타불명,기타불명
2011012400100557,2011년 1월 24일 23시,월요일,인천광역시 계양구 작전동,경상사고,0,0,1,0,차대차 - 추돌 - 주정차중,안전운전불이행,건조,맑음,교차로 - 교차로부근,승용,남,45세,상해없음,승합,남,44세,상해없음
2011012500100044,2011년 1월 25일 02시,화요일,인천광역시 부평구 부평동,경상사고,0,0,2,0,차대차 - 정면충돌,안전운전불이행,건조,맑음,교차로 - 교차로안,승용,남,23세,상해없음,승용,남,59세,경상
2011012500100057,2011년 1월 25일 04시,화요일,인천광역시 부평구 산곡동,경상사고,0,0,1,0,차대차 - 기타,안전운전불이행,건조,맑음,단일로 - 기타,승용,남,27세,상해없음,승용,남,58세,경상
2011012500100132,2011년 1월 25일 08시,화요일,인천광역시 부평구 부개동,경상사고,0,0,1,0,차대차 - 측면직각충돌,안전거리미확보,결빙,맑음,교차로 - 교차로부근,승용,남,72세,상해없음,승용,남,36세,경상
2011012500100152,2011년 1월 25일 09시,화요일,인천광역시 계양구 임학동,부상신고사고,0,0,0,1,차대사람 - 기타,안전운전불이행,건조,맑음,단일로 - 기타,승용,여,49세,상해없음,보행자,남,68세,부상신고
2011012500100182,2011년 1월 25일 10시,화요일,인천광역시 서구 백석동,경상사고,0,0,2,0,차대차 - 추돌 - 주정차중,안전운전불이행,결빙,맑음,단일로 - 기타,화물,남,25세,상해없음,화물,남,47세,경상
2011012500100203,2011년 1월 25일 11시,화요일,인천광역시 남동구 구월동,경상사고,0,0,5,0,차대차 - 측면직각충돌,신호위반,건조,맑음,교차로 - 교차로안,승합,남,46세,상해없음,승용,남,34세,경상
2011012500100270,2011년 1월 25일 14시,화요일,인천광역시 남구 관교동,경상사고,0,0,1,0,차대차 - 측면직각충돌,차로위반,건조,맑음,단일로 - 기타,승용,여,56세,상해없음,승용,남,52세,상해없음
2011012500100291,2011년 1월 25일 15시,화요일,인천광역시 남구 학익동,중상사고,0,2,0,0,차대차 - 기타,신호위반,결빙,맑음,교차로 - 교차로부근,건설기계,남,61세,중상,건설기계,남,31세,중상
2011012500100292,2011년 1월 25일 15시,화요일,인천광역시 부평구 청천동,중상사고,0,1,0,0,차대사람 - 기타,안전운전불이행,건조,맑음,단일로 - 기타,승용,남,50세,상해없음,보행자,여,38세,중상
2011012500100379,2011년 1월 25일 18시,화요일,인천광역시 남구 주안동,중상사고,0,1,0,0,차대차 - 추돌 - 주정차중,불법유턴,건조,맑음,단일로 - 기타,승용,남,58세,상해없음,이륜,남,55세,중상
2011012500100380,2011년 1월 25일 18시,화요일,인천광역시 남동구 간석동,경상사고,0,0,1,0,차대차 - 추돌 - 진행중,교차로운행방법위반,건조,맑음,교차로 - 교차로안,승용,여,48세,상해없음,화물,남,59세,경상
2011012500100381,2011년 1월 25일 18시,화요일,인천광역시 연수구 옥련동,중상사고,0,1,0,0,차대사람 - 횡단중,보행자보호의무위반,건조,맑음,단일로 - 횡단보도상,화물,남,54세,상해없음,보행자,여,67세,중상
2011012500100411,2011년 1월 25일 19시,화요일,인천광역시 남구 주안동,경상사고,0,0,1,0,차대차 - 측면직각충돌,안전운전불이행,건조,맑음,교차로 - 교차로부근,승용,남,43세,상해없음,이륜,남,27세,경상
2011012500100412,2011년 1월 25일 19시,화요일,인천광역시 연수구 연수동,중상사고,0,1,0,0,차대사람 - 횡단중,안전운전불이행,습기,맑음,교차로 - 교차로부근,승용,남,28세,상해없음,보행자,남,17세,중상
2011012500100413,2011년 1월 25일 19시,화요일,인천광역시 서구 시천동,중상사고,0,2,1,0,차대차 - 측면직각충돌,안전거리미확보,건조,맑음,단일로 - 기타,화물,남,55세,상해없음,승용,남,41세,경상
2011012500100501,2011년 1월 25일 22시,화요일,인천광역시 동구 송현동,경상사고,0,0,1,0,차대사람 - 횡단중,안전운전불이행,건조,맑음,단일로 - 기타,승용,남,45세,상해없음,보행자,여,18세,경상
2011012500100502,2011년 1월 25일 22시,화요일,인천광역시 계양구 작전동,경상사고,0,0,2,0,차대차 - 추돌 - 진행중,안전거리미확보,건조,맑음,단일로 - 기타,승용,남,53세,상해없음,승용,남,37세,경상
2011012500100533,2011년 1월 25일 23시,화요일,인천광역시 남구 문학동,경상사고,0,0,3,0,차대차 - 추돌 - 진행중,안전운전불이행,건조,맑음,단일로 - 횡단보도부근,승용,남,52세,상해없음,승용,남,53세,경상
2011012500100534,2011년 1월 25일 23시,화요일,인천광역시 남구 주안동,경상사고,0,0,1,0,차대사람 - 차도통행중,안전운전불이행,건조,맑음,단일로 - 기타,승용,남,22세,상해없음,보행자,남,30세,경상
2011012600100011,2011년 1월 26일 00시,수요일,인천광역시 남구 주안동,경상사고,0,0,1,0,차대사람 - 기타,안전운전불이행,습기,흐림,단일로 - 기타,승용,남,49세,상해없음,보행자,남,30세,경상
2011012600100012,2011년 1월 26일 00시,수요일,인천광역시 부평구 산곡동,경상사고,0,0,1,0,차대차 - 정면충돌,교차로운행방법위반,건조,맑음,교차로 - 교차로안,승용,남,36세,상해없음,이륜,남,50세,경상
2011012600100040,2011년 1월 26일 02시,수요일,인천광역시 부평구 부평동,중상사고,0,2,1,0,차대차 - 추돌 - 진행중,안전운전불이행,건조,맑음,단일로 - 기타,승용,남,28세,상해없음,승용,남,52세,중상
2011012600100041,2011년 1월 26일 02시,수요일,인천광역시 계양구 계산동,중상사고,0,1,0,0,차대차 - 측면직각충돌,신호위반,건조,맑음,교차로 - 교차로안,승용,남,35세,상해없음,승용,남,38세,중상
2011012600100057,2011년 1월 26일 04시,수요일,인천광역시 계양구 계산동,경상사고,0,0,1,0,차대차 - 추돌 - 주정차중,불법유턴,건조,맑음,교차로 - 교차로부근,화물,남,15세,상해없음,승용,남,60세,경상
2011012600100076,2011년 1월 26일 06시,수요일,인천광역시 남동구 고잔동,경상사고,0,0,1,0,차대차 - 측면직각충돌,중앙선침범,건조,맑음,단일로 - 기타,승용,남,50세,상해없음,승용,남,45세,경상
2011012600100077,2011년 1월 26일 06시,수요일,인천광역시 연수구 연수동,중상사고,0,1,0,0,차대차 - 측면직각충돌,신호위반,습기,맑음,교차로 - 교차로안,화물,남,57세,상해없음,승용,남,52세,중상
2011012600100119,2011년 1월 26일 08시,수요일,인천광역시 계양구 임학동,경상사고,0,0,3,0,차대차 - 측면직각충돌,신호위반,결빙,맑음,단일로 - 터널,승용,여,24세,상해없음,승용,남,66세,경상
2011012600100137,2011년 1월 26일 09시,수요일,인천광역시 남동구 고잔동,경상사고,0,0,3,0,차대차 - 추돌 - 주정차중,안전운전불이행,건조,맑음,단일로 - 교량,화물,남,54세,상해없음,승용,남,51세,경상
2011012600100138,2011년 1월 26일 09시,수요일,인천광역시 남동구 논현동,중상사고,0,1,0,0,차대사람 - 횡단중,신호위반,건조,맑음,단일로 - 횡단보도상,승합,남,45세,상해없음,보행자,여,35세,중상
2011012600100185,2011년 1월 26일 11시,수요일,인천광역시 서구 시천동,중상사고,0,7,3,2,차대차 - 추돌 - 주정차중,안전거리미확보,건조,맑음,단일로 - 기타,승합,남,57세,부상신고,승용,남,50세,중상
2011012600100205,2011년 1월 26일 12시,수요일,인천광역시 서구 가좌동,경상사고,0,0,1,0,차대차 - 기타,안전운전불이행,건조,맑음,교차로 - 교차로안,승용,기타불명,기타불명,기타불명,승용,여,61세,경상
2011012600100234,2011년 1월 26일 13시,수요일,인천광역시 남동구 구월동,경상사고,0,0,2,0,차대차 - 측면직각충돌,차로위반,건조,맑음,교차로 - 교차로안,승용,남,53세,상해없음,승용,남,51세,경상
2011012600100235,2011년 1월 26일 13시,수요일,인천광역시 남동구 간석동,경상사고,0,0,1,0,차대차 - 측면직각충돌,교차로운행방법위반,건조,맑음,교차로 - 교차로안,승용,남,57세,상해없음,승합,남,55세,상해없음
2011012600100270,2011년 1월 26일 14시,수요일,인천광역시 남동구 서창동,경상사고,0,0,2,0,차대차 - 추돌 - 주정차중,안전운전불이행,건조,맑음,단일로 - 기타,승용,여,54세,경상,화물,남,42세,경상
2011012600100299,2011년 1월 26일 15시,수요일,인천광역시 중구 신흥동2가,중상사고,0,3,12,4,차대차 - 추돌 - 진행중,안전거리미확보,건조,맑음,교차로 - 교차로부근,승합,남,42세,상해없음,화물,남,61세,경상
2011012600100300,2011년 1월 26일 15시,수요일,인천광역시 연수구 송도동,경상사고,0,0,2,0,차대차 - 측면직각충돌,안전거리미확보,건조,맑음,단일로 - 기타,승용,남,18세,상해없음,승용,남,52세,경상
2011012600100301,2011년 1월 26일 15시,수요일,인천광역시 남동구 서창동,경상사고,0,0,1,0,차대차 - 기타,안전운전불이행,결빙,맑음,단일로 - 기타,승용,남,42세,상해없음,승용,여,38세,경상
2011012600100327,2011년 1월 26일 16시,수요일,인천광역시 부평구 삼산동,경상사고,0,0,1,0,차대차 - 측면직각충돌,신호위반,습기,맑음,교차로 - 교차로안,승용,남,49세,상해없음,자전거,남,11세,경상
2011012600100396,2011년 1월 26일 18시,수요일,인천광역시 남구 주안동,경상사고,0,0,2,0,차대차 - 측면직각충돌,안전운전불이행,건조,맑음,기타 - 기타,승용,남,61세,상해없음,승용,남,48세,경상
2011012600100397,2011년 1월 26일 18시,수요일,인천광역시 남동구 간석동,경상사고,0,0,2,0,차대차 - 측면직각충돌,직진우회전진행방해,건조,맑음,단일로 - 기타,화물,남,44세,상해없음,승용,여,40세,경상