사고번호,사고일시,요일,시군구,사고내용,사망자수,중상자수,경상자수,부상신고자수,사고유형,법규위반,노면상태,기상상태,도로형태,가해운전자 차종,가해운전자 성별,가해운전자 연령,가해운전자 상해정도,피해운전자 차종,피해운전자 성별,피해운전자 연령,피해운전자 상해정도
2011012600100430,2011년 1월 26일 19시,수요일,인천광역시 남동구 서창동,경상사고,0,0,1,0,차대사람 - 기타,기타,건조,맑음,교차로 - 교차로부근,승용,남,39세,상해없음,보행자,여,51세,경상
2011012600100431,2011년 1월 26일 19시,수요일,인천광역시 연수구 동춘동,중상사고,0,1,0,0,차대사람 - 보도통행중,신호위반,건조,맑음,단일로 - 횡단보도상,화물,남,46세,상해없음,보행자,여,52세,중상
2011012600100492,2011년 1월 26일 21시,수요일,인천광역시 부평구 부평동,중상사고,0,1,1,0,차대차 - 측면직각충돌,중앙선침범,건조,맑음,교차로 - 교차로부근,승용,남,41세,상해없음,승용,남,57세,중상
2011012600100522,2011년 1월 26일 22시,수요일,인천광역시 남구 용현동,경상사고,0,0,4,0,차대차 - 추돌 - 주정차중,안전운전불이행,건조,맑음,교차로 - 교차로부근,승용,남,58세,상해없음,승용,남,51세,경상
2011012600100523,2011년 1월 26일 22시,수요일,인천광역시 부평구 청천동,중상사고,0,1,0,0,차대사람 - 횡단중,보행자보호의무위반,건조,맑음,단일로 - 횡단보도상,승용,남,61세,상해없음,보행자,여,22세,중상
2011012600100524,2011년 1월 26일 22시,수요일,인천광역시 계양구 작전동,중상사고,0,1,0,0,차대차 - 기타,신호위반,건조,맑음,교차로 - 교차로안,기타불명,여,74세,중상,승용,남,44세,상해없음
2011012600100550,2011년 1월 26일 23시,수요일,인천광역시 남구 주안동,경상사고,0,0,1,0,차대사람 - 횡단중,신호위반,건조,맑음,단일로 - 횡단보도상,화물,남,53세,상해없음,보행자,남,50세,경상
2011012600100551,2011년 1월 26일 23시,수요일,인천광역시 부평구 십정동,경상사고,0,0,2,0,차대차 - 추돌 - 주정차중,안전운전불이행,습기,맑음,단일로 - 기타,승용,남,28세,상해없음,승용,여,21세,경상
2011012700100039,2011년 1월 27일 01시,목요일,인천광역시 부평구 구산동,중상사고,0,2,0,0,차대차 - 측면직각충돌,신호위반,습기,맑음,교차로 - 교차로안,승용,남,35세,상해없음,승용,남,37세,중상
2011012700100086,2011년 1월 27일 05시,목요일,인천광역시 부평구 삼산동,경상사고,0,0,1,0,차대차 - 추돌 - 진행중,안전운전불이행,건조,맑음,단일로 - 기타,승용,남,34세,상해없음,승용,남,64세,경상
2011012700100119,2011년 1월 27일 07시,목요일,인천광역시 계양구 작전동,중상사고,0,1,0,0,차대차 - 정면충돌,신호위반,건조,맑음,교차로 - 교차로안,승합,남,36세,상해없음,승용,남,39세,중상
2011012700100120,2011년 1월 27일 07시,목요일,인천광역시 계양구 작전동,경상사고,0,0,1,0,차대차 - 측면직각충돌,신호위반,건조,맑음,교차로 - 교차로안,화물,남,26세,상해없음,승용,남,59세,경상
2011012700100153,2011년 1월 27일 08시,목요일,인천광역시 남동구 남촌동,경상사고,0,0,1,0,차대차 - 추돌 - 주정차중,안전운전불이행,건조,맑음,단일로 - 기타,승용,남,38세,상해없음,승용,남,38세,경상
2011012700100154,2011년 1월 27일 08시,목요일,인천광역시 계양구 평동,경상사고,0,0,1,0,차대차 - 정면충돌,안전운전불이행,건조,맑음,단일로 - 터널,승용,남,24세,상해없음,승용,남,49세,경상
2011012700100155,2011년 1월 27일 08시,목요일,인천광역시 강화군 강화읍,중상사고,0,1,0,0,차대차 - 측면직각충돌,안전운전불이행,건조,맑음,교차로 - 교차로안,승용,남,56세,상해없음,승용,남,26세,중상
2011012700100172,2011년 1월 27일 09시,목요일,인천광역시 부평구 부평동,경상사고,0,0,1,0,차대차 - 기타,안전거리미확보,건조,맑음,단일로 - 기타,승용,여,24세,상해없음,승합,남,58세,상해없음
2011012700100173,2011년 1월 27일 09시,목요일,인천광역시 서구 원당동,경상사고,0,0,1,0,차대차 - 기타,안전거리미확보,결빙,맑음,단일로 - 기타,승용,여,48세,상해없음,승용,여,38세,경상
2011012700100191,2011년 1월 27일 10시,목요일,인천광역시 계양구 계산동,경상사고,0,0,1,0,차대차 - 추돌 - 진행중,안전거리미확보,건조,맑음,단일로 - 기타,승용,남,24세,상해없음,승용,여,52세,경상
2011012700100227,2011년 1월 27일 12시,목요일,인천광역시 부평구 부평동,경상사고,0,0,1,0,차대사람 - 기타,안전운전불이행,결빙,맑음,교차로 - 교차로부근,승용,남,47세,상해없음,보행자,여,46세,경상
2011012700100228,2011년 1월 27일 12시,목요일,인천광역시 서구 가좌동,경상사고,0,0,1,0,차대사람 - 횡단중,신호위반,건조,맑음,교차로 - 교차로안,이륜,남,30세,상해없음,보행자,여,9세,경상
2011012700100251,2011년 1월 27일 13시,목요일,인천광역시 중구 을왕동,중상사고,0,4,1,0,차대차 - 측면직각충돌,중앙선침범,건조,맑음,단일로 - 기타,승합,남,52세,상해없음,건설기계,남,50세,중상
2011012700100252,2011년 1월 27일 13시,목요일,인천광역시 부평구 삼산동,경상사고,0,0,1,0,차대차 - 측면직각충돌,안전거리미확보,건조,맑음,단일로 - 기타,특수,남,55세,상해없음,승용,여,34세,경상
2011012700100253,2011년 1월 27일 13시,목요일,인천광역시 남동구 남촌동,중상사고,0,1,1,0,차대차 - 측면직각충돌,안전거리미확보,건조,맑음,단일로 - 기타,승용,남,60세,중상,특수,기타불명,기타불명,기타불명
2011012700100304,2011년 1월 27일 15시,목요일,인천광역시 남구 문학동,중상사고,0,1,1,0,차대차 - 측면직각충돌,안전운전불이행,건조,맑음,교차로 - 교차로부근,승용,남,62세,상해없음,승용,남,55세,경상
2011012700100400,2011년 1월 27일 18시,목요일,인천광역시 남구 학익동,경상사고,0,0,1,0,차대차 - 측면직각충돌,차로위반,건조,맑음,단일로 - 기타,승용,남,56세,상해없음,이륜,남,31세,경상
2011012700100401,2011년 1월 27일 18시,목요일,인천광역시 남구 학익동,중상사고,0,1,0,0,차대사람 - 횡단중,안전운전불이행,건조,맑음,교차로 - 교차로부근,승용,남,33세,상해없음,보행자,여,18세,중상
2011012700100434,2011년 1월 27일 19시,목요일,인천광역시 부평구 부평동,중상사고,0,1,1,0,차대차 - 추돌 - 주정차중,안전운전불이행,건조,맑음,단일로 - 기타,승용,남,36세,상해없음,승용,남,50세,상해없음
2011012700100435,2011년 1월 27일 19시,목요일,인천광역시 남동구 논현동,중상사고,0,1,0,0,차대사람 - 횡단중,보행자보호의무위반,건조,맑음,단일로 - 횡단보도상,승용,여,43세,상해없음,보행자,남,20세,중상
2011012700100436,2011년 1월 27일 19시,목요일,인천광역시 남동구 논현동,중상사고,0,1,0,0,차대차 - 추돌 - 주정차중,불법유턴,건조,맑음,교차로 - 교차로부근,승용,여,48세,상해없음,승용,여,28세,중상
2011012700100437,2011년 1월 27일 19시,목요일,인천광역시 서구 석남동,중상사고,0,1,0,0,차대차 - 추돌 - 주정차중,안전운전불이행,건조,맑음,교차로 - 교차로부근,승용,남,51세,상해없음,승용,남,30세,중상
2011012700100438,2011년 1월 27일 19시,목요일,인천광역시 부평구 부개동,경상사고,0,0,2,0,차대사람 - 횡단중,보행자보호의무위반,건조,맑음,교차로 - 교차로부근,승용,남,42세,상해없음,보행자,여,18세,경상
2011012700100471,2011년 1월 27일 20시,목요일,인천광역시 남구 주안동,경상사고,0,0,3,0,차대차 - 측면직각충돌,안전운전불이행,건조,맑음,단일로 - 기타,승용,남,38세,상해없음,승용,남,30세,경상
2011012700100472,2011년 1월 27일 20시,목요일,인천광역시 남동구 간석동,경상사고,0,0,3,0,차대차 - 추돌 - 주정차중,안전거리미확보,건조,맑음,교차로 - 교차로부근,승합,남,54세,상해없음,승용,남,43세,상해없음
2011012700100473,2011년 1월 27일 20시,목요일,인천광역시 남동구 논현동,중상사고,0,1,3,0,차대차 - 정면충돌,중앙선침범,건조,맑음,단일로 - 기타,승용,여,45세,상해없음,승용,남,31세,경상
2011012700100474,2011년 1월 27일 20시,목요일,인천광역시 연수구 청학동,경상사고,0,0,2,0,차대차 - 추돌 - 주정차중,안전운전불이행,건조,맑음,교차로 - 교차로부근,승용,남,25세,상해없음,승용,여,31세,경상
2011012700100500,2011년 1월 27일 21시,목요일,인천광역시 남동구 간석동,경상사고,0,0,1,0,차대사람 - 차도통행중,안전운전불이행,건조,맑음,교차로 - 교차로안,승용,남,58세,상해없음,보행자,여,24세,경상
2011012700100526,2011년 1월 27일 22시,목요일,인천광역시 남동구 만수동,중상사고,0,1,0,0,차대사람 - 길가장자리구역통행중,안전운전불이행,건조,맑음,교차로 - 교차로부근,이륜,남,18세,상해없음,보행자,남,51세,중상
2011012700100555,2011년 1월 27일 23시,목요일,인천광역시 남구 용현동,경상사고,0,0,1,0,차대차 - 추돌 - 주정차중,안전운전불이행,건조,맑음,교차로 - 교차로부근,승용,남,42세,상해없음,화물,남,55세,경상
2011012800100014,2011년 1월 28일 00시,금요일,인천광역시 옹진군 백령면,사망사고,1,0,0,0,차량단독 - 전도전복,안전운전불이행,건조,맑음,교차로 - 교차로부근,화물,남,50세,사망,,,,
2011012800100046,2011년 1월 28일 03시,금요일,인천광역시 남동구 간석동,경상사고,0,0,1,0,차대차 - 측면직각충돌,신호위반,건조,맑음,교차로 - 교차로안,승용,남,59세,상해없음,승용,남,45세,경상
2011012800100056,2011년 1월 28일 04시,금요일,인천광역시 중구 신흥동3가,경상사고,0,0,1,0,차대차 - 측면직각충돌,안전운전불이행,건조,맑음,단일로 - 기타,승용,남,39세,상해없음,승용,남,25세,경상
2011012800100057,2011년 1월 28일 04시,금요일,인천광역시 서구 가좌동,경상사고,0,0,1,0,차대차 - 측면직각충돌,교차로운행방법위반,건조,맑음,교차로 - 교차로안,승용,남,48세,상해없음,승용,여,44세,경상
2011012800100058,2011년 1월 28일 04시,금요일,인천광역시 부평구 부평동,경상사고,0,0,1,0,차대차 - 측면직각충돌,안전운전불이행,건조,맑음,교차로 - 교차로안,화물,기타불명,기타불명,기타불명,승용,남,53세,경상
2011012800100098,2011년 1월 28일 07시,금요일,인천광역시 남구 주안동,중상사고,0,1,0,0,차대차 - 추돌 - 진행중,안전운전불이행,건조,맑음,단일로 - 기타,승합,남,35세,상해없음,승용,여,46세,중상
2011012800100099,2011년 1월 28일 07시,금요일,인천광역시 계양구 계산동,중상사고,0,1,0,0,차대사람 - 횡단중,보행자보호의무위반,건조,맑음,단일로 - 기타,승용,여,38세,상해없음,보행자,여,52세,중상
2011012800100126,2011년 1월 28일 08시,금요일,인천광역시 남동구 고잔동,경상사고,0,0,1,0,차대사람 - 차도통행중,안전운전불이행,결빙,맑음,단일로 - 기타,승용,남,22세,상해없음,보행자,남,61세,경상
2011012800100127,2011년 1월 28일 08시,금요일,인천광역시 부평구 부평동,중상사고,0,1,0,0,차대차 - 정면충돌,안전운전불이행,건조,맑음,단일로 - 기타,승용,남,42세,상해없음,자전거,여,38세,중상
2011012800100155,2011년 1월 28일 09시,금요일,인천광역시 남구 주안동,경상사고,0,0,2,0,차대차 - 기타,안전거리미확보,건조,맑음,단일로 - 교량,승용,남,27세,상해없음,승용,여,39세,경상
2011012800100156,2011년 1월 28일 09시,금요일,인천광역시 부평구 산곡동,경상사고,0,0,1,0,차대차 - 측면직각충돌,교차로운행방법위반,건조,맑음,교차로 - 교차로안,승용,여,33세,상해없음,승용,여,53세,경상
2011012800100227,2011년 1월 28일 12시,금요일,인천광역시 부평구 삼산동,경상사고,0,0,1,0,차대차 - 측면직각충돌,안전운전불이행,건조,맑음,교차로 - 교차로부근,승합,남,44세,상해없음,화물,남,39세,경상
2011012800100281,2011년 1월 28일 14시,금요일,인천광역시 부평구 부평동,경상사고,0,0,1,0,차대차 - 측면직각충돌,안전운전불이행,건조,맑음,교차로 - 교차로부근,기타불명,기타불명,기타불명,기타불명,승용,남,51세,상해없음
2011012800100306,2011년 1월 28일 15시,금요일,인천광역시 중구 항동7가,경상사고,0,0,1,0,차대차 - 추돌 - 주정차중,교차로운행방법위반,건조,맑음,교차로 - 교차로부근,화물,남,60세,상해없음,승용,남,46세,경상
2011012800100307,2011년 1월 28일 15시,금요일,인천광역시 서구 가정동,경상사고,0,0,1,0,차대차 - 정면충돌,신호위반,건조,맑음,교차로 - 교차로안,승용,남,27세,상해없음,승용,남,43세,경상
2011012800100308,2011년 1월 28일 15시,금요일,인천광역시 계양구 동양동,경상사고,0,0,1,0,차대차 - 기타,안전운전불이행,습기,맑음,단일로 - 기타,승용,여,39세,상해없음,승용,남,37세,경상
2011012800100357,2011년 1월 28일 17시,금요일,인천광역시 서구 가좌동,중상사고,0,1,0,0,차대사람 - 횡단중,보행자보호의무위반,건조,맑음,교차로 - 교차로안,승합,남,55세,상해없음,보행자,여,44세,중상
2011012800100405,2011년 1월 28일 18시,금요일,인천광역시 부평구 갈산동,경상사고,0,0,1,0,차대차 - 추돌 - 진행중,안전거리미확보,건조,맑음,단일로 - 기타,승용,여,39세,상해없음,화물,여,42세,경상
2011012800100406,2011년 1월 28일 18시,금요일,인천광역시 남동구 구월동,중상사고,0,1,0,0,차대차 - 측면직각충돌,신호위반,건조,맑음,교차로 - 교차로안,승용,남,23세,상해없음,이륜,남,48세,중상
2011012800100407,2011년 1월 28일 18시,금요일,인천광역시 서구 신현동,경상사고,0,0,1,0,차대사람 - 기타,안전운전불이행,습기,맑음,단일로 - 기타,승합,남,38세,상해없음,보행자,여,14세,경상
2011012800100442,2011년 1월 28일 19시,금요일,인천광역시 남구 주안동,경상사고,0,0,1,0,차대사람 - 기타,안전운전불이행,건조,맑음,단일로 - 기타,승용,남,43세,상해없음,보행자,여,41세,경상
2011012800100443,2011년 1월 28일 19시,금요일,인천광역시 남구 문학동,부상신고사고,0,0,0,1,차대차 - 측면직각충돌,교차로운행방법위반,건조,맑음,교차로 - 교차로안,승용,남,41세,상해없음,이륜,남,18세,부상신고
2011012800100444,2011년 1월 28일 19시,금요일,인천광역시 부평구 산곡동,중상사고,0,1,0,0,차대사람 - 횡단중,안전운전불이행,건조,맑음,단일로 - 기타,승용,여,49세,상해없음,보행자,남,32세,중상
2011012800100445,2011년 1월 28일 19시,금요일,인천광역시 서구 연희동,경상사고,0,0,1,0,차대차 - 측면직각충돌,중앙선침범,건조,맑음,교차로 - 교차로부근,승합,남,69세,상해없음,이륜,남,52세,경상
2011012800100446,2011년 1월 28일 19시,금요일,인천광역시 서구 공촌동,경상사고,0,0,2,0,차대차 - 추돌 - 진행중,안전운전불이행,결빙,맑음,교차로 - 교차로부근,승용,남,37세,상해없음,승용,남,50세,경상
2011012800100447,2011년 1월 28일 19시,금요일,인천광역시 계양구 작전동,경상사고,0,0,1,0,차대차 - 측면직각충돌,차로위반,건조,맑음,교차로 - 교차로부근,승용,남,56세,상해없음,화물,남,48세,상해없음
2011012800100448,2011년 1월 28일 19시,금요일,인천광역시 부평구 삼산동,중상사고,0,1,0,0,차대차 - 측면직각충돌,안전운전불이행,건조,흐림,단일로 - 기타,승용,여,60세,상해없음,이륜,남,37세,중상
2011012800100562,2011년 1월 28일 22시,금요일,인천광역시 남동구 서창동,경상사고,0,0,2,0,차대차 - 측면직각충돌,신호위반,건조,맑음,교차로 - 교차로안,승용,여,49세,경상,이륜,남,17세,경상
2011012800100595,2011년 1월 28일 23시,금요일,인천광역시 남구 용현동,중상사고,0,1,0,0,차대차 - 기타,안전운전불이행,결빙,맑음,기타 - 기타,승용,남,31세,상해없음,원동기,남,51세,중상
2011012800100596,2011년 1월 28일 23시,금요일,인천광역시 남동구 구월동,경상사고,0,0,1,0,차대사람 - 기타,안전운전불이행,건조,맑음,단일로 - 기타,승용,남,45세,상해없음,보행자,여,39세,경상
2011012900100027,2011년 1월 29일 00시,토요일,인천광역시 남구 주안동,경상사고,0,0,1,0,차대사람 - 차도통행중,안전운전불이행,건조,맑음,단일로 - 기타,승용,남,64세,상해없음,보행자,남,25세,경상
2011012900100051,2011년 1월 29일 01시,토요일,인천광역시 서구 석남동,경상사고,0,0,2,0,차대차 - 추돌 - 진행중,안전운전불이행,건조,맑음,교차로 - 교차로부근,승용,남,43세,상해없음,승용,남,41세,경상
2011012900100090,2011년 1월 29일 03시,토요일,인천광역시 서구 석남동,경상사고,0,0,2,0,차대차 - 추돌 - 주정차중,안전운전불이행,건조,맑음,교차로 - 교차로부근,승용,남,43세,상해없음,승용,남,29세,경상
2011012900100091,2011년 1월 29일 03시,토요일,인천광역시 계양구 계산동,경상사고,0,0,2,0,차대차 - 추돌 - 주정차중,안전운전불이행,건조,맑음,단일로 - 기타,승용,남,28세,상해없음,승합,남,31세,경상
2011012900100104,2011년 1월 29일 04시,토요일,인천광역시 부평구 십정동,중상사고,0,1,0,0,차대사람 - 횡단중,안전운전불이행,건조,맑음,단일로 - 횡단보도상,승용,남,26세,상해없음,보행자,남,49세,중상
2011012900100171,2011년 1월 29일 09시,토요일,인천광역시 강화군 양사면,중상사고,0,1,0,0,차대차 - 추돌 - 주정차중,안전운전불이행,건조,맑음,단일로 - 기타,승용,여,58세,중상,기타불명,남,37세,상해없음
2011012900100202,2011년 1월 29일 10시,토요일,인천광역시 부평구 부평동,경상사고,0,0,1,0,차대차 - 측면직각충돌,안전운전불이행,건조,맑음,교차로 - 교차로안,승용,남,65세,상해없음,승용,남,34세,경상
2011012900100227,2011년 1월 29일 11시,토요일,인천광역시 중구 항동7가,경상사고,0,0,2,0,차대차 - 측면직각충돌,안전거리미확보,건조,맑음,단일로 - 기타,승용,남,74세,상해없음,특수,남,44세,경상
2011012900100262,2011년 1월 29일 13시,토요일,인천광역시 남구 용현동,경상사고,0,0,1,0,차대차 - 측면직각충돌,신호위반,건조,맑음,교차로 - 교차로안,승용,남,56세,상해없음,이륜,남,23세,경상
2011012900100288,2011년 1월 29일 14시,토요일,인천광역시 서구 경서동,경상사고,0,0,1,0,차대사람 - 횡단중,안전운전불이행,결빙,맑음,교차로 - 교차로부근,승용,여,32세,상해없음,보행자,남,80세,경상
2011012900100289,2011년 1월 29일 14시,토요일,인천광역시 부평구 부개동,중상사고,0,1,0,0,차대사람 - 횡단중,안전운전불이행,건조,맑음,교차로 - 교차로안,이륜,남,16세,상해없음,보행자,남,22세,중상
2011012900100370,2011년 1월 29일 17시,토요일,인천광역시 서구 마전동,중상사고,0,1,0,0,차대사람 - 횡단중,신호위반,건조,맑음,단일로 - 횡단보도상,승용,여,32세,상해없음,보행자,여,9세,중상
2011012900100402,2011년 1월 29일 18시,토요일,인천광역시 서구 연희동,중상사고,0,2,3,0,차대차 - 기타,중앙선침범,건조,맑음,교차로 - 교차로부근,건설기계,남,45세,상해없음,화물,남,37세,상해없음
2011012900100403,2011년 1월 29일 18시,토요일,인천광역시 연수구 연수동,경상사고,0,0,1,0,차대사람 - 차도통행중,교차로운행방법위반,건조,맑음,교차로 - 교차로안,승합,남,53세,상해없음,보행자,여,51세,경상
2011012900100456,2011년 1월 29일 19시,토요일,인천광역시 남구 용현동,경상사고,0,0,1,0,차대차 - 추돌 - 주정차중,안전운전불이행,건조,맑음,단일로 - 기타,승용,남,23세,상해없음,승용,남,39세,상해없음
2011012900100487,2011년 1월 29일 20시,토요일,인천광역시 남동구 논현동,경상사고,0,0,1,0,차대차 - 측면직각충돌,안전운전불이행,건조,맑음,교차로 - 교차로부근,승용,남,46세,상해없음,원동기,남,31세,경상
2011012900100551,2011년 1월 29일 22시,토요일,인천광역시 서구 왕길동,중상사고,0,3,1,0,차대차 - 측면직각충돌,신호위반,건조,맑음,교차로 - 교차로안,승용,남,40세,경상,승용,여,29세,중상
2011012900100552,2011년 1월 29일 22시,토요일,인천광역시 계양구 계산동,경상사고,0,0,1,0,차대차 - 추돌 - 주정차중,안전운전불이행,건조,맑음,단일로 - 기타,승용,남,44세,상해없음,승합,남,61세,경상
2011012900100577,2011년 1월 29일 23시,토요일,인천광역시 남구 주안동,경상사고,0,0,1,1,차대차 - 측면직각충돌,안전거리미확보,건조,맑음,교차로 - 교차로부근,승용,남,49세,상해없음,승합,남,49세,부상신고
2011012900100578,2011년 1월 29일 23시,토요일,인천광역시 남구 문학동,경상사고,0,0,2,0,차대차 - 추돌 - 진행중,안전운전불이행,건조,맑음,단일로 - 기타,화물,남,39세,상해없음,승용,여,43세,경상
2011012900100579,2011년 1월 29일 23시,토요일,인천광역시 계양구 효성동,경상사고,0,0,1,0,차대사람 - 기타,안전운전불이행,건조,맑음,교차로 - 교차로부근,승용,남,32세,상해없음,보행자,남,26세,경상
2011013000100062,2011년 1월 30일 03시,일요일,인천광역시 서구 왕길동,중상사고,0,1,0,0,차대차 - 추돌 - 진행중,안전거리미확보,건조,맑음,단일로 - 기타,승용,남,49세,상해없음,승용,남,27세,중상
2011013000100092,2011년 1월 30일 06시,일요일,인천광역시 부평구 부평동,중상사고,0,3,0,0,차대차 - 측면직각충돌,중앙선침범,건조,맑음,단일로 - 기타,승용,남,30세,상해없음,승용,남,32세,중상
2011013000100128,2011년 1월 30일 08시,일요일,인천광역시 중구 운서동,중상사고,0,1,0,0,차대차 - 추돌 - 진행중,안전운전불이행,건조,맑음,기타 - 기타,승용,남,30세,상해없음,승용,남,39세,중상
2011013000100129,2011년 1월 30일 08시,일요일,인천광역시 남구 학익동,경상사고,0,0,4,0,차대차 - 측면직각충돌,안전운전불이행,건조,맑음,교차로 - 교차로안,승용,남,30세,경상,승용,남,43세,경상
2011013000100166,2011년 1월 30일 10시,일요일,인천광역시 부평구 청천동,경상사고,0,0,1,0,차대차 - 측면직각충돌,신호위반,건조,맑음,교차로 - 교차로안,화물,남,30세,상해없음,화물,남,51세,경상
2011013000100179,2011년 1월 30일 11시,일요일,인천광역시 중구 운서동,중상사고,0,1,0,0,차대차 - 추돌 - 진행중,안전거리미확보,건조,맑음,단일로 - 기타,승용,여,65세,중상,승용,남,54세,상해없음
2011013000100268,2011년 1월 30일 15시,일요일,인천광역시 동구 송현동,경상사고,0,0,1,0,차대차 - 측면직각충돌,신호위반,건조,맑음,교차로 - 교차로안,승용,남,37세,상해없음,승용,남,30세,경상
2011013000100269,2011년 1월 30일 15시,일요일,인천광역시 남구 주안동,경상사고,0,0,5,0,차대차 - 측면직각충돌,안전거리미확보,건조,맑음,단일로 - 교량,승용,남,19세,상해없음,승용,남,39세,경상
2011013000100270,2011년 1월 30일 15시,일요일,인천광역시 남동구 남촌동,중상사고,0,1,0,0,차대차 - 추돌 - 주정차중,안전운전불이행,건조,맑음,교차로 - 교차로부근,승용,여,44세,상해없음,승용,남,39세,상해없음
2011013000100271,2011년 1월 30일 15시,일요일,인천광역시 서구 연희동,경상사고,0,0,1,0,차대차 - 측면직각충돌,신호위반,건조,맑음,교차로 - 교차로안,승용,남,65세,상해없음,승용,여,60세,경상
2011013000100272,2011년 1월 30일 15시,일요일,인천광역시 부평구 부개동,중상사고,0,1,0,0,차대사람 - 횡단중,보행자보호의무위반,건조,맑음,교차로 - 교차로부근,승용,여,44세,상해없음,보행자,남,59세,중상
2011013000100294,2011년 1월 30일 16시,일요일,인천광역시 남구 용현동,경상사고,0,0,2,0,차대차 - 측면직각충돌,안전운전불이행,건조,맑음,단일로 - 기타,기타불명,기타불명,기타불명,기타불명,승용,남,31세,경상
2011013000100337,2011년 1월 30일 18시,일요일,인천광역시 중구 신흥동2가,중상사고,0,1,0,0,차대사람 - 횡단중,안전운전불이행,건조,흐림,교차로 - 교차로안,승용,남,28세,상해없음,보행자,남,60세,중상
2011013000100338,2011년 1월 30일 18시,일요일,인천광역시 서구 심곡동,경상사고,0,0,1,0,차대차 - 측면직각충돌,안전운전불이행,건조,맑음,교차로 - 교차로부근,승용,남,51세,상해없음,승용,남,48세,경상
2011013000100448,2011년 1월 30일 23시,일요일,인천광역시 남구 도화동,중상사고,0,1,0,0,차대차 - 측면직각충돌,안전운전불이행,건조,맑음,단일로 - 기타,기타불명,기타불명,기타불명,기타불명,승용,남,46세,중상
2011013100100010,2011년 1월 31일 00시,월요일,인천광역시 남동구 구월동,중상사고,0,1,0,0,차대사람 - 횡단중,신호위반,건조,맑음,단일로 - 횡단보도상,화물,남,49세,상해없음,보행자,여,31세,중상
2011013100100011,2011년 1월 31일 00시,월요일,인천광역시 남동구 논현동,경상사고,0,0,1,0,차대사람 - 기타,신호위반,건조,맑음,교차로 - 교차로부근,승용,남,28세,상해없음,보행자,남,38세,경상
2011013100100012,2011년 1월 31일 00시,월요일,인천광역시 서구 가좌동,경상사고,0,0,2,0,차대차 - 기타,불법유턴,건조,맑음,단일로 - 교량,승용,남,58세,상해없음,승용,여,38세,경상
2011013100100023,2011년 1월 31일 01시,월요일,인천광역시 남동구 간석동,중상사고,0,1,0,0,차대사람 - 차도통행중,안전운전불이행,건조,맑음,단일로 - 기타,승용,남,21세,상해없음,보행자,여,24세,중상
2011013100100030,2011년 1월 31일 02시,월요일,인천광역시 남구 주안동,경상사고,0,0,1,0,차대차 - 측면직각충돌,신호위반,건조,맑음,단일로 - 기타,이륜,남,17세,상해없음,승용,남,43세,경상
2011013100100031,2011년 1월 31일 02시,월요일,인천광역시 남동구 간석동,중상사고,0,1,0,0,차대사람 - 횡단중,보행자보호의무위반,건조,맑음,단일로 - 횡단보도상,승용,기타불명,기타불명,기타불명,보행자,여,66세,중상
2011013100100056,2011년 1월 31일 05시,월요일,인천광역시 남동구 장수동,중상사고,0,2,0,0,차대차 - 측면직각충돌,안전운전불이행,건조,맑음,단일로 - 기타,승용,남,40세,상해없음,승용,남,71세,중상
2011013100100073,2011년 1월 31일 06시,월요일,인천광역시 계양구 서운동,경상사고,0,0,2,0,차대차 - 기타,안전거리미확보,결빙,맑음,단일로 - 기타,화물,남,29세,상해없음,승용,남,36세,경상
2011013100100128,2011년 1월 31일 08시,월요일,인천광역시 남구 학익동,중상사고,0,1,0,0,차대차 - 추돌 - 진행중,안전운전불이행,건조,맑음,단일로 - 기타,승용,남,34세,상해없음,승용,남,58세,중상
2011013100100188,2011년 1월 31일 10시,월요일,인천광역시 중구 운서동,경상사고,0,0,2,0,차대차 - 측면직각충돌,중앙선침범,건조,맑음,단일로 - 기타,승용,남,36세,상해없음,승용,남,50세,경상
2011013100100189,2011년 1월 31일 10시,월요일,인천광역시 남동구 논현동,경상사고,0,0,1,0,차대차 - 기타,신호위반,건조,맑음,교차로 - 교차로안,화물,남,64세,상해없음,승용,여,43세,경상
2011013100100214,2011년 1월 31일 11시,월요일,인천광역시 부평구 일신동,중상사고,0,1,0,0,차대차 - 측면직각충돌,안전운전불이행,건조,맑음,교차로 - 교차로안,화물,남,34세,상해없음,원동기,남,44세,중상
2011013100100242,2011년 1월 31일 12시,월요일,인천광역시 남동구 남촌동,경상사고,0,0,1,0,차대차 - 측면직각충돌,안전거리미확보,건조,맑음,단일로 - 기타,승용,남,25세,상해없음,승용,여,38세,경상
2011013100100243,2011년 1월 31일 12시,월요일,인천광역시 남동구 남촌동,경상사고,0,0,2,0,차대차 - 측면직각충돌,안전거리미확보,건조,맑음,단일로 - 기타,승용,여,38세,상해없음,승용,남,36세,경상
2011013100100244,2011년 1월 31일 12시,월요일,인천광역시 서구 왕길동,중상사고,0,1,0,0,차량단독 - 기타,안전운전불이행,건조,맑음,교차로 - 교차로부근,승합,남,52세,상해없음,,,,
2011013100100304,2011년 1월 31일 14시,월요일,인천광역시 남동구 구월동,경상사고,0,0,1,0,차대사람 - 횡단중,기타,건조,맑음,단일로 - 기타,승용,여,50세,상해없음,보행자,남,38세,경상
2011013100100338,2011년 1월 31일 15시,월요일,인천광역시 중구 운남동,경상사고,0,0,1,0,차대차 - 기타,안전운전불이행,건조,맑음,단일로 - 기타,승용,남,52세,상해없음,승용,남,55세,경상