사고번호,사고일시,요일,시군구,사고내용,사망자수,중상자수,경상자수,부상신고자수,사고유형,법규위반,노면상태,기상상태,도로형태,가해운전자 차종,가해운전자 성별,가해운전자 연령,가해운전자 상해정도,피해운전자 차종,피해운전자 성별,피해운전자 연령,피해운전자 상해정도
2011020500100342,2011년 2월 5일 20시,토요일,인천광역시 연수구 연수동,경상사고,0,0,1,0,차대차 - 측면직각충돌,안전운전불이행,건조,맑음,단일로 - 기타,화물,남,68세,상해없음,승용,남,25세,경상
2011020500100399,2011년 2월 5일 22시,토요일,인천광역시 계양구 용종동,중상사고,0,1,0,0,차대사람 - 차도통행중,신호위반,건조,맑음,교차로 - 교차로안,승용,남,29세,상해없음,보행자,여,19세,중상
2011020500100419,2011년 2월 5일 23시,토요일,인천광역시 남구 주안동,경상사고,0,0,2,0,차량단독 - 공작물충돌,안전운전불이행,건조,맑음,단일로 - 터널,승용,남,34세,상해없음,,,,
2011020600100017,2011년 2월 6일 00시,일요일,인천광역시 서구 가정동,경상사고,0,0,2,0,차대차 - 측면직각충돌,안전거리미확보,건조,맑음,단일로 - 기타,승용,남,55세,상해없음,승용,남,39세,경상
2011020600100018,2011년 2월 6일 00시,일요일,인천광역시 계양구 작전동,경상사고,0,0,4,0,차대차 - 측면직각충돌,직진우회전진행방해,건조,맑음,교차로 - 교차로안,승용,남,53세,상해없음,승용,남,25세,상해없음
2011020600100044,2011년 2월 6일 01시,일요일,인천광역시 남구 주안동,중상사고,0,1,5,0,차대차 - 측면직각충돌,교차로운행방법위반,건조,맑음,교차로 - 교차로안,화물,남,56세,상해없음,승용,남,48세,경상
2011020600100045,2011년 2월 6일 01시,일요일,인천광역시 부평구 부평동,부상신고사고,0,0,0,1,차대차 - 추돌 - 주정차중,안전운전불이행,건조,맑음,교차로 - 교차로부근,승용,여,22세,상해없음,승용,남,56세,상해없음
2011020600100046,2011년 2월 6일 01시,일요일,인천광역시 남동구 구월동,경상사고,0,0,1,0,차대차 - 측면직각충돌,신호위반,건조,흐림,교차로 - 교차로안,승용,남,36세,상해없음,이륜,남,17세,경상
2011020600100062,2011년 2월 6일 02시,일요일,인천광역시 남구 도화동,경상사고,0,0,5,0,차대차 - 추돌 - 진행중,안전운전불이행,건조,맑음,교차로 - 교차로안,승용,남,50세,상해없음,승용,여,41세,경상
2011020600100063,2011년 2월 6일 02시,일요일,인천광역시 남구 숭의동,경상사고,0,0,1,0,차대사람 - 기타,안전운전불이행,건조,맑음,단일로 - 기타,승용,남,41세,상해없음,보행자,남,28세,경상
2011020600100064,2011년 2월 6일 02시,일요일,인천광역시 남동구 간석동,중상사고,0,1,0,0,차대사람 - 차도통행중,안전운전불이행,건조,맑음,단일로 - 기타,원동기,기타불명,기타불명,기타불명,보행자,남,31세,중상
2011020600100065,2011년 2월 6일 02시,일요일,인천광역시 연수구 연수동,중상사고,0,1,0,0,차대차 - 측면직각충돌,신호위반,건조,맑음,교차로 - 교차로안,승용,남,62세,상해없음,이륜,남,17세,중상
2011020600100079,2011년 2월 6일 03시,일요일,인천광역시 남구 도화동,중상사고,0,1,1,0,차대차 - 기타,안전운전불이행,건조,맑음,단일로 - 기타,화물,남,39세,상해없음,승용,남,43세,경상
2011020600100080,2011년 2월 6일 03시,일요일,인천광역시 남동구 구월동,사망사고,1,2,0,0,차대차 - 측면직각충돌,신호위반,건조,맑음,교차로 - 교차로안,승용,남,34세,상해없음,승용,남,50세,중상
2011020600100081,2011년 2월 6일 03시,일요일,인천광역시 남동구 만수동,중상사고,0,1,0,0,차대사람 - 기타,안전운전불이행,건조,맑음,단일로 - 기타,승용,기타불명,기타불명,기타불명,보행자,남,19세,중상
2011020600100082,2011년 2월 6일 03시,일요일,인천광역시 연수구 동춘동,경상사고,0,0,1,0,차대차 - 기타,안전운전불이행,건조,맑음,교차로 - 교차로부근,승용,남,52세,상해없음,승용,여,42세,경상
2011020600100093,2011년 2월 6일 04시,일요일,인천광역시 서구 석남동,경상사고,0,0,3,0,차대차 - 측면직각충돌,안전운전불이행,건조,맑음,교차로 - 교차로부근,승용,남,21세,상해없음,승용,남,48세,경상
2011020600100103,2011년 2월 6일 05시,일요일,인천광역시 부평구 부평동,사망사고,1,0,0,0,차대차 - 측면직각충돌,안전운전불이행,건조,맑음,교차로 - 교차로부근,승용,여,51세,상해없음,승용,남,39세,상해없음
2011020600100104,2011년 2월 6일 05시,일요일,인천광역시 부평구 부평동,중상사고,0,1,4,0,차대차 - 추돌 - 주정차중,안전운전불이행,건조,맑음,단일로 - 기타,승용,남,35세,상해없음,승용,남,62세,경상
2011020600100121,2011년 2월 6일 07시,일요일,인천광역시 부평구 청천동,중상사고,0,2,1,0,차대차 - 추돌 - 진행중,안전거리미확보,건조,맑음,교차로 - 교차로안,승합,남,46세,상해없음,승용,남,58세,경상
2011020600100143,2011년 2월 6일 09시,일요일,인천광역시 남동구 구월동,경상사고,0,0,1,0,차대차 - 추돌 - 주정차중,안전운전불이행,건조,맑음,단일로 - 기타,승용,남,40세,상해없음,승용,남,26세,경상
2011020600100144,2011년 2월 6일 09시,일요일,인천광역시 서구 가정동,경상사고,0,0,1,0,차량단독 - 기타,안전운전불이행,습기,흐림,단일로 - 기타,승합,남,43세,상해없음,,,,
2011020600100164,2011년 2월 6일 11시,일요일,인천광역시 부평구 갈산동,중상사고,0,2,1,0,차대차 - 측면직각충돌,안전운전불이행,건조,맑음,교차로 - 교차로안,승용,여,39세,상해없음,승용,남,28세,중상
2011020600100178,2011년 2월 6일 12시,일요일,인천광역시 남구 주안동,중상사고,0,1,0,0,차대사람 - 횡단중,안전운전불이행,건조,맑음,단일로 - 기타,승용,여,39세,상해없음,보행자,남,12세,중상
2011020600100189,2011년 2월 6일 13시,일요일,인천광역시 부평구 갈산동,부상신고사고,0,0,0,1,차대차 - 측면직각충돌,안전운전불이행,건조,맑음,교차로 - 교차로부근,원동기,남,46세,부상신고,승용,남,34세,상해없음
2011020600100269,2011년 2월 6일 18시,일요일,인천광역시 남구 용현동,중상사고,0,2,0,0,차대차 - 측면직각충돌,안전거리미확보,습기,맑음,단일로 - 기타,승합,남,33세,상해없음,승용,남,59세,중상
2011020600100270,2011년 2월 6일 18시,일요일,인천광역시 남동구 논현동,중상사고,0,1,0,0,차대차 - 측면직각충돌,안전운전불이행,건조,맑음,단일로 - 기타,승용,여,36세,상해없음,이륜,남,49세,중상
2011020600100349,2011년 2월 6일 21시,일요일,인천광역시 계양구 계산동,경상사고,0,0,1,0,차대차 - 정면충돌,안전운전불이행,건조,맑음,단일로 - 기타,승용,여,63세,상해없음,이륜,남,19세,경상
2011020600100378,2011년 2월 6일 23시,일요일,인천광역시 중구 신흥동1가,경상사고,0,0,1,0,차대차 - 추돌 - 주정차중,안전운전불이행,건조,맑음,교차로 - 교차로부근,승용,기타불명,기타불명,기타불명,승용,남,67세,경상
2011020600100379,2011년 2월 6일 23시,일요일,인천광역시 남동구 만수동,경상사고,0,0,1,0,차대차 - 측면직각충돌,신호위반,건조,맑음,교차로 - 교차로안,승용,남,43세,상해없음,화물,남,44세,경상
2011020600100380,2011년 2월 6일 23시,일요일,인천광역시 남동구 간석동,경상사고,0,0,2,0,차대차 - 추돌 - 주정차중,교차로운행방법위반,건조,맑음,교차로 - 교차로안,승용,남,58세,상해없음,승용,남,47세,경상
2011020700100026,2011년 2월 7일 01시,월요일,인천광역시 부평구 구산동,경상사고,0,0,1,0,차대차 - 측면직각충돌,안전운전불이행,습기,맑음,교차로 - 교차로부근,승용,기타불명,기타불명,기타불명,승용,남,23세,경상
2011020700100040,2011년 2월 7일 03시,월요일,인천광역시 부평구 부평동,경상사고,0,0,1,0,차대사람 - 기타,안전운전불이행,습기,맑음,단일로 - 기타,승용,남,20세,상해없음,보행자,남,17세,경상
2011020700100061,2011년 2월 7일 05시,월요일,인천광역시 중구 운서동,경상사고,0,0,1,0,차대차 - 측면직각충돌,중앙선침범,건조,맑음,교차로 - 교차로부근,승용,여,55세,상해없음,화물,남,47세,경상
2011020700100127,2011년 2월 7일 08시,월요일,인천광역시 연수구 송도동,경상사고,0,0,2,0,차대차 - 추돌 - 진행중,안전운전불이행,건조,맑음,단일로 - 기타,승용,여,39세,상해없음,승용,여,39세,경상
2011020700100158,2011년 2월 7일 09시,월요일,인천광역시 남동구 만수동,경상사고,0,0,13,3,차대차 - 추돌 - 진행중,안전거리미확보,건조,맑음,교차로 - 교차로부근,승합,남,50세,상해없음,승합,남,53세,상해없음
2011020700100200,2011년 2월 7일 11시,월요일,인천광역시 서구 백석동,사망사고,1,1,0,0,차대차 - 정면충돌,중앙선침범,건조,맑음,단일로 - 기타,승용,남,49세,사망,건설기계,남,43세,중상
2011020700100223,2011년 2월 7일 12시,월요일,인천광역시 강화군 화도면,중상사고,0,1,0,0,차대차 - 기타,안전운전불이행,건조,맑음,단일로 - 기타,승합,남,44세,상해없음,이륜,남,83세,중상
2011020700100265,2011년 2월 7일 14시,월요일,인천광역시 중구 항동7가,경상사고,0,0,1,0,차대사람 - 횡단중,안전운전불이행,건조,흐림,단일로 - 기타,화물,남,28세,상해없음,보행자,남,31세,경상
2011020700100315,2011년 2월 7일 16시,월요일,인천광역시 계양구 효성동,중상사고,0,2,0,0,차대차 - 정면충돌,교차로운행방법위반,건조,맑음,교차로 - 교차로안,승합,남,30세,상해없음,이륜,남,27세,중상
2011020700100336,2011년 2월 7일 17시,월요일,인천광역시 연수구 옥련동,경상사고,0,0,1,0,차대차 - 측면직각충돌,안전거리미확보,건조,맑음,단일로 - 기타,화물,여,56세,상해없음,승용,남,35세,경상
2011020700100390,2011년 2월 7일 19시,월요일,인천광역시 남동구 간석동,경상사고,0,0,1,0,차대차 - 기타,기타,건조,맑음,단일로 - 기타,승용,남,40세,상해없음,이륜,남,34세,경상
2011020700100414,2011년 2월 7일 20시,월요일,인천광역시 계양구 계산동,중상사고,0,1,0,0,차대사람 - 기타,안전운전불이행,건조,맑음,단일로 - 기타,승용,여,27세,상해없음,보행자,여,27세,중상
2011020700100466,2011년 2월 7일 22시,월요일,인천광역시 계양구 계산동,경상사고,0,0,2,0,차대차 - 기타,신호위반,건조,맑음,교차로 - 교차로안,승용,남,27세,상해없음,승용,남,44세,경상
2011020700100467,2011년 2월 7일 22시,월요일,인천광역시 계양구 병방동,경상사고,0,0,1,0,차대사람 - 기타,기타,건조,맑음,교차로 - 교차로부근,승용,남,60세,상해없음,보행자,남,26세,경상
2011020700100491,2011년 2월 7일 23시,월요일,인천광역시 부평구 삼산동,경상사고,0,0,2,0,차대차 - 측면직각충돌,안전운전불이행,습기,맑음,단일로 - 기타,승용,남,28세,상해없음,승용,남,41세,경상
2011020800100017,2011년 2월 8일 00시,화요일,인천광역시 남구 학익동,중상사고,0,1,0,0,차대사람 - 기타,안전운전불이행,건조,맑음,교차로 - 교차로부근,승용,남,50세,상해없음,보행자,남,48세,중상
2011020800100056,2011년 2월 8일 05시,화요일,인천광역시 계양구 서운동,중상사고,0,1,0,0,차대차 - 측면직각충돌,신호위반,건조,맑음,교차로 - 교차로안,이륜,남,67세,중상,승용,남,60세,상해없음
2011020800100094,2011년 2월 8일 08시,화요일,인천광역시 남동구 만수동,중상사고,0,1,0,0,차대차 - 정면충돌,안전거리미확보,건조,맑음,단일로 - 기타,승용,여,41세,상해없음,승용,여,37세,중상
2011020800100151,2011년 2월 8일 11시,화요일,인천광역시 남구 주안동,경상사고,0,0,1,0,차대사람 - 차도통행중,불법유턴,건조,맑음,단일로 - 기타,승용,남,54세,상해없음,보행자,남,42세,경상
2011020800100169,2011년 2월 8일 12시,화요일,인천광역시 부평구 청천동,경상사고,0,0,1,0,차대차 - 추돌 - 주정차중,안전운전불이행,건조,맑음,단일로 - 기타,승합,남,47세,상해없음,승용,남,44세,경상
2011020800100207,2011년 2월 8일 14시,화요일,인천광역시 남구 도화동,경상사고,0,0,3,0,차대차 - 측면직각충돌,안전운전불이행,건조,맑음,교차로 - 교차로부근,화물,남,30세,경상,승합,남,61세,상해없음
2011020800100208,2011년 2월 8일 14시,화요일,인천광역시 남구 숭의동,중상사고,0,1,0,0,차대사람 - 기타,안전운전불이행,건조,맑음,기타 - 기타,이륜,남,45세,상해없음,보행자,남,76세,중상
2011020800100209,2011년 2월 8일 14시,화요일,인천광역시 계양구 작전동,경상사고,0,0,1,0,차대사람 - 차도통행중,안전운전불이행,건조,맑음,교차로 - 교차로부근,승용,남,37세,상해없음,보행자,남,21세,경상
2011020800100226,2011년 2월 8일 15시,화요일,인천광역시 부평구 부평동,경상사고,0,0,1,0,차대차 - 측면직각충돌,신호위반,건조,맑음,교차로 - 교차로안,승용,남,39세,상해없음,승용,남,65세,경상
2011020800100245,2011년 2월 8일 16시,화요일,인천광역시 중구 항동7가,중상사고,0,1,0,0,차대차 - 측면직각충돌,신호위반,건조,맑음,교차로 - 교차로안,승용,남,49세,상해없음,승용,남,32세,중상
2011020800100246,2011년 2월 8일 16시,화요일,인천광역시 연수구 연수동,경상사고,0,0,1,0,차량단독 - 기타,안전운전불이행,건조,맑음,교차로 - 교차로부근,승합,남,61세,상해없음,,,,
2011020800100273,2011년 2월 8일 17시,화요일,인천광역시 서구 석남동,경상사고,0,0,1,0,차대차 - 추돌 - 진행중,안전거리미확보,건조,맑음,단일로 - 기타,화물,남,53세,상해없음,이륜,남,31세,경상
2011020800100373,2011년 2월 8일 21시,화요일,인천광역시 계양구 임학동,경상사고,0,0,1,0,차대사람 - 차도통행중,안전운전불이행,건조,맑음,단일로 - 기타,승용,남,34세,상해없음,보행자,남,44세,경상
2011020800100374,2011년 2월 8일 21시,화요일,인천광역시 연수구 송도동,경상사고,0,0,3,0,차대차 - 추돌 - 주정차중,안전운전불이행,결빙,맑음,교차로 - 교차로부근,승용,남,35세,상해없음,승용,남,35세,경상
2011020800100399,2011년 2월 8일 22시,화요일,인천광역시 서구 당하동,중상사고,0,1,0,0,차대차 - 추돌 - 주정차중,안전운전불이행,건조,맑음,단일로 - 기타,승용,기타불명,기타불명,기타불명,승용,남,52세,중상
2011020800100423,2011년 2월 8일 23시,화요일,인천광역시 부평구 산곡동,중상사고,0,1,0,0,차대차 - 측면직각충돌,안전운전불이행,건조,맑음,단일로 - 기타,화물,남,26세,상해없음,승용,여,47세,중상
2011020900100033,2011년 2월 9일 02시,수요일,인천광역시 남구 관교동,중상사고,0,1,1,0,차대차 - 추돌 - 진행중,안전운전불이행,건조,맑음,단일로 - 기타,승용,남,41세,상해없음,승용,남,54세,중상
2011020900100066,2011년 2월 9일 05시,수요일,인천광역시 남구 주안동,중상사고,0,1,1,0,차대차 - 기타,신호위반,건조,맑음,교차로 - 교차로안,승용,남,57세,상해없음,화물,남,51세,중상
2011020900100067,2011년 2월 9일 05시,수요일,인천광역시 부평구 청천동,중상사고,0,1,0,0,차대차 - 측면직각충돌,중앙선침범,건조,맑음,교차로 - 교차로부근,승용,남,30세,상해없음,승용,남,71세,중상
2011020900100091,2011년 2월 9일 06시,수요일,인천광역시 남동구 만수동,중상사고,0,1,0,0,차대사람 - 기타,안전운전불이행,건조,맑음,단일로 - 기타,승합,남,21세,상해없음,보행자,남,56세,중상
2011020900100092,2011년 2월 9일 06시,수요일,인천광역시 서구 불로동,경상사고,0,0,3,0,차대차 - 기타,중앙선침범,건조,맑음,단일로 - 기타,승용,남,54세,경상,화물,남,51세,경상
2011020900100267,2011년 2월 9일 12시,수요일,인천광역시 남동구 만수동,경상사고,0,0,2,0,차대차 - 측면직각충돌,교차로운행방법위반,건조,맑음,교차로 - 교차로부근,승용,여,46세,상해없음,승용,남,50세,경상
2011020900100311,2011년 2월 9일 14시,수요일,인천광역시 남구 용현동,중상사고,0,1,0,0,차대차 - 기타,안전운전불이행,건조,맑음,단일로 - 횡단보도상,승용,남,24세,상해없음,자전거,여,52세,중상
2011020900100332,2011년 2월 9일 15시,수요일,인천광역시 서구 석남동,경상사고,0,0,1,0,차대사람 - 기타,안전운전불이행,건조,맑음,단일로 - 기타,승합,여,55세,상해없음,보행자,여,68세,경상
2011020900100333,2011년 2월 9일 15시,수요일,인천광역시 부평구 부개동,중상사고,0,1,0,0,차량단독 - 기타,안전운전불이행,건조,맑음,단일로 - 기타,승합,남,61세,상해없음,,,,
2011020900100409,2011년 2월 9일 18시,수요일,인천광역시 남구 주안동,경상사고,0,0,1,0,차대사람 - 기타,안전운전불이행,건조,맑음,단일로 - 기타,승용,남,51세,상해없음,보행자,여,76세,경상
2011020900100410,2011년 2월 9일 18시,수요일,인천광역시 남구 학익동,경상사고,0,0,1,0,차대사람 - 횡단중,신호위반,건조,맑음,단일로 - 횡단보도상,승합,남,67세,상해없음,보행자,남,61세,경상
2011020900100411,2011년 2월 9일 18시,수요일,인천광역시 부평구 계산동,중상사고,0,1,0,0,차대사람 - 횡단중,안전운전불이행,건조,맑음,단일로 - 횡단보도상,화물,남,29세,상해없음,보행자,남,85세,중상
2011020900100439,2011년 2월 9일 19시,수요일,인천광역시 동구 송림동,중상사고,0,1,0,0,차대차 - 측면직각충돌,신호위반,건조,맑음,교차로 - 교차로안,승용,남,54세,상해없음,승용,남,50세,중상
2011020900100471,2011년 2월 9일 20시,수요일,인천광역시 동구 만석동,중상사고,0,1,0,0,차대사람 - 횡단중,안전운전불이행,건조,맑음,교차로 - 교차로안,승합,남,66세,상해없음,보행자,남,48세,중상
2011020900100472,2011년 2월 9일 20시,수요일,인천광역시 계양구 작전동,경상사고,0,0,1,0,차대차 - 추돌 - 진행중,안전운전불이행,건조,맑음,단일로 - 기타,승용,기타불명,기타불명,기타불명,승용,남,60세,경상
2011020900100497,2011년 2월 9일 21시,수요일,인천광역시 남구 관교동,중상사고,0,1,1,0,차대차 - 기타,안전운전불이행,건조,맑음,교차로 - 교차로안,승용,남,57세,상해없음,승용,남,46세,중상
2011020900100498,2011년 2월 9일 21시,수요일,인천광역시 부평구 부평동,경상사고,0,0,1,0,차대사람 - 차도통행중,안전운전불이행,건조,맑음,교차로 - 교차로부근,승용,남,27세,상해없음,보행자,남,15세,경상
2011020900100524,2011년 2월 9일 22시,수요일,인천광역시 부평구 산곡동,경상사고,0,0,2,0,차대차 - 측면직각충돌,교차로운행방법위반,건조,맑음,단일로 - 교량,이륜,남,16세,상해없음,승용,여,34세,경상
2011020900100525,2011년 2월 9일 22시,수요일,인천광역시 계양구 작전동,사망사고,1,0,0,0,차량단독 - 기타,안전운전불이행,건조,맑음,단일로 - 기타,이륜,남,42세,사망,,,,
2011020900100546,2011년 2월 9일 23시,수요일,인천광역시 남동구 만수동,중상사고,0,1,0,0,차대차 - 추돌 - 주정차중,안전운전불이행,건조,맑음,교차로 - 교차로부근,승용,남,29세,상해없음,승용,남,45세,중상
2011020900100547,2011년 2월 9일 23시,수요일,인천광역시 계양구 병방동,경상사고,0,0,1,0,차대차 - 추돌 - 진행중,안전운전불이행,건조,맑음,교차로 - 교차로부근,승용,남,42세,상해없음,승용,남,53세,경상
2011020900100548,2011년 2월 9일 23시,수요일,인천광역시 부평구 효성동,중상사고,0,5,0,0,차대차 - 추돌 - 진행중,안전운전불이행,건조,맑음,단일로 - 기타,승용,남,31세,상해없음,화물,남,65세,중상
2011021000100023,2011년 2월 10일 00시,목요일,인천광역시 남구 용현동,경상사고,0,0,2,0,차대사람 - 차도통행중,안전운전불이행,건조,맑음,교차로 - 교차로안,승용,남,30세,상해없음,보행자,남,24세,경상
2011021000100024,2011년 2월 10일 00시,목요일,인천광역시 남구 도화동,중상사고,0,1,0,0,차대사람 - 횡단중,안전운전불이행,건조,맑음,교차로 - 교차로부근,화물,남,44세,상해없음,보행자,여,18세,중상
2011021000100047,2011년 2월 10일 02시,목요일,인천광역시 남동구 간석동,경상사고,0,0,1,0,차량단독 - 공작물충돌,안전운전불이행,건조,맑음,단일로 - 기타,승용,남,51세,경상,,,,
2011021000100048,2011년 2월 10일 02시,목요일,인천광역시 남동구 간석동,경상사고,0,0,1,0,차대차 - 추돌 - 진행중,안전운전불이행,건조,맑음,교차로 - 교차로부근,승합,남,55세,상해없음,승용,여,46세,경상
2011021000100062,2011년 2월 10일 04시,목요일,인천광역시 계양구 계산동,경상사고,0,0,2,0,차대차 - 측면직각충돌,기타,건조,맑음,단일로 - 기타,승용,남,57세,상해없음,원동기,남,17세,경상
2011021000100110,2011년 2월 10일 08시,목요일,인천광역시 부평구 갈산동,경상사고,0,0,1,0,차대차 - 정면충돌,안전운전불이행,건조,맑음,교차로 - 교차로안,화물,남,33세,상해없음,화물,남,44세,상해없음
2011021000100134,2011년 2월 10일 09시,목요일,인천광역시 중구 경동,경상사고,0,0,3,0,차대차 - 추돌 - 진행중,교차로운행방법위반,건조,맑음,교차로 - 교차로부근,승용,남,66세,상해없음,승용,남,36세,경상
2011021000100135,2011년 2월 10일 09시,목요일,인천광역시 동구 송림동,중상사고,0,1,0,0,차대사람 - 횡단중,안전운전불이행,건조,맑음,단일로 - 횡단보도상,승용,남,30세,상해없음,보행자,여,56세,중상
2011021000100136,2011년 2월 10일 09시,목요일,인천광역시 서구 왕길동,중상사고,0,1,0,0,차대차 - 측면직각충돌,안전운전불이행,건조,맑음,단일로 - 기타,승합,남,52세,상해없음,승용,여,38세,중상
2011021000100149,2011년 2월 10일 10시,목요일,인천광역시 부평구 십정동,경상사고,0,0,1,0,차대차 - 측면직각충돌,신호위반,건조,맑음,교차로 - 교차로안,승용,남,61세,상해없음,승용,남,50세,상해없음
2011021000100173,2011년 2월 10일 11시,목요일,인천광역시 남구 도화동,중상사고,0,1,0,0,차대차 - 기타,안전운전불이행,건조,맑음,교차로 - 교차로부근,화물,남,49세,상해없음,승합,남,45세,상해없음
2011021000100190,2011년 2월 10일 12시,목요일,인천광역시 계양구 효성동,중상사고,0,1,0,0,차대차 - 측면직각충돌,안전운전불이행,건조,맑음,단일로 - 횡단보도상,승용,남,49세,상해없음,자전거,남,74세,중상
2011021000100209,2011년 2월 10일 13시,목요일,인천광역시 남동구 고잔동,경상사고,0,0,1,0,차대사람 - 기타,안전운전불이행,건조,맑음,교차로 - 교차로부근,승용,남,50세,상해없음,보행자,남,48세,경상
2011021000100233,2011년 2월 10일 14시,목요일,인천광역시 남동구 간석동,경상사고,0,0,1,0,차대사람 - 차도통행중,안전운전불이행,건조,맑음,단일로 - 기타,승용,남,59세,상해없음,보행자,여,17세,경상
2011021000100258,2011년 2월 10일 15시,목요일,인천광역시 서구 불로동,중상사고,0,1,0,0,차대사람 - 횡단중,안전운전불이행,건조,맑음,교차로 - 교차로부근,승용,남,37세,상해없음,보행자,여,18세,중상
2011021000100259,2011년 2월 10일 15시,목요일,인천광역시 부평구 삼산동,중상사고,0,2,0,0,차대차 - 추돌 - 진행중,차로위반,건조,맑음,단일로 - 기타,승용,남,38세,상해없음,승용,남,22세,중상
2011021000100280,2011년 2월 10일 16시,목요일,인천광역시 중구 항동7가,중상사고,0,1,0,0,차대사람 - 차도통행중,안전운전불이행,건조,맑음,교차로 - 교차로안,승용,남,30세,상해없음,보행자,남,50세,중상
2011021000100339,2011년 2월 10일 18시,목요일,인천광역시 남구 문학동,경상사고,0,0,1,0,차대사람 - 길가장자리구역통행중,안전운전불이행,건조,맑음,단일로 - 기타,승용,남,31세,상해없음,보행자,여,42세,경상
2011021000100410,2011년 2월 10일 20시,목요일,인천광역시 남동구 구월동,경상사고,0,0,1,0,차대차 - 추돌 - 진행중,안전거리미확보,건조,맑음,교차로 - 교차로안,승용,남,34세,상해없음,승용,남,46세,경상
2011021000100411,2011년 2월 10일 20시,목요일,인천광역시 연수구 송도동,경상사고,0,0,1,0,차대사람 - 횡단중,신호위반,건조,맑음,교차로 - 교차로안,화물,남,31세,상해없음,보행자,여,11세,경상
2011021000100444,2011년 2월 10일 21시,목요일,인천광역시 계양구 용종동,중상사고,0,1,1,0,차대차 - 추돌 - 주정차중,안전운전불이행,건조,맑음,교차로 - 교차로부근,승용,남,38세,상해없음,승용,남,37세,중상
2011021000100499,2011년 2월 10일 23시,목요일,인천광역시 남동구 구월동,경상사고,0,0,2,0,차대차 - 기타,교차로운행방법위반,건조,맑음,교차로 - 교차로안,승합,남,50세,상해없음,승합,남,64세,상해없음
2011021100100044,2011년 2월 11일 01시,금요일,인천광역시 부평구 십정동,경상사고,0,0,1,0,차대차 - 추돌 - 주정차중,안전운전불이행,건조,맑음,교차로 - 교차로부근,승용,남,33세,상해없음,승용,남,35세,경상
2011021100100045,2011년 2월 11일 01시,금요일,인천광역시 계양구 계산동,중상사고,0,2,0,0,차대차 - 기타,신호위반,건조,맑음,교차로 - 교차로안,승용,남,46세,상해없음,승용,남,55세,중상
2011021100100072,2011년 2월 11일 03시,금요일,인천광역시 남동구 간석동,경상사고,0,0,5,0,차대차 - 측면직각충돌,교차로운행방법위반,건조,맑음,교차로 - 교차로안,승용,남,52세,상해없음,승합,남,52세,경상
2011021100100082,2011년 2월 11일 04시,금요일,인천광역시 남구 주안동,중상사고,0,1,0,0,차대사람 - 길가장자리구역통행중,안전운전불이행,건조,맑음,교차로 - 교차로부근,승합,남,37세,상해없음,보행자,남,37세,중상
2011021100100107,2011년 2월 11일 06시,금요일,인천광역시 남구 주안동,중상사고,0,1,0,0,차대차 - 측면직각충돌,안전운전불이행,건조,맑음,단일로 - 기타,승용,남,47세,상해없음,승용,남,53세,중상
2011021100100108,2011년 2월 11일 06시,금요일,인천광역시 계양구 선주지동,중상사고,0,2,1,0,차대차 - 정면충돌,중앙선침범,건조,맑음,단일로 - 기타,승용,남,30세,중상,승용,남,38세,경상
2011021100100109,2011년 2월 11일 06시,금요일,인천광역시 부평구 삼산동,중상사고,0,1,0,0,차대사람 - 보도통행중,신호위반,건조,맑음,단일로 - 횡단보도상,승합,남,44세,상해없음,보행자,남,64세,중상
2011021100100172,2011년 2월 11일 08시,금요일,인천광역시 남구 숭의동,경상사고,0,0,1,0,차대차 - 측면직각충돌,안전운전불이행,건조,맑음,교차로 - 교차로부근,승용,남,41세,경상,승합,남,54세,상해없음
2011021100100237,2011년 2월 11일 11시,금요일,인천광역시 남구 용현동,경상사고,0,0,1,0,차대차 - 측면직각충돌,교차로운행방법위반,건조,맑음,교차로 - 교차로안,승용,남,44세,상해없음,화물,남,63세,경상
2011021100100294,2011년 2월 11일 13시,금요일,인천광역시 남구 용현동,경상사고,0,0,1,0,차대차 - 측면직각충돌,차로위반,건조,맑음,단일로 - 기타,승용,남,19세,상해없음,승용,남,36세,상해없음
2011021100100295,2011년 2월 11일 13시,금요일,인천광역시 부평구 청천동,경상사고,0,0,1,0,차대차 - 측면직각충돌,신호위반,건조,맑음,교차로 - 교차로안,승용,여,53세,상해없음,원동기,남,17세,경상
2011021100100296,2011년 2월 11일 13시,금요일,인천광역시 남동구 만수동,경상사고,0,0,5,0,차대차 - 측면직각충돌,안전운전불이행,건조,맑음,교차로 - 교차로부근,화물,남,45세,상해없음,승용,여,34세,경상
2011021100100344,2011년 2월 11일 15시,금요일,인천광역시 중구 운서동,중상사고,0,3,0,0,차대차 - 측면직각충돌,안전운전불이행,건조,맑음,교차로 - 교차로안,승용,남,56세,중상,화물,남,44세,상해없음
2011021100100345,2011년 2월 11일 15시,금요일,인천광역시 계양구 계산동,중상사고,0,2,4,0,차대차 - 측면직각충돌,안전운전불이행,건조,맑음,단일로 - 기타,화물,남,38세,중상,승용,남,45세,경상
2011021100100370,2011년 2월 11일 16시,금요일,인천광역시 중구 항동7가,중상사고,0,1,0,0,차대사람 - 기타,안전운전불이행,건조,맑음,단일로 - 기타,기타불명,기타불명,기타불명,기타불명,보행자,남,56세,중상
2011021100100398,2011년 2월 11일 17시,금요일,인천광역시 부평구 청천동,중상사고,0,1,1,0,차대차 - 측면직각충돌,신호위반,건조,맑음,교차로 - 교차로안,승용,여,49세,상해없음,승합,남,56세,상해없음