사고번호,사고일시,요일,시군구,사고내용,사망자수,중상자수,경상자수,부상신고자수,사고유형,법규위반,노면상태,기상상태,도로형태,가해운전자 차종,가해운전자 성별,가해운전자 연령,가해운전자 상해정도,피해운전자 차종,피해운전자 성별,피해운전자 연령,피해운전자 상해정도
2011021700100472,2011년 2월 17일 20시,목요일,인천광역시 남동구 고잔동,중상사고,0,1,0,0,차량단독 - 기타,안전운전불이행,건조,맑음,교차로 - 교차로안,승합,남,60세,상해없음,,,,
2011021700100473,2011년 2월 17일 20시,목요일,인천광역시 남동구 고잔동,경상사고,0,0,3,0,차대차 - 추돌 - 진행중,안전운전불이행,건조,맑음,기타 - 기타,승용,여,33세,상해없음,승용,여,51세,경상
2011021700100508,2011년 2월 17일 21시,목요일,인천광역시 서구 가좌동,중상사고,0,1,0,0,차대차 - 측면직각충돌,안전운전불이행,건조,맑음,교차로 - 교차로안,승용,여,33세,상해없음,자전거,남,53세,중상
2011021700100509,2011년 2월 17일 21시,목요일,인천광역시 연수구 연수동,경상사고,0,0,1,0,차대사람 - 기타,안전운전불이행,건조,맑음,단일로 - 기타,승용,남,49세,상해없음,보행자,여,30세,경상
2011021700100541,2011년 2월 17일 22시,목요일,인천광역시 서구 검암동,중상사고,0,1,0,0,차대사람 - 기타,안전운전불이행,건조,맑음,기타 - 기타,승용,남,77세,상해없음,보행자,남,13세,중상
2011021700100542,2011년 2월 17일 22시,목요일,인천광역시 서구 가좌동,경상사고,0,0,1,0,차대사람 - 횡단중,안전운전불이행,건조,맑음,단일로 - 기타,이륜,남,17세,상해없음,보행자,남,39세,경상
2011021700100570,2011년 2월 17일 23시,목요일,인천광역시 부평구 갈산동,경상사고,0,0,1,0,차대차 - 측면직각충돌,안전운전불이행,건조,맑음,교차로 - 교차로안,승용,여,28세,상해없음,이륜,남,13세,경상
2011021800100024,2011년 2월 18일 00시,금요일,인천광역시 남동구 간석동,중상사고,0,1,0,0,차대사람 - 보도통행중,기타,건조,맑음,단일로 - 횡단보도상,승용,남,29세,상해없음,보행자,여,38세,중상
2011021800100037,2011년 2월 18일 01시,금요일,인천광역시 부평구 산곡동,중상사고,0,1,1,0,차대차 - 측면직각충돌,신호위반,건조,맑음,교차로 - 교차로안,승용,남,50세,상해없음,승용,남,52세,중상
2011021800100054,2011년 2월 18일 02시,금요일,인천광역시 부평구 십정동,경상사고,0,0,3,0,차대차 - 측면직각충돌,중앙선침범,건조,맑음,교차로 - 교차로부근,승용,남,30세,상해없음,승용,남,21세,경상
2011021800100089,2011년 2월 18일 05시,금요일,인천광역시 남동구 구월동,경상사고,0,0,1,0,차대차 - 기타,안전운전불이행,건조,맑음,단일로 - 기타,승용,여,24세,상해없음,승용,남,53세,경상
2011021800100133,2011년 2월 18일 07시,금요일,인천광역시 부평구 부평동,경상사고,0,0,1,0,차대차 - 측면직각충돌,교차로운행방법위반,건조,맑음,교차로 - 교차로안,승용,남,24세,상해없음,승용,남,35세,경상
2011021800100134,2011년 2월 18일 07시,금요일,인천광역시 부평구 부평동,경상사고,0,0,7,0,차대차 - 추돌 - 주정차중,안전운전불이행,건조,맑음,교차로 - 교차로부근,승용,남,33세,상해없음,승용,남,53세,경상
2011021800100171,2011년 2월 18일 08시,금요일,인천광역시 남구 도화동,중상사고,0,1,0,0,차대차 - 추돌 - 진행중,안전운전불이행,건조,맑음,단일로 - 기타,승용,남,57세,상해없음,승용,여,30세,중상
2011021800100197,2011년 2월 18일 09시,금요일,인천광역시 남동구 간석동,경상사고,0,0,1,0,차대차 - 측면직각충돌,안전거리미확보,건조,맑음,교차로 - 교차로부근,승용,남,40세,상해없음,승용,남,56세,경상
2011021800100263,2011년 2월 18일 13시,금요일,인천광역시 부평구 청천동,경상사고,0,0,1,0,차대차 - 추돌 - 주정차중,안전거리미확보,건조,맑음,교차로 - 교차로부근,화물,남,30세,상해없음,승용,여,52세,경상
2011021800100295,2011년 2월 18일 14시,금요일,인천광역시 남구 용현동,중상사고,0,1,1,0,차대차 - 측면직각충돌,안전거리미확보,건조,맑음,단일로 - 기타,승용,남,47세,상해없음,승용,남,47세,중상
2011021800100296,2011년 2월 18일 14시,금요일,인천광역시 서구 가좌동,중상사고,0,1,0,0,차대차 - 기타,신호위반,건조,맑음,단일로 - 횡단보도상,승용,남,67세,상해없음,자전거,남,77세,중상
2011021800100297,2011년 2월 18일 14시,금요일,인천광역시 계양구 귤현동,중상사고,0,4,0,0,차대차 - 정면충돌,중앙선침범,건조,맑음,단일로 - 기타,승용,남,75세,상해없음,승용,여,29세,중상
2011021800100325,2011년 2월 18일 15시,금요일,인천광역시 남구 학익동,경상사고,0,0,1,0,차대차 - 기타,중앙선침범,건조,맑음,교차로 - 교차로부근,건설기계,남,65세,상해없음,승용,여,50세,경상
2011021800100326,2011년 2월 18일 15시,금요일,인천광역시 남동구 구월동,경상사고,0,0,1,0,차대차 - 기타,안전운전불이행,건조,맑음,단일로 - 기타,승합,남,65세,상해없음,승합,남,49세,경상
2011021800100327,2011년 2월 18일 15시,금요일,인천광역시 계양구 오류동,중상사고,0,1,0,0,차대차 - 추돌 - 진행중,안전운전불이행,건조,맑음,단일로 - 기타,화물,남,42세,상해없음,승용,남,27세,중상
2011021800100328,2011년 2월 18일 15시,금요일,인천광역시 강화군 내가면,중상사고,0,2,0,0,차량단독 - 공작물충돌,안전운전불이행,건조,맑음,단일로 - 기타,승합,남,67세,중상,,,,
2011021800100370,2011년 2월 18일 17시,금요일,인천광역시 부평구 부평동,경상사고,0,0,1,0,차대차 - 추돌 - 주정차중,안전운전불이행,건조,맑음,교차로 - 교차로부근,승용,여,44세,상해없음,승용,여,26세,경상
2011021800100371,2011년 2월 18일 17시,금요일,인천광역시 부평구 부개동,중상사고,0,1,0,0,차대사람 - 기타,안전운전불이행,건조,맑음,교차로 - 교차로부근,화물,남,37세,상해없음,보행자,남,56세,중상
2011021800100468,2011년 2월 18일 20시,금요일,인천광역시 남구 용현동,부상신고사고,0,0,0,1,차대차 - 측면직각충돌,직진우회전진행방해,건조,맑음,교차로 - 교차로안,이륜,남,16세,부상신고,승용,남,56세,상해없음
2011021800100469,2011년 2월 18일 20시,금요일,인천광역시 남동구 구월동,중상사고,0,1,1,0,차대차 - 측면직각충돌,안전운전불이행,건조,맑음,단일로 - 기타,승합,남,53세,상해없음,승용,남,22세,상해없음
2011021800100470,2011년 2월 18일 20시,금요일,인천광역시 남동구 구월동,경상사고,0,0,3,0,차대차 - 추돌 - 주정차중,안전운전불이행,건조,맑음,교차로 - 교차로부근,승용,여,30세,상해없음,승용,남,23세,경상
2011021800100495,2011년 2월 18일 21시,금요일,인천광역시 남구 주안동,경상사고,0,0,1,0,차대차 - 추돌 - 주정차중,안전운전불이행,건조,맑음,단일로 - 교량,승용,남,44세,상해없음,승용,남,63세,경상
2011021800100521,2011년 2월 18일 22시,금요일,인천광역시 남구 주안동,경상사고,0,0,1,0,차대사람 - 기타,안전운전불이행,건조,맑음,단일로 - 기타,기타불명,기타불명,기타불명,기타불명,보행자,남,26세,경상
2011021800100522,2011년 2월 18일 22시,금요일,인천광역시 서구 당하동,경상사고,0,0,1,0,차대차 - 측면직각충돌,신호위반,건조,맑음,교차로 - 교차로안,이륜,남,16세,경상,승용,남,35세,상해없음
2011021800100559,2011년 2월 18일 23시,금요일,인천광역시 남동구 만수동,경상사고,0,0,1,0,차대차 - 추돌 - 주정차중,안전운전불이행,건조,맑음,단일로 - 기타,승용,남,45세,상해없음,승용,남,33세,경상
2011021900100023,2011년 2월 19일 00시,토요일,인천광역시 동구 화수동,경상사고,0,0,2,0,차대차 - 추돌 - 진행중,안전운전불이행,건조,맑음,교차로 - 교차로부근,승용,남,32세,상해없음,승용,남,21세,경상
2011021900100040,2011년 2월 19일 01시,토요일,인천광역시 남구 숭의동,경상사고,0,0,1,1,차대차 - 측면직각충돌,직진우회전진행방해,건조,맑음,교차로 - 교차로안,승용,남,41세,상해없음,승용,남,49세,경상
2011021900100041,2011년 2월 19일 01시,토요일,인천광역시 부평구 부평동,경상사고,0,0,1,0,차대차 - 측면직각충돌,안전운전불이행,건조,맑음,교차로 - 교차로부근,승용,남,44세,상해없음,승용,여,28세,경상
2011021900100068,2011년 2월 19일 02시,토요일,인천광역시 계양구 계산동,경상사고,0,0,1,0,차대차 - 추돌 - 진행중,안전거리미확보,건조,맑음,단일로 - 횡단보도부근,승용,여,41세,상해없음,승용,남,53세,상해없음
2011021900100087,2011년 2월 19일 03시,토요일,인천광역시 남동구 간석동,중상사고,0,2,0,0,차대사람 - 차도통행중,안전운전불이행,건조,맑음,단일로 - 횡단보도부근,승용,남,38세,상해없음,보행자,남,19세,중상
2011021900100088,2011년 2월 19일 03시,토요일,인천광역시 남동구 장수동,경상사고,0,0,1,0,차대차 - 기타,안전거리미확보,건조,맑음,단일로 - 기타,승용,남,31세,상해없음,승용,남,53세,경상
2011021900100137,2011년 2월 19일 06시,토요일,인천광역시 남동구 논현동,중상사고,0,1,0,0,차대사람 - 횡단중,안전운전불이행,건조,맑음,단일로 - 횡단보도부근,승용,남,65세,상해없음,보행자,남,74세,중상
2011021900100160,2011년 2월 19일 07시,토요일,인천광역시 남구 주안동,경상사고,0,0,1,0,차대사람 - 기타,안전운전불이행,건조,맑음,단일로 - 기타,승용,남,29세,상해없음,보행자,남,73세,경상
2011021900100161,2011년 2월 19일 07시,토요일,인천광역시 남동구 간석동,경상사고,0,0,3,0,차대차 - 측면직각충돌,교차로운행방법위반,건조,맑음,교차로 - 교차로안,승용,여,33세,경상,승용,남,56세,경상
2011021900100180,2011년 2월 19일 08시,토요일,인천광역시 부평구 십정동,경상사고,0,0,1,1,차대차 - 측면직각충돌,안전거리미확보,습기,맑음,단일로 - 기타,승용,남,28세,부상신고,승용,남,45세,경상
2011021900100202,2011년 2월 19일 09시,토요일,인천광역시 연수구 송도동,중상사고,0,1,0,0,차대차 - 기타,안전운전불이행,건조,맑음,단일로 - 횡단보도상,승용,남,55세,상해없음,자전거,남,70세,중상
2011021900100247,2011년 2월 19일 11시,토요일,인천광역시 계양구 효성동,중상사고,0,1,0,0,차량단독 - 기타,기타,건조,맑음,단일로 - 기타,승합,남,47세,상해없음,,,,
2011021900100329,2011년 2월 19일 14시,토요일,인천광역시 연수구 송도동,중상사고,0,3,1,0,차대차 - 추돌 - 주정차중,안전운전불이행,건조,맑음,단일로 - 기타,승용,남,28세,상해없음,승용,여,55세,중상
2011021900100377,2011년 2월 19일 16시,토요일,인천광역시 남구 관교동,경상사고,0,0,1,0,차대차 - 측면직각충돌,차로위반,건조,맑음,단일로 - 기타,승용,남,28세,상해없음,승용,남,58세,경상
2011021900100378,2011년 2월 19일 16시,토요일,인천광역시 부평구 부평동,경상사고,0,0,1,0,차대사람 - 기타,안전운전불이행,건조,맑음,교차로 - 교차로부근,자전거,기타불명,기타불명,기타불명,보행자,여,70세,경상
2011021900100433,2011년 2월 19일 18시,토요일,인천광역시 중구 송학동1가,중상사고,0,1,0,0,차대사람 - 횡단중,안전운전불이행,건조,맑음,단일로 - 기타,승용,기타불명,기타불명,기타불명,보행자,남,51세,중상
2011021900100434,2011년 2월 19일 18시,토요일,인천광역시 옹진군 영흥면,경상사고,0,0,1,0,차대사람 - 횡단중,안전운전불이행,건조,맑음,단일로 - 기타,승용,남,53세,상해없음,보행자,여,38세,경상
2011021900100435,2011년 2월 19일 18시,토요일,인천광역시 부평구 청천동,중상사고,0,1,0,0,차대사람 - 기타,안전운전불이행,건조,맑음,단일로 - 기타,승용,여,42세,상해없음,보행자,남,12세,중상
2011021900100473,2011년 2월 19일 19시,토요일,인천광역시 옹진군 영흥면,경상사고,0,0,2,0,차대차 - 추돌 - 주정차중,안전운전불이행,건조,맑음,단일로 - 기타,승용,남,44세,상해없음,승용,남,27세,경상
2011021900100474,2011년 2월 19일 19시,토요일,인천광역시 부평구 청천동,중상사고,0,1,0,0,차대사람 - 기타,기타,건조,맑음,단일로 - 기타,승합,남,59세,상해없음,보행자,여,52세,중상
2011021900100475,2011년 2월 19일 19시,토요일,인천광역시 계양구 효성동,부상신고사고,0,0,0,1,차대차 - 기타,기타,건조,맑음,단일로 - 기타,승용,남,56세,상해없음,이륜,남,18세,부상신고
2011021900100508,2011년 2월 19일 20시,토요일,인천광역시 계양구 작전동,중상사고,0,1,3,0,차대차 - 측면직각충돌,안전거리미확보,건조,맑음,단일로 - 기타,승용,여,49세,상해없음,승합,남,51세,상해없음
2011021900100528,2011년 2월 19일 21시,토요일,인천광역시 남동구 남촌동,경상사고,0,0,1,0,차대차 - 기타,안전운전불이행,습기,흐림,단일로 - 기타,승용,기타불명,기타불명,기타불명,승용,남,32세,경상
2011021900100579,2011년 2월 19일 23시,토요일,인천광역시 남구 용현동,경상사고,0,0,1,0,차대차 - 기타,안전거리미확보,건조,맑음,교차로 - 교차로부근,승용,남,22세,상해없음,승용,남,46세,상해없음
2011021900100580,2011년 2월 19일 23시,토요일,인천광역시 남동구 만수동,중상사고,0,1,0,0,차대차 - 기타,불법유턴,건조,맑음,교차로 - 교차로부근,승용,남,55세,상해없음,이륜,남,43세,중상
2011022000100021,2011년 2월 20일 00시,일요일,인천광역시 부평구 십정동,경상사고,0,0,1,0,차대차 - 추돌 - 주정차중,안전운전불이행,건조,맑음,교차로 - 교차로부근,승용,남,29세,상해없음,승용,남,64세,경상
2011022000100022,2011년 2월 20일 00시,일요일,인천광역시 연수구 연수동,중상사고,0,1,1,0,차대차 - 측면직각충돌,신호위반,건조,맑음,교차로 - 교차로안,승용,남,37세,상해없음,승용,여,46세,상해없음
2011022000100043,2011년 2월 20일 01시,일요일,인천광역시 계양구 작전동,경상사고,0,0,1,0,차대차 - 측면직각충돌,안전운전불이행,건조,맑음,단일로 - 기타,승용,남,62세,상해없음,승용,남,32세,상해없음
2011022000100044,2011년 2월 20일 01시,일요일,인천광역시 부평구 삼산동,경상사고,0,0,2,0,차대차 - 측면직각충돌,신호위반,건조,맑음,교차로 - 교차로안,승용,남,51세,상해없음,승용,남,39세,경상
2011022000100062,2011년 2월 20일 02시,일요일,인천광역시 남구 학익동,경상사고,0,0,2,0,차대차 - 추돌 - 주정차중,안전운전불이행,습기,맑음,기타 - 기타,승용,남,51세,상해없음,승용,남,47세,경상
2011022000100063,2011년 2월 20일 02시,일요일,인천광역시 남구 용현동,중상사고,0,1,1,0,차대차 - 추돌 - 주정차중,안전운전불이행,건조,맑음,교차로 - 교차로부근,승용,남,28세,상해없음,승용,남,39세,경상
2011022000100064,2011년 2월 20일 02시,일요일,인천광역시 남구 주안동,경상사고,0,0,5,0,차대차 - 추돌 - 진행중,안전운전불이행,기타,기타,단일로 - 횡단보도상,승용,남,49세,상해없음,승용,남,41세,경상
2011022000100077,2011년 2월 20일 03시,일요일,인천광역시 남구 용현동,경상사고,0,0,1,0,차대차 - 정면충돌,중앙선침범,건조,맑음,단일로 - 교량,승용,남,31세,상해없음,승용,남,35세,경상
2011022000100078,2011년 2월 20일 03시,일요일,인천광역시 남동구 간석동,중상사고,0,1,0,0,차대차 - 기타,신호위반,건조,맑음,단일로 - 기타,이륜,남,16세,상해없음,승용,남,56세,상해없음
2011022000100079,2011년 2월 20일 03시,일요일,인천광역시 남동구 간석동,경상사고,0,0,1,0,차대사람 - 차도통행중,안전운전불이행,습기,맑음,기타 - 기타,승용,여,41세,상해없음,보행자,남,25세,경상
2011022000100096,2011년 2월 20일 04시,일요일,인천광역시 남구 주안동,경상사고,0,0,1,0,차대차 - 기타,안전운전불이행,건조,맑음,교차로 - 교차로부근,승용,남,21세,상해없음,승용,남,46세,경상
2011022000100097,2011년 2월 20일 04시,일요일,인천광역시 서구 공촌동,경상사고,0,0,1,0,차대차 - 측면직각충돌,안전운전불이행,건조,맑음,교차로 - 교차로안,기타불명,기타불명,기타불명,기타불명,승용,남,53세,경상
2011022000100118,2011년 2월 20일 06시,일요일,인천광역시 남동구 간석동,중상사고,0,1,0,0,차대사람 - 횡단중,신호위반,건조,맑음,단일로 - 횡단보도상,승합,남,66세,상해없음,보행자,여,28세,중상
2011022000100133,2011년 2월 20일 07시,일요일,인천광역시 남동구 간석동,경상사고,0,0,1,1,차대차 - 기타,신호위반,건조,맑음,교차로 - 교차로안,승용,여,45세,상해없음,승용,남,58세,부상신고
2011022000100161,2011년 2월 20일 09시,일요일,인천광역시 남동구 남촌동,중상사고,0,1,0,0,차대차 - 기타,신호위반,건조,맑음,교차로 - 교차로부근,승용,남,52세,상해없음,자전거,여,67세,중상
2011022000100178,2011년 2월 20일 10시,일요일,인천광역시 부평구 부평동,경상사고,0,0,2,0,차대차 - 측면직각충돌,안전운전불이행,건조,맑음,단일로 - 기타,승용,남,26세,상해없음,승용,남,26세,경상
2011022000100179,2011년 2월 20일 10시,일요일,인천광역시 부평구 삼산동,중상사고,0,2,0,0,차대차 - 정면충돌,중앙선침범,건조,맑음,교차로 - 교차로부근,승용,남,22세,상해없음,승용,남,39세,중상
2011022000100190,2011년 2월 20일 11시,일요일,인천광역시 남동구 구월동,중상사고,0,1,1,0,차대차 - 추돌 - 주정차중,안전거리미확보,건조,맑음,교차로 - 교차로부근,승합,남,50세,상해없음,승용,여,41세,경상
2011022000100230,2011년 2월 20일 13시,일요일,인천광역시 강화군 화도면,경상사고,0,0,6,0,차대차 - 정면충돌,중앙선침범,건조,맑음,단일로 - 기타,승용,남,35세,상해없음,승용,남,33세,경상
2011022000100231,2011년 2월 20일 13시,일요일,인천광역시 연수구 동춘동,경상사고,0,0,1,0,차대차 - 기타,불법유턴,건조,맑음,기타 - 기타,승용,남,31세,상해없음,승용,여,42세,경상
2011022000100283,2011년 2월 20일 15시,일요일,인천광역시 남동구 간석동,경상사고,0,0,1,0,차량단독 - 기타,기타,건조,맑음,단일로 - 기타,승합,남,70세,상해없음,,,,
2011022000100313,2011년 2월 20일 16시,일요일,인천광역시 연수구 옥련동,중상사고,0,2,0,0,차대차 - 추돌 - 진행중,교차로운행방법위반,건조,맑음,교차로 - 교차로안,승용,여,28세,상해없음,이륜,남,73세,중상
2011022000100337,2011년 2월 20일 17시,일요일,인천광역시 중구 북성동1가,중상사고,0,1,2,0,차대차 - 추돌 - 주정차중,안전운전불이행,건조,맑음,교차로 - 교차로안,승용,남,23세,경상,승용,남,25세,중상
2011022000100361,2011년 2월 20일 18시,일요일,인천광역시 부평구 부평동,중상사고,0,1,0,0,차대사람 - 횡단중,보행자보호의무위반,건조,맑음,교차로 - 교차로안,화물,남,52세,상해없음,보행자,여,54세,중상
2011022000100413,2011년 2월 20일 20시,일요일,인천광역시 계양구 동양동,경상사고,0,0,1,0,차대차 - 추돌 - 진행중,교차로운행방법위반,건조,맑음,교차로 - 교차로안,승용,남,29세,상해없음,이륜,남,30세,경상
2011022000100441,2011년 2월 20일 21시,일요일,인천광역시 남동구 구월동,경상사고,0,0,2,0,차대차 - 추돌 - 진행중,안전운전불이행,건조,맑음,단일로 - 기타,승용,남,58세,상해없음,승용,남,36세,경상
2011022000100442,2011년 2월 20일 21시,일요일,인천광역시 서구 석남동,중상사고,0,1,1,0,차대차 - 추돌 - 진행중,안전운전불이행,건조,맑음,단일로 - 기타,승용,남,29세,상해없음,승용,남,45세,경상
2011022000100476,2011년 2월 20일 23시,일요일,인천광역시 계양구 효성동,중상사고,0,1,1,0,차대차 - 측면직각충돌,과속,건조,맑음,교차로 - 교차로안,승용,남,27세,경상,승용,남,49세,중상
2011022100100015,2011년 2월 21일 00시,월요일,인천광역시 부평구 청천동,중상사고,0,1,0,0,차대사람 - 차도통행중,안전운전불이행,건조,맑음,단일로 - 기타,승용,남,59세,상해없음,보행자,남,72세,중상
2011022100100028,2011년 2월 21일 01시,월요일,인천광역시 남구 용현동,경상사고,0,0,1,0,차대사람 - 기타,안전운전불이행,건조,맑음,단일로 - 기타,승용,남,32세,상해없음,보행자,여,20세,경상
2011022100100029,2011년 2월 21일 01시,월요일,인천광역시 남구 숭의동,중상사고,0,2,1,0,차대차 - 측면직각충돌,신호위반,건조,맑음,교차로 - 교차로안,승용,남,57세,상해없음,승용,여,52세,중상
2011022100100078,2011년 2월 21일 06시,월요일,인천광역시 계양구 효성동,중상사고,0,1,1,0,차대차 - 측면직각충돌,신호위반,건조,맑음,교차로 - 교차로안,승용,여,57세,상해없음,승용,남,64세,경상
2011022100100079,2011년 2월 21일 06시,월요일,인천광역시 중구 운서동,경상사고,0,0,1,0,차대차 - 추돌 - 주정차중,안전운전불이행,건조,맑음,단일로 - 기타,승용,남,39세,기타불명,승용,남,51세,상해없음
2011022100100104,2011년 2월 21일 07시,월요일,인천광역시 부평구 부평동,경상사고,0,0,1,0,차대차 - 측면직각충돌,교차로운행방법위반,건조,맑음,교차로 - 교차로안,승용,남,35세,상해없음,승용,남,58세,상해없음
2011022100100105,2011년 2월 21일 07시,월요일,인천광역시 부평구 일신동,중상사고,0,1,0,0,차대차 - 측면직각충돌,안전운전불이행,건조,맑음,교차로 - 교차로안,승용,남,43세,상해없음,승용,남,34세,중상
2011022100100162,2011년 2월 21일 09시,월요일,인천광역시 부평구 청천동,중상사고,0,1,0,0,차량단독 - 기타,안전운전불이행,건조,맑음,교차로 - 교차로부근,승용,남,49세,상해없음,,,,
2011022100100181,2011년 2월 21일 10시,월요일,인천광역시 부평구 부개동,중상사고,0,1,0,0,차대사람 - 횡단중,신호위반,건조,맑음,단일로 - 횡단보도상,승용,남,41세,상해없음,보행자,남,11세,중상
2011022100100229,2011년 2월 21일 12시,월요일,인천광역시 부평구 십정동,중상사고,0,1,0,0,차대차 - 측면직각충돌,교차로운행방법위반,건조,맑음,교차로 - 교차로안,승용,남,52세,상해없음,원동기,남,26세,중상
2011022100100269,2011년 2월 21일 13시,월요일,인천광역시 계양구 작전동,중상사고,0,1,2,0,차대사람 - 횡단중,안전운전불이행,건조,맑음,단일로 - 횡단보도상,승용,남,52세,상해없음,보행자,여,12세,경상
2011022100100354,2011년 2월 21일 16시,월요일,인천광역시 서구 원창동,중상사고,0,1,0,0,차대차 - 측면직각충돌,신호위반,건조,맑음,교차로 - 교차로안,이륜,남,46세,중상,승용,남,34세,상해없음
2011022100100378,2011년 2월 21일 17시,월요일,인천광역시 남동구 고잔동,경상사고,0,0,1,0,차대사람 - 횡단중,안전운전불이행,건조,맑음,단일로 - 횡단보도상,승용,여,29세,상해없음,보행자,여,29세,경상
2011022100100441,2011년 2월 21일 19시,월요일,인천광역시 중구 신흥동3가,중상사고,0,1,1,0,차대차 - 추돌 - 진행중,안전운전불이행,건조,맑음,단일로 - 기타,화물,남,62세,상해없음,승용,남,32세,경상
2011022100100442,2011년 2월 21일 19시,월요일,인천광역시 남동구 만수동,경상사고,0,0,1,0,차대차 - 기타,안전운전불이행,건조,맑음,단일로 - 기타,화물,남,68세,상해없음,이륜,남,26세,경상
2011022100100443,2011년 2월 21일 19시,월요일,인천광역시 서구 원창동,중상사고,0,1,1,0,차대차 - 측면직각충돌,안전운전불이행,건조,맑음,교차로 - 교차로안,승용,남,56세,중상,화물,남,58세,경상
2011022100100470,2011년 2월 21일 20시,월요일,인천광역시 부평구 산곡동,경상사고,0,0,1,0,차대차 - 추돌 - 진행중,안전운전불이행,건조,맑음,교차로 - 교차로부근,승용,남,52세,상해없음,승용,남,42세,경상
2011022100100498,2011년 2월 21일 21시,월요일,인천광역시 계양구 용종동,경상사고,0,0,2,0,차대차 - 추돌 - 진행중,안전거리미확보,건조,맑음,교차로 - 교차로부근,승용,남,50세,상해없음,승용,남,53세,경상
2011022100100519,2011년 2월 21일 22시,월요일,인천광역시 부평구 부개동,중상사고,0,3,1,0,차대차 - 정면충돌,중앙선침범,건조,맑음,교차로 - 교차로부근,승용,남,31세,상해없음,승용,남,34세,중상
2011022100100544,2011년 2월 21일 23시,월요일,인천광역시 남동구 간석동,경상사고,0,0,2,0,차대차 - 정면충돌,중앙선침범,건조,맑음,단일로 - 기타,승용,남,40세,상해없음,화물,남,26세,경상
2011022200100029,2011년 2월 22일 01시,화요일,인천광역시 남동구 만수동,중상사고,0,1,0,0,차대사람 - 차도통행중,안전운전불이행,건조,맑음,기타 - 기타,기타불명,기타불명,기타불명,기타불명,보행자,남,48세,중상
2011022200100043,2011년 2월 22일 02시,화요일,인천광역시 서구 심곡동,경상사고,0,0,1,0,차대사람 - 횡단중,보행자보호의무위반,건조,맑음,단일로 - 횡단보도상,승용,남,51세,상해없음,보행자,여,50세,경상
2011022200100052,2011년 2월 22일 03시,화요일,인천광역시 서구 가좌동,중상사고,0,1,1,0,차대차 - 기타,안전운전불이행,건조,맑음,교차로 - 교차로부근,화물,남,31세,상해없음,승용,남,40세,경상
2011022200100067,2011년 2월 22일 05시,화요일,인천광역시 연수구 청학동,중상사고,0,1,0,0,차대사람 - 횡단중,안전운전불이행,건조,맑음,단일로 - 기타,승용,남,54세,상해없음,보행자,여,63세,중상
2011022200100093,2011년 2월 22일 06시,화요일,인천광역시 남구 주안동,경상사고,0,0,1,0,차대차 - 측면직각충돌,안전운전불이행,건조,맑음,단일로 - 기타,승용,남,19세,상해없음,승용,남,20세,상해없음
2011022200100094,2011년 2월 22일 06시,화요일,인천광역시 남동구 구월동,경상사고,0,0,1,0,차대차 - 추돌 - 진행중,안전운전불이행,건조,맑음,단일로 - 기타,기타불명,기타불명,기타불명,기타불명,승용,남,26세,상해없음
2011022200100095,2011년 2월 22일 06시,화요일,인천광역시 연수구 옥련동,중상사고,0,2,0,0,차대차 - 측면직각충돌,안전거리미확보,건조,맑음,단일로 - 기타,건설기계,남,47세,상해없음,승용,남,68세,중상
2011022200100127,2011년 2월 22일 07시,화요일,인천광역시 남구 도화동,경상사고,0,0,1,0,차대차 - 추돌 - 진행중,안전거리미확보,건조,맑음,단일로 - 기타,승용,여,35세,상해없음,승용,여,37세,경상
2011022200100128,2011년 2월 22일 07시,화요일,인천광역시 남동구 고잔동,경상사고,0,0,1,0,차대차 - 측면직각충돌,신호위반,건조,맑음,교차로 - 교차로안,화물,남,44세,상해없음,승용,남,36세,경상
2011022200100129,2011년 2월 22일 07시,화요일,인천광역시 남동구 구월동,중상사고,0,1,0,0,차대사람 - 기타,안전운전불이행,건조,맑음,교차로 - 교차로부근,승용,남,44세,상해없음,보행자,남,30세,중상
2011022200100168,2011년 2월 22일 08시,화요일,인천광역시 부평구 청천동,중상사고,0,1,0,0,차대사람 - 기타,안전운전불이행,건조,맑음,교차로 - 교차로안,승용,남,31세,상해없음,보행자,남,40세,중상
2011022200100169,2011년 2월 22일 08시,화요일,인천광역시 서구 연희동,경상사고,0,0,1,0,차대차 - 측면직각충돌,신호위반,건조,맑음,교차로 - 교차로안,승합,남,34세,상해없음,승용,남,56세,경상
2011022200100170,2011년 2월 22일 08시,화요일,인천광역시 강화군 길상면,중상사고,0,1,0,0,차대차 - 정면충돌,중앙선침범,건조,맑음,단일로 - 기타,승용,남,50세,상해없음,화물,남,49세,중상
2011022200100191,2011년 2월 22일 09시,화요일,인천광역시 중구 항동7가,중상사고,0,1,0,0,차대차 - 측면직각충돌,신호위반,건조,맑음,교차로 - 교차로안,승용,남,68세,상해없음,승용,여,42세,중상
2011022200100192,2011년 2월 22일 09시,화요일,인천광역시 남동구 만수동,중상사고,0,1,0,0,차대사람 - 횡단중,신호위반,건조,맑음,단일로 - 횡단보도상,승용,남,49세,상해없음,보행자,여,86세,중상
2011022200100220,2011년 2월 22일 10시,화요일,인천광역시 연수구 옥련동,경상사고,0,0,2,0,차대차 - 측면직각충돌,안전운전불이행,건조,맑음,교차로 - 교차로안,승용,여,44세,경상,승용,남,38세,경상
2011022200100240,2011년 2월 22일 11시,화요일,인천광역시 부평구 삼산동,중상사고,0,1,0,0,차대차 - 정면충돌,신호위반,건조,맑음,교차로 - 교차로안,이륜,여,21세,중상,승합,남,39세,상해없음