사고번호,사고일시,요일,시군구,사고내용,사망자수,중상자수,경상자수,부상신고자수,사고유형,법규위반,노면상태,기상상태,도로형태,가해운전자 차종,가해운전자 성별,가해운전자 연령,가해운전자 상해정도,피해운전자 차종,피해운전자 성별,피해운전자 연령,피해운전자 상해정도
2011030800100523,2011년 3월 8일 22시,화요일,인천광역시 부평구 삼산동,경상사고,0,0,1,0,차대사람 - 기타,안전운전불이행,건조,맑음,단일로 - 기타,승용,남,37세,상해없음,보행자,남,53세,경상
2011030900100015,2011년 3월 9일 00시,수요일,인천광역시 중구 운서동,중상사고,0,1,0,0,차량단독 - 공작물충돌,안전운전불이행,건조,맑음,교차로 - 교차로부근,승용,남,49세,중상,,,,
2011030900100030,2011년 3월 9일 01시,수요일,인천광역시 계양구 효성동,경상사고,0,0,2,0,차대차 - 추돌 - 주정차중,안전운전불이행,건조,맑음,단일로 - 기타,승용,남,35세,상해없음,승용,여,27세,경상
2011030900100056,2011년 3월 9일 05시,수요일,인천광역시 부평구 산곡동,사망사고,1,0,0,0,차대차 - 기타,안전운전불이행,건조,맑음,단일로 - 기타,승용,남,68세,상해없음,자전거,남,66세,사망
2011030900100057,2011년 3월 9일 05시,수요일,인천광역시 남동구 만수동,중상사고,0,1,2,0,차대차 - 측면직각충돌,교차로운행방법위반,건조,맑음,교차로 - 교차로안,승용,남,38세,상해없음,승용,남,58세,경상
2011030900100068,2011년 3월 9일 06시,수요일,인천광역시 남구 도화동,중상사고,0,1,0,0,차대사람 - 차도통행중,안전운전불이행,건조,맑음,단일로 - 기타,승용,남,30세,상해없음,보행자,여,68세,중상
2011030900100069,2011년 3월 9일 06시,수요일,인천광역시 남동구 간석동,경상사고,0,0,1,0,차대차 - 측면직각충돌,안전운전불이행,건조,맑음,단일로 - 기타,화물,남,34세,상해없음,승용,남,27세,경상
2011030900100131,2011년 3월 9일 08시,수요일,인천광역시 남구 숭의동,경상사고,0,0,1,0,차대차 - 기타,안전운전불이행,건조,맑음,기타 - 기타,화물,남,34세,상해없음,승용,남,48세,경상
2011030900100132,2011년 3월 9일 08시,수요일,인천광역시 서구 마전동,중상사고,0,1,0,0,차대차 - 측면직각충돌,안전운전불이행,건조,맑음,단일로 - 기타,승용,여,42세,상해없음,승용,여,37세,중상
2011030900100133,2011년 3월 9일 08시,수요일,인천광역시 서구 경서동,중상사고,0,1,0,0,차대사람 - 기타,안전운전불이행,건조,맑음,단일로 - 기타,승용,남,33세,상해없음,보행자,남,68세,중상
2011030900100166,2011년 3월 9일 09시,수요일,인천광역시 남구 학익동,부상신고사고,0,0,0,1,차대차 - 기타,안전운전불이행,건조,맑음,단일로 - 기타,기타불명,기타불명,기타불명,기타불명,승용,남,42세,상해없음
2011030900100188,2011년 3월 9일 10시,수요일,인천광역시 남동구 간석동,경상사고,0,0,1,0,차대차 - 기타,신호위반,건조,맑음,교차로 - 교차로안,원동기,남,28세,경상,승용,남,40세,상해없음
2011030900100211,2011년 3월 9일 11시,수요일,인천광역시 부평구 십정동,경상사고,0,0,2,0,차대차 - 측면직각충돌,교차로운행방법위반,건조,맑음,교차로 - 교차로부근,승용,여,37세,상해없음,승용,남,30세,경상
2011030900100212,2011년 3월 9일 11시,수요일,인천광역시 남동구 간석동,중상사고,0,1,0,0,차대사람 - 기타,안전운전불이행,건조,맑음,교차로 - 교차로안,승합,남,36세,상해없음,보행자,남,43세,중상
2011030900100221,2011년 3월 9일 12시,수요일,인천광역시 부평구 청천동,중상사고,0,1,0,0,차대차 - 측면직각충돌,안전거리미확보,건조,맑음,교차로 - 교차로부근,이륜,남,16세,상해없음,승합,남,35세,상해없음
2011030900100222,2011년 3월 9일 12시,수요일,인천광역시 남동구 간석동,경상사고,0,0,1,0,차대차 - 측면직각충돌,신호위반,건조,맑음,교차로 - 교차로안,승용,여,33세,상해없음,승용,남,43세,경상
2011030900100223,2011년 3월 9일 12시,수요일,인천광역시 서구 경서동,경상사고,0,0,1,0,차대차 - 추돌 - 진행중,안전운전불이행,건조,맑음,교차로 - 교차로부근,승용,남,31세,상해없음,승용,남,40세,경상
2011030900100224,2011년 3월 9일 12시,수요일,인천광역시 부평구 부개동,경상사고,0,0,1,0,차대차 - 측면직각충돌,안전운전불이행,건조,맑음,단일로 - 기타,승용,여,33세,상해없음,자전거,남,49세,경상
2011030900100240,2011년 3월 9일 13시,수요일,인천광역시 남구 주안동,경상사고,0,0,1,0,차대차 - 측면직각충돌,중앙선침범,건조,맑음,단일로 - 기타,승용,여,55세,상해없음,승용,남,46세,경상
2011030900100257,2011년 3월 9일 14시,수요일,인천광역시 남구 용현동,경상사고,0,0,1,0,차대차 - 추돌 - 주정차중,안전운전불이행,건조,맑음,단일로 - 기타,승용,남,67세,상해없음,승용,여,41세,경상
2011030900100291,2011년 3월 9일 15시,수요일,인천광역시 부평구 부평동,경상사고,0,0,1,0,차대차 - 측면직각충돌,안전거리미확보,건조,맑음,단일로 - 기타,승용,여,47세,기타불명,화물,남,50세,경상
2011030900100292,2011년 3월 9일 15시,수요일,인천광역시 남동구 고잔동,중상사고,0,1,0,0,차대사람 - 길가장자리구역통행중,안전운전불이행,건조,맑음,단일로 - 기타,승용,남,28세,상해없음,보행자,남,41세,중상
2011030900100347,2011년 3월 9일 17시,수요일,인천광역시 남동구 논현동,경상사고,0,0,1,0,차대사람 - 기타,안전운전불이행,건조,맑음,단일로 - 기타,화물,남,37세,상해없음,보행자,여,55세,경상
2011030900100376,2011년 3월 9일 18시,수요일,인천광역시 남구 주안동,경상사고,0,0,1,0,차대차 - 추돌 - 진행중,안전거리미확보,건조,맑음,단일로 - 기타,승용,남,74세,상해없음,승용,남,61세,상해없음
2011030900100377,2011년 3월 9일 18시,수요일,인천광역시 연수구 송도동,중상사고,0,1,0,0,차대사람 - 보도통행중,안전운전불이행,건조,맑음,단일로 - 횡단보도상,화물,남,38세,상해없음,보행자,남,18세,중상
2011030900100378,2011년 3월 9일 18시,수요일,인천광역시 부평구 부개동,중상사고,0,1,0,0,차대사람 - 기타,안전운전불이행,건조,맑음,단일로 - 기타,승합,남,51세,상해없음,보행자,여,19세,중상
2011030900100411,2011년 3월 9일 19시,수요일,인천광역시 서구 마전동,중상사고,0,1,0,0,차대사람 - 횡단중,보행자보호의무위반,건조,맑음,단일로 - 횡단보도상,승용,여,31세,상해없음,보행자,남,52세,중상
2011030900100436,2011년 3월 9일 20시,수요일,인천광역시 남동구 만수동,경상사고,0,0,1,0,차대사람 - 차도통행중,안전운전불이행,건조,맑음,단일로 - 기타,승용,남,32세,상해없음,보행자,남,68세,경상
2011030900100437,2011년 3월 9일 20시,수요일,인천광역시 부평구 부개동,경상사고,0,0,3,0,차대차 - 추돌 - 주정차중,안전거리미확보,건조,맑음,교차로 - 교차로부근,승합,남,54세,상해없음,승합,남,28세,경상
2011030900100502,2011년 3월 9일 22시,수요일,인천광역시 남동구 만수동,경상사고,0,0,3,0,차대차 - 측면직각충돌,교차로운행방법위반,건조,맑음,교차로 - 교차로안,승용,남,43세,경상,승용,남,63세,경상
2011030900100503,2011년 3월 9일 22시,수요일,인천광역시 계양구 작전동,경상사고,0,0,1,0,차대사람 - 기타,보행자보호의무위반,건조,맑음,단일로 - 횡단보도상,기타불명,기타불명,기타불명,기타불명,보행자,남,14세,경상
2011030900100523,2011년 3월 9일 23시,수요일,인천광역시 부평구 부평동,중상사고,0,1,0,0,차대차 - 측면직각충돌,안전운전불이행,건조,맑음,단일로 - 기타,승합,남,49세,상해없음,이륜,남,52세,중상
2011030900100524,2011년 3월 9일 23시,수요일,인천광역시 연수구 동춘동,경상사고,0,0,3,0,차대차 - 측면직각충돌,안전운전불이행,건조,맑음,단일로 - 기타,승용,남,48세,상해없음,승합,남,33세,경상
2011030900100525,2011년 3월 9일 23시,수요일,인천광역시 남동구 장수동,중상사고,0,1,0,0,차대차 - 추돌 - 진행중,안전운전불이행,건조,맑음,단일로 - 기타,승용,남,59세,상해없음,화물,남,52세,중상
2011031000100016,2011년 3월 10일 00시,목요일,인천광역시 연수구 동춘동,경상사고,0,0,2,0,차대차 - 측면직각충돌,안전운전불이행,건조,맑음,교차로 - 교차로안,승용,여,47세,상해없음,승합,남,67세,경상
2011031000100048,2011년 3월 10일 03시,목요일,인천광역시 동구 송림동,경상사고,0,0,1,0,차대차 - 측면직각충돌,안전운전불이행,건조,맑음,교차로 - 교차로부근,승용,남,54세,상해없음,승용,남,57세,경상
2011031000100049,2011년 3월 10일 03시,목요일,인천광역시 남동구 간석동,경상사고,0,0,1,0,차대사람 - 차도통행중,안전운전불이행,건조,맑음,교차로 - 교차로부근,승용,남,36세,상해없음,보행자,남,39세,경상
2011031000100076,2011년 3월 10일 06시,목요일,인천광역시 서구 왕길동,경상사고,0,0,1,0,차대차 - 측면직각충돌,안전거리미확보,건조,맑음,단일로 - 기타,화물,남,53세,상해없음,화물,남,47세,경상
2011031000100100,2011년 3월 10일 07시,목요일,인천광역시 동구 송현동,중상사고,0,1,0,0,차대사람 - 기타,안전운전불이행,건조,맑음,단일로 - 기타,승용,남,54세,상해없음,보행자,여,40세,중상
2011031000100101,2011년 3월 10일 07시,목요일,인천광역시 부평구 십정동,경상사고,0,0,1,0,차대차 - 추돌 - 주정차중,안전거리미확보,결빙,맑음,단일로 - 기타,승용,남,46세,상해없음,승용,남,54세,경상
2011031000100144,2011년 3월 10일 08시,목요일,인천광역시 동구 송림동,경상사고,0,0,1,0,차대차 - 측면직각충돌,안전운전불이행,건조,맑음,교차로 - 교차로부근,승용,남,28세,상해없음,자전거,남,59세,경상
2011031000100196,2011년 3월 10일 11시,목요일,인천광역시 서구 석남동,경상사고,0,0,1,0,차대차 - 측면직각충돌,교차로운행방법위반,건조,맑음,교차로 - 교차로안,화물,남,29세,상해없음,화물,남,40세,경상
2011031000100197,2011년 3월 10일 11시,목요일,인천광역시 계양구 계산동,중상사고,0,1,0,0,차대차 - 측면직각충돌,중앙선침범,건조,맑음,교차로 - 교차로안,승용,남,26세,상해없음,승용,남,58세,중상
2011031000100240,2011년 3월 10일 13시,목요일,인천광역시 부평구 십정동,경상사고,0,0,2,0,차대차 - 측면직각충돌,신호위반,건조,맑음,교차로 - 교차로안,승용,남,42세,상해없음,승합,남,38세,경상
2011031000100266,2011년 3월 10일 14시,목요일,인천광역시 남구 용현동,부상신고사고,0,0,0,1,차대사람 - 기타,안전운전불이행,건조,맑음,단일로 - 기타,기타불명,기타불명,기타불명,기타불명,보행자,남,9세,부상신고
2011031000100267,2011년 3월 10일 14시,목요일,인천광역시 남동구 운연동,중상사고,0,2,0,0,차대차 - 추돌 - 진행중,안전운전불이행,건조,맑음,단일로 - 기타,승용,남,36세,상해없음,승용,남,28세,중상
2011031000100286,2011년 3월 10일 15시,목요일,인천광역시 남구 도화동,중상사고,0,1,0,0,차대사람 - 횡단중,보행자보호의무위반,건조,맑음,단일로 - 횡단보도상,화물,남,47세,상해없음,보행자,여,71세,중상
2011031000100287,2011년 3월 10일 15시,목요일,인천광역시 남동구 구월동,경상사고,0,0,1,0,차대차 - 추돌 - 주정차중,안전거리미확보,건조,맑음,교차로 - 교차로부근,화물,남,21세,상해없음,승합,남,29세,경상
2011031000100339,2011년 3월 10일 17시,목요일,인천광역시 서구 경서동,경상사고,0,0,2,0,차대차 - 기타,안전운전불이행,건조,맑음,단일로 - 기타,승용,남,49세,상해없음,승합,남,34세,경상
2011031000100340,2011년 3월 10일 17시,목요일,인천광역시 연수구 청학동,중상사고,0,1,4,0,차대차 - 추돌 - 진행중,교차로운행방법위반,건조,맑음,교차로 - 교차로안,승용,남,35세,상해없음,승합,남,36세,상해없음
2011031000100376,2011년 3월 10일 18시,목요일,인천광역시 서구 신현동,경상사고,0,0,1,0,차대사람 - 횡단중,보행자보호의무위반,건조,맑음,교차로 - 교차로부근,승용,남,51세,상해없음,보행자,여,32세,경상
2011031000100410,2011년 3월 10일 19시,목요일,인천광역시 부평구 십정동,경상사고,0,0,1,0,차대차 - 추돌 - 주정차중,안전운전불이행,건조,맑음,교차로 - 교차로부근,승용,남,24세,상해없음,승용,남,57세,경상
2011031000100411,2011년 3월 10일 19시,목요일,인천광역시 서구 검암동,사망사고,1,0,0,0,차대차 - 측면직각충돌,신호위반,건조,맑음,교차로 - 교차로안,승용,남,36세,상해없음,이륜,남,17세,사망
2011031000100441,2011년 3월 10일 20시,목요일,인천광역시 동구 송림동,경상사고,0,0,1,0,차대차 - 측면직각충돌,안전운전불이행,건조,맑음,단일로 - 기타,화물,남,33세,상해없음,승용,남,28세,경상
2011031000100442,2011년 3월 10일 20시,목요일,인천광역시 부평구 청천동,중상사고,0,1,0,0,차대사람 - 기타,안전운전불이행,건조,맑음,단일로 - 기타,기타불명,기타불명,기타불명,기타불명,보행자,남,15세,중상
2011031000100503,2011년 3월 10일 22시,목요일,인천광역시 남동구 논현동,경상사고,0,0,2,0,차대차 - 추돌 - 주정차중,안전거리미확보,건조,맑음,교차로 - 교차로안,승용,여,38세,상해없음,승용,여,43세,경상
2011031000100504,2011년 3월 10일 22시,목요일,인천광역시 부평구 구산동,경상사고,0,0,2,0,차대차 - 추돌 - 진행중,안전운전불이행,건조,맑음,단일로 - 기타,승용,여,39세,상해없음,승용,여,54세,경상
2011031000100523,2011년 3월 10일 23시,목요일,인천광역시 부평구 부평동,경상사고,0,0,4,0,차대차 - 기타,안전운전불이행,건조,맑음,단일로 - 기타,승용,남,25세,상해없음,승용,남,46세,경상
2011031000100524,2011년 3월 10일 23시,목요일,인천광역시 연수구 동춘동,경상사고,0,0,3,0,차대차 - 측면직각충돌,안전운전불이행,건조,맑음,교차로 - 교차로부근,승합,여,40세,상해없음,승용,남,50세,경상
2011031000100525,2011년 3월 10일 23시,목요일,인천광역시 부평구 삼산동,중상사고,0,1,0,0,차대차 - 측면직각충돌,교차로운행방법위반,건조,맑음,교차로 - 교차로부근,승용,남,47세,상해없음,자전거,남,52세,중상
2011031100100026,2011년 3월 11일 01시,금요일,인천광역시 서구 왕길동,중상사고,0,2,0,0,차대차 - 측면직각충돌,중앙선침범,건조,맑음,단일로 - 기타,승용,남,57세,상해없음,이륜,남,18세,중상
2011031100100036,2011년 3월 11일 02시,금요일,인천광역시 남동구 간석동,경상사고,0,0,1,0,차대차 - 측면직각충돌,교차로운행방법위반,건조,맑음,교차로 - 교차로안,승용,남,42세,상해없음,승용,남,60세,경상
2011031100100046,2011년 3월 11일 03시,금요일,인천광역시 부평구 부평동,경상사고,0,0,2,0,차대차 - 추돌 - 진행중,안전운전불이행,건조,맑음,단일로 - 기타,승용,남,31세,상해없음,승용,남,52세,경상
2011031100100053,2011년 3월 11일 04시,금요일,인천광역시 중구 신흥동3가,중상사고,0,1,0,0,차대차 - 측면직각충돌,기타,건조,맑음,교차로 - 교차로안,화물,남,55세,상해없음,화물,남,49세,중상
2011031100100066,2011년 3월 11일 05시,금요일,인천광역시 남동구 만수동,중상사고,0,1,2,0,차대차 - 측면직각충돌,신호위반,건조,맑음,교차로 - 교차로안,화물,남,54세,상해없음,승합,남,47세,경상
2011031100100086,2011년 3월 11일 06시,금요일,인천광역시 남구 용현동,중상사고,0,2,0,0,차대차 - 기타,안전거리미확보,건조,맑음,단일로 - 기타,건설기계,남,35세,상해없음,승용,남,50세,상해없음
2011031100100087,2011년 3월 11일 06시,금요일,인천광역시 남구 주안동,경상사고,0,0,1,0,차대차 - 기타,안전운전불이행,건조,맑음,교차로 - 교차로부근,승용,남,56세,상해없음,승용,남,48세,경상
2011031100100111,2011년 3월 11일 07시,금요일,인천광역시 남동구 고잔동,중상사고,0,1,0,0,차대차 - 측면직각충돌,안전운전불이행,건조,맑음,단일로 - 기타,승용,남,46세,상해없음,승용,남,52세,중상
2011031100100112,2011년 3월 11일 07시,금요일,인천광역시 서구 연희동,경상사고,0,0,1,0,차대차 - 기타,안전운전불이행,건조,맑음,교차로 - 교차로부근,승합,여,44세,상해없음,화물,남,53세,경상
2011031100100113,2011년 3월 11일 07시,금요일,인천광역시 연수구 옥련동,경상사고,0,0,2,0,차대차 - 측면직각충돌,신호위반,건조,맑음,단일로 - 기타,승용,남,55세,상해없음,화물,남,48세,경상
2011031100100184,2011년 3월 11일 09시,금요일,인천광역시 남동구 구월동,경상사고,0,0,1,0,차대차 - 측면직각충돌,안전운전불이행,건조,맑음,단일로 - 기타,승용,남,45세,상해없음,이륜,남,22세,경상
2011031100100208,2011년 3월 11일 10시,금요일,인천광역시 부평구 부평동,경상사고,0,0,2,0,차대차 - 측면직각충돌,안전운전불이행,건조,맑음,교차로 - 교차로부근,승용,남,32세,상해없음,화물,남,34세,경상
2011031100100261,2011년 3월 11일 12시,금요일,인천광역시 중구 신흥동2가,경상사고,0,0,2,0,차대차 - 추돌 - 주정차중,안전운전불이행,건조,맑음,단일로 - 기타,승용,남,61세,상해없음,승용,여,31세,경상
2011031100100345,2011년 3월 11일 15시,금요일,인천광역시 남구 주안동,중상사고,0,1,0,0,차대사람 - 기타,안전운전불이행,건조,맑음,단일로 - 기타,승용,남,54세,상해없음,보행자,남,74세,중상
2011031100100368,2011년 3월 11일 16시,금요일,인천광역시 부평구 청천동,경상사고,0,0,1,0,차대차 - 측면직각충돌,안전운전불이행,건조,맑음,교차로 - 교차로안,승용,남,40세,상해없음,승용,여,54세,경상
2011031100100399,2011년 3월 11일 17시,금요일,인천광역시 남구 주안동,중상사고,0,2,1,0,차대차 - 측면직각충돌,안전운전불이행,건조,맑음,단일로 - 기타,원동기,남,16세,상해없음,승합,남,53세,상해없음
2011031100100400,2011년 3월 11일 17시,금요일,인천광역시 남구 주안동,부상신고사고,0,0,0,1,차대사람 - 횡단중,신호위반,건조,맑음,단일로 - 횡단보도상,기타불명,기타불명,기타불명,기타불명,보행자,남,17세,부상신고
2011031100100426,2011년 3월 11일 18시,금요일,인천광역시 서구 연희동,경상사고,0,0,3,0,차대차 - 추돌 - 주정차중,안전운전불이행,건조,맑음,단일로 - 횡단보도부근,승용,남,44세,상해없음,승용,남,30세,경상
2011031100100510,2011년 3월 11일 20시,금요일,인천광역시 남동구 논현동,경상사고,0,0,1,0,차대차 - 추돌 - 주정차중,안전운전불이행,건조,맑음,교차로 - 교차로부근,승용,여,39세,기타불명,승용,남,38세,경상
2011031100100511,2011년 3월 11일 20시,금요일,인천광역시 부평구 갈산동,중상사고,0,1,0,0,차대차 - 측면직각충돌,안전운전불이행,건조,맑음,교차로 - 교차로안,승용,여,37세,상해없음,이륜,남,34세,중상
2011031100100545,2011년 3월 11일 21시,금요일,인천광역시 동구 송림동,중상사고,0,1,2,0,차대차 - 측면직각충돌,신호위반,건조,맑음,교차로 - 교차로안,승용,여,30세,상해없음,승용,남,59세,경상
2011031100100600,2011년 3월 11일 23시,금요일,인천광역시 남구 용현동,경상사고,0,0,1,0,차대차 - 기타,안전운전불이행,건조,맑음,교차로 - 교차로부근,승용,남,63세,상해없음,승용,남,25세,경상
2011031200100071,2011년 3월 12일 02시,토요일,인천광역시 중구 운남동,중상사고,0,1,0,0,차량단독 - 공작물충돌,안전운전불이행,건조,맑음,단일로 - 기타,승용,남,35세,중상,,,,
2011031200100162,2011년 3월 12일 08시,토요일,인천광역시 서구 가좌동,경상사고,0,0,1,0,차대차 - 기타,안전운전불이행,건조,맑음,교차로 - 교차로부근,승용,여,46세,상해없음,승용,남,44세,경상
2011031200100235,2011년 3월 12일 11시,토요일,인천광역시 중구 답동,경상사고,0,0,1,0,차량단독 - 기타,안전운전불이행,건조,맑음,단일로 - 기타,승합,남,50세,상해없음,,,,
2011031200100236,2011년 3월 12일 11시,토요일,인천광역시 남구 관교동,경상사고,0,0,1,0,차대차 - 측면직각충돌,안전운전불이행,건조,맑음,단일로 - 기타,승합,남,46세,상해없음,이륜,남,67세,경상
2011031200100258,2011년 3월 12일 12시,토요일,인천광역시 부평구 갈산동,중상사고,0,1,0,0,차대차 - 기타,안전거리미확보,건조,맑음,교차로 - 교차로부근,화물,남,28세,상해없음,이륜,남,49세,중상
2011031200100283,2011년 3월 12일 13시,토요일,인천광역시 연수구 동춘동,경상사고,0,0,1,0,차대사람 - 횡단중,보행자보호의무위반,건조,맑음,단일로 - 횡단보도상,이륜,남,22세,상해없음,보행자,남,47세,경상
2011031200100314,2011년 3월 12일 14시,토요일,인천광역시 동구 송림동,중상사고,0,1,0,0,차대사람 - 차도통행중,안전운전불이행,건조,맑음,단일로 - 기타,승용,남,57세,상해없음,보행자,여,26세,중상
2011031200100347,2011년 3월 12일 15시,토요일,인천광역시 서구 석남동,경상사고,0,0,1,0,차대사람 - 기타,안전운전불이행,건조,맑음,단일로 - 기타,승용,여,62세,상해없음,보행자,남,2세,경상
2011031200100375,2011년 3월 12일 16시,토요일,인천광역시 계양구 임학동,경상사고,0,0,1,0,차대차 - 측면직각충돌,신호위반,건조,맑음,교차로 - 교차로안,승용,남,47세,상해없음,승합,남,42세,상해없음
2011031200100403,2011년 3월 12일 17시,토요일,인천광역시 강화군 선원면,중상사고,0,3,2,0,차대차 - 추돌 - 주정차중,안전운전불이행,건조,맑음,단일로 - 횡단보도부근,승용,남,61세,상해없음,승용,남,28세,경상
2011031200100439,2011년 3월 12일 18시,토요일,인천광역시 서구 신현동,중상사고,0,1,0,0,차대사람 - 횡단중,안전운전불이행,건조,맑음,단일로 - 횡단보도부근,승용,남,52세,상해없음,보행자,남,8세,중상
2011031200100477,2011년 3월 12일 19시,토요일,인천광역시 남구 주안동,경상사고,0,0,2,0,차대차 - 추돌 - 주정차중,안전운전불이행,건조,맑음,단일로 - 기타,화물,남,61세,상해없음,승용,남,26세,경상
2011031200100478,2011년 3월 12일 19시,토요일,인천광역시 남동구 간석동,경상사고,0,0,1,0,차대차 - 측면직각충돌,안전운전불이행,건조,맑음,교차로 - 교차로안,승용,여,43세,상해없음,이륜,남,26세,경상
2011031200100512,2011년 3월 12일 20시,토요일,인천광역시 부평구 부평동,중상사고,0,1,0,0,차대사람 - 차도통행중,안전운전불이행,건조,맑음,단일로 - 기타,승용,여,34세,상해없음,보행자,남,76세,중상
2011031200100513,2011년 3월 12일 20시,토요일,인천광역시 연수구 청학동,중상사고,0,1,0,0,차대차 - 측면직각충돌,교차로운행방법위반,건조,맑음,교차로 - 교차로안,승용,남,49세,상해없음,승용,남,48세,중상
2011031200100550,2011년 3월 12일 21시,토요일,인천광역시 계양구 용종동,경상사고,0,0,1,0,차대차 - 측면직각충돌,차로위반,건조,맑음,교차로 - 교차로부근,승용,남,46세,상해없음,승용,남,47세,상해없음
2011031200100574,2011년 3월 12일 22시,토요일,인천광역시 중구 항동7가,중상사고,0,1,0,0,차대차 - 측면직각충돌,안전운전불이행,건조,맑음,교차로 - 교차로안,승용,남,30세,상해없음,화물,남,42세,중상
2011031200100575,2011년 3월 12일 22시,토요일,인천광역시 서구 심곡동,경상사고,0,0,3,0,차대차 - 추돌 - 주정차중,안전운전불이행,건조,맑음,단일로 - 기타,승용,남,27세,상해없음,승용,여,41세,경상
2011031200100601,2011년 3월 12일 23시,토요일,인천광역시 남동구 간석동,중상사고,0,1,0,0,차량단독 - 공작물충돌,안전운전불이행,건조,맑음,단일로 - 기타,이륜,남,18세,상해없음,,,,
2011031300100050,2011년 3월 13일 01시,일요일,인천광역시 부평구 청천동,경상사고,0,0,2,0,차대차 - 측면직각충돌,신호위반,건조,맑음,교차로 - 교차로안,승용,남,25세,상해없음,승용,남,47세,경상
2011031300100065,2011년 3월 13일 02시,일요일,인천광역시 남구 주안동,경상사고,0,0,1,0,차대차 - 기타,안전운전불이행,건조,맑음,교차로 - 교차로부근,승용,남,37세,기타불명,승용,남,25세,경상
2011031300100066,2011년 3월 13일 02시,일요일,인천광역시 부평구 산곡동,경상사고,0,0,2,0,차대차 - 추돌 - 주정차중,안전운전불이행,건조,맑음,단일로 - 기타,승용,남,32세,상해없음,승용,남,21세,경상
2011031300100067,2011년 3월 13일 02시,일요일,인천광역시 서구 가정동,경상사고,0,0,2,0,차대차 - 측면직각충돌,안전운전불이행,건조,맑음,단일로 - 기타,승용,남,26세,상해없음,승용,남,36세,경상
2011031300100081,2011년 3월 13일 03시,일요일,인천광역시 서구 가정동,중상사고,0,1,0,1,차량단독 - 기타,안전운전불이행,건조,맑음,단일로 - 기타,이륜,남,15세,부상신고,,,,
2011031300100097,2011년 3월 13일 04시,일요일,인천광역시 남구 주안동,부상신고사고,0,0,0,1,차대차 - 기타,안전운전불이행,건조,맑음,교차로 - 교차로부근,승용,남,18세,상해없음,승합,남,52세,부상신고
2011031300100106,2011년 3월 13일 05시,일요일,인천광역시 남동구 논현동,중상사고,0,1,1,0,차대차 - 측면직각충돌,신호위반,건조,맑음,교차로 - 교차로안,승용,남,53세,상해없음,승용,남,24세,경상
2011031300100120,2011년 3월 13일 06시,일요일,인천광역시 남구 주안동,중상사고,0,1,0,0,차대차 - 측면직각충돌,안전운전불이행,건조,맑음,단일로 - 기타,승용,남,30세,상해없음,승용,남,26세,중상
2011031300100174,2011년 3월 13일 10시,일요일,인천광역시 남구 주안동,경상사고,0,0,2,0,차대사람 - 기타,안전운전불이행,건조,맑음,단일로 - 기타,승용,남,25세,상해없음,보행자,남,31세,경상
2011031300100240,2011년 3월 13일 14시,일요일,인천광역시 계양구 상야동,경상사고,0,0,1,0,차대사람 - 횡단중,안전운전불이행,건조,맑음,단일로 - 횡단보도상,승합,남,52세,상해없음,보행자,남,7세,경상
2011031300100241,2011년 3월 13일 14시,일요일,인천광역시 강화군 길상면,경상사고,0,0,8,0,차대차 - 측면직각충돌,중앙선침범,건조,맑음,단일로 - 기타,승용,여,51세,상해없음,승합,남,51세,상해없음
2011031300100270,2011년 3월 13일 15시,일요일,인천광역시 남동구 만수동,경상사고,0,0,3,0,차대차 - 추돌 - 주정차중,안전운전불이행,건조,맑음,교차로 - 교차로부근,승용,남,44세,상해없음,승용,남,27세,경상
2011031300100300,2011년 3월 13일 16시,일요일,인천광역시 강화군 양도면,경상사고,0,0,1,0,차량단독 - 공작물충돌,안전운전불이행,건조,맑음,단일로 - 기타,원동기,남,50세,경상,,,,
2011031300100332,2011년 3월 13일 17시,일요일,인천광역시 남구 주안동,경상사고,0,0,2,0,차대차 - 기타,안전운전불이행,건조,맑음,교차로 - 교차로부근,이륜,남,17세,상해없음,승용,남,31세,경상
2011031300100356,2011년 3월 13일 18시,일요일,인천광역시 부평구 부평동,경상사고,0,0,1,0,차대차 - 정면충돌,중앙선침범,건조,맑음,단일로 - 기타,승용,남,54세,상해없음,승용,남,47세,상해없음
2011031300100387,2011년 3월 13일 19시,일요일,인천광역시 남구 주안동,경상사고,0,0,1,0,차대차 - 측면직각충돌,안전운전불이행,건조,맑음,단일로 - 기타,승용,남,51세,상해없음,원동기,남,17세,경상
2011031300100388,2011년 3월 13일 19시,일요일,인천광역시 남구 숭의동,경상사고,0,0,1,0,차대차 - 측면직각충돌,신호위반,건조,맑음,교차로 - 교차로안,승용,남,50세,상해없음,승합,남,46세,경상
2011031300100389,2011년 3월 13일 19시,일요일,인천광역시 남동구 논현동,부상신고사고,0,0,0,1,차량단독 - 기타,안전운전불이행,건조,맑음,단일로 - 기타,승용,남,32세,부상신고,,,,
2011031300100390,2011년 3월 13일 19시,일요일,인천광역시 부평구 부개동,중상사고,0,1,1,0,차대차 - 추돌 - 진행중,안전운전불이행,건조,맑음,교차로 - 교차로부근,승용,남,48세,상해없음,승용,여,22세,상해없음
2011031300100421,2011년 3월 13일 20시,일요일,인천광역시 남동구 간석동,중상사고,0,1,0,0,차대사람 - 기타,안전운전불이행,건조,맑음,단일로 - 기타,화물,남,50세,상해없음,보행자,여,72세,중상