사고번호,사고일시,요일,시군구,사고내용,사망자수,중상자수,경상자수,부상신고자수,사고유형,법규위반,노면상태,기상상태,도로형태,가해운전자 차종,가해운전자 성별,가해운전자 연령,가해운전자 상해정도,피해운전자 차종,피해운전자 성별,피해운전자 연령,피해운전자 상해정도
2011031800100145,2011년 3월 18일 08시,금요일,인천광역시 동구 송림동,중상사고,0,1,0,0,차대차 - 측면직각충돌,신호위반,건조,맑음,단일로 - 횡단보도상,자전거,남,68세,중상,승용,남,56세,상해없음
2011031800100221,2011년 3월 18일 12시,금요일,인천광역시 남구 주안동,경상사고,0,0,1,0,차대사람 - 기타,안전운전불이행,건조,맑음,단일로 - 기타,승용,남,53세,상해없음,보행자,남,63세,경상
2011031800100222,2011년 3월 18일 12시,금요일,인천광역시 남동구 만수동,중상사고,0,1,0,0,차대사람 - 기타,안전운전불이행,건조,맑음,단일로 - 기타,화물,남,40세,상해없음,보행자,여,70세,중상
2011031800100223,2011년 3월 18일 12시,금요일,인천광역시 서구 검암동,중상사고,0,1,0,0,차대사람 - 기타,안전운전불이행,건조,맑음,단일로 - 횡단보도부근,화물,남,45세,상해없음,보행자,여,68세,중상
2011031800100224,2011년 3월 18일 12시,금요일,인천광역시 계양구 오류동,경상사고,0,0,1,0,차대차 - 측면직각충돌,교차로운행방법위반,건조,맑음,교차로 - 교차로안,자전거,남,18세,경상,이륜,남,18세,상해없음
2011031800100263,2011년 3월 18일 14시,금요일,인천광역시 남구 주안동,경상사고,0,0,1,0,차대차 - 측면직각충돌,안전운전불이행,건조,맑음,단일로 - 기타,원동기,남,19세,경상,승용,남,52세,상해없음
2011031800100292,2011년 3월 18일 15시,금요일,인천광역시 부평구 청천동,경상사고,0,0,1,0,차대차 - 기타,안전운전불이행,건조,맑음,교차로 - 교차로부근,승용,남,64세,상해없음,승용,남,39세,경상
2011031800100293,2011년 3월 18일 15시,금요일,인천광역시 서구 가정동,중상사고,0,1,0,0,차대사람 - 횡단중,보행자보호의무위반,건조,맑음,단일로 - 횡단보도상,화물,남,45세,상해없음,보행자,여,9세,중상
2011031800100294,2011년 3월 18일 15시,금요일,인천광역시 서구 연희동,경상사고,0,0,1,0,차대차 - 추돌 - 진행중,안전운전불이행,건조,맑음,단일로 - 기타,화물,남,41세,상해없음,화물,남,45세,경상
2011031800100314,2011년 3월 18일 16시,금요일,인천광역시 동구 송림동,중상사고,0,1,0,0,차대차 - 기타,기타,건조,맑음,교차로 - 교차로부근,승용,여,64세,중상,기타불명,기타불명,기타불명,기타불명
2011031800100315,2011년 3월 18일 16시,금요일,인천광역시 연수구 청학동,중상사고,0,1,0,0,차대차 - 측면직각충돌,안전운전불이행,건조,맑음,단일로 - 횡단보도부근,승용,남,58세,상해없음,자전거,남,74세,중상
2011031800100353,2011년 3월 18일 17시,금요일,인천광역시 남동구 간석동,중상사고,0,1,0,0,차대차 - 측면직각충돌,안전운전불이행,건조,맑음,교차로 - 교차로안,승용,여,37세,상해없음,자전거,남,47세,중상
2011031800100383,2011년 3월 18일 18시,금요일,인천광역시 남동구 고잔동,중상사고,0,1,0,0,차량단독 - 기타,안전운전불이행,건조,맑음,단일로 - 기타,승합,남,35세,상해없음,,,,
2011031800100426,2011년 3월 18일 19시,금요일,인천광역시 남구 학익동,경상사고,0,0,1,0,차대차 - 추돌 - 진행중,중앙선침범,건조,맑음,교차로 - 교차로부근,승용,여,40세,상해없음,원동기,남,16세,경상
2011031800100459,2011년 3월 18일 20시,금요일,인천광역시 남구 학익동,중상사고,0,1,0,0,차대차 - 추돌 - 주정차중,안전운전불이행,건조,맑음,단일로 - 기타,승용,남,24세,상해없음,승용,남,33세,중상
2011031800100460,2011년 3월 18일 20시,금요일,인천광역시 연수구 송도동,중상사고,0,1,2,2,차대차 - 정면충돌,안전운전불이행,건조,맑음,교차로 - 교차로안,승합,남,67세,상해없음,승용,남,28세,경상
2011031800100536,2011년 3월 18일 22시,금요일,인천광역시 서구 가좌동,경상사고,0,0,1,0,차대차 - 측면직각충돌,신호위반,건조,맑음,단일로 - 기타,승용,남,26세,상해없음,승용,남,46세,경상
2011031800100537,2011년 3월 18일 22시,금요일,인천광역시 연수구 연수동,경상사고,0,0,1,0,차대차 - 추돌 - 진행중,안전거리미확보,건조,맑음,단일로 - 기타,승용,남,43세,상해없음,이륜,남,26세,경상
2011031800100577,2011년 3월 18일 23시,금요일,인천광역시 서구 당하동,경상사고,0,0,1,0,차대사람 - 기타,신호위반,건조,맑음,단일로 - 횡단보도상,승용,남,34세,상해없음,보행자,여,15세,경상
2011031900100027,2011년 3월 19일 00시,토요일,인천광역시 연수구 선학동,경상사고,0,0,2,0,차대차 - 추돌 - 진행중,불법유턴,건조,맑음,단일로 - 기타,승용,남,34세,상해없음,승용,남,47세,경상
2011031900100061,2011년 3월 19일 01시,토요일,인천광역시 서구 석남동,중상사고,0,1,0,0,차량단독 - 기타,안전운전불이행,건조,맑음,교차로 - 교차로안,승용,남,23세,상해없음,,,,
2011031900100083,2011년 3월 19일 02시,토요일,인천광역시 서구 가좌동,중상사고,0,2,0,0,차대차 - 측면직각충돌,중앙선침범,건조,맑음,교차로 - 교차로부근,승용,남,24세,상해없음,승용,남,62세,중상
2011031900100104,2011년 3월 19일 03시,토요일,인천광역시 남동구 만수동,경상사고,0,0,3,0,차대차 - 측면직각충돌,기타,건조,맑음,교차로 - 교차로부근,승용,남,36세,상해없음,승용,남,51세,경상
2011031900100127,2011년 3월 19일 05시,토요일,인천광역시 남구 용현동,경상사고,0,0,1,1,차대차 - 측면직각충돌,중앙선침범,건조,맑음,교차로 - 교차로부근,승용,여,55세,부상신고,승용,남,37세,경상
2011031900100128,2011년 3월 19일 05시,토요일,인천광역시 남동구 남촌동,경상사고,0,0,1,0,차대차 - 측면직각충돌,안전거리미확보,건조,맑음,교차로 - 교차로부근,승합,남,51세,상해없음,화물,남,30세,경상
2011031900100152,2011년 3월 19일 07시,토요일,인천광역시 중구 북성동2가,사망사고,1,0,0,0,차대사람 - 횡단중,보행자보호의무위반,건조,맑음,단일로 - 기타,승용,남,39세,상해없음,보행자,여,29세,사망
2011031900100153,2011년 3월 19일 07시,토요일,인천광역시 계양구 계산동,경상사고,0,0,1,0,차대차 - 기타,안전운전불이행,건조,맑음,단일로 - 기타,승용,기타불명,기타불명,기타불명,승용,남,39세,상해없음
2011031900100182,2011년 3월 19일 08시,토요일,인천광역시 부평구 십정동,경상사고,0,0,4,0,차대차 - 측면직각충돌,안전운전불이행,건조,맑음,단일로 - 기타,승용,여,36세,상해없음,승용,남,60세,경상
2011031900100219,2011년 3월 19일 10시,토요일,인천광역시 동구 송림동,중상사고,0,1,0,0,차대차 - 측면직각충돌,안전운전불이행,건조,맑음,단일로 - 기타,화물,남,32세,상해없음,승용,남,45세,중상
2011031900100242,2011년 3월 19일 11시,토요일,인천광역시 남구 용현동,중상사고,0,1,0,0,차량단독 - 기타,안전운전불이행,건조,맑음,단일로 - 교량,승합,남,51세,상해없음,,,,
2011031900100243,2011년 3월 19일 11시,토요일,인천광역시 강화군 선원면,중상사고,0,1,0,0,차대차 - 추돌 - 진행중,안전운전불이행,건조,맑음,기타 - 기타,이륜,여,41세,상해없음,이륜,남,37세,중상
2011031900100275,2011년 3월 19일 12시,토요일,인천광역시 서구 심곡동,경상사고,0,0,2,0,차대차 - 측면직각충돌,중앙선침범,건조,맑음,단일로 - 기타,건설기계,남,39세,상해없음,승용,남,26세,경상
2011031900100312,2011년 3월 19일 13시,토요일,인천광역시 서구 연희동,경상사고,0,0,1,0,차대사람 - 기타,안전운전불이행,건조,맑음,교차로 - 교차로안,이륜,남,17세,상해없음,보행자,여,63세,경상
2011031900100420,2011년 3월 19일 16시,토요일,인천광역시 남구 용현동,중상사고,0,1,0,0,차대차 - 측면직각충돌,안전운전불이행,건조,맑음,교차로 - 교차로안,승용,남,41세,상해없음,이륜,남,20세,중상
2011031900100421,2011년 3월 19일 16시,토요일,인천광역시 남동구 구월동,경상사고,0,0,1,0,차대사람 - 차도통행중,안전운전불이행,건조,맑음,단일로 - 기타,승용,여,53세,상해없음,보행자,남,47세,경상
2011031900100447,2011년 3월 19일 17시,토요일,인천광역시 서구 신현동,경상사고,0,0,1,0,차대차 - 측면직각충돌,신호위반,건조,맑음,교차로 - 교차로안,승용,남,45세,상해없음,승용,남,69세,경상
2011031900100482,2011년 3월 19일 18시,토요일,인천광역시 서구 당하동,경상사고,0,0,1,0,차대차 - 추돌 - 주정차중,안전운전불이행,건조,맑음,교차로 - 교차로부근,승용,남,39세,상해없음,승용,여,47세,경상
2011031900100525,2011년 3월 19일 19시,토요일,인천광역시 서구 가좌동,경상사고,0,0,1,0,차대사람 - 기타,안전운전불이행,건조,맑음,단일로 - 기타,기타불명,기타불명,기타불명,기타불명,보행자,남,58세,경상
2011031900100564,2011년 3월 19일 20시,토요일,인천광역시 부평구 산곡동,중상사고,0,1,0,0,차대차 - 측면직각충돌,교차로운행방법위반,건조,맑음,교차로 - 교차로안,승합,남,29세,상해없음,이륜,남,55세,중상
2011031900100565,2011년 3월 19일 20시,토요일,인천광역시 남동구 간석동,중상사고,0,1,0,0,차대차 - 기타,안전운전불이행,건조,맑음,교차로 - 교차로부근,승용,여,41세,상해없음,원동기,남,31세,중상
2011031900100599,2011년 3월 19일 21시,토요일,인천광역시 부평구 산곡동,중상사고,0,1,1,0,차대차 - 측면직각충돌,신호위반,건조,맑음,교차로 - 교차로안,승용,남,47세,상해없음,이륜,남,18세,중상
2011031900100600,2011년 3월 19일 21시,토요일,인천광역시 연수구 청학동,중상사고,0,1,1,0,차대차 - 추돌 - 진행중,기타,건조,맑음,교차로 - 교차로부근,승용,남,44세,상해없음,이륜,남,18세,경상
2011031900100649,2011년 3월 19일 23시,토요일,인천광역시 남구 주안동,경상사고,0,0,1,0,차대차 - 기타,기타,건조,맑음,교차로 - 교차로안,승용,남,55세,상해없음,이륜,남,28세,경상
2011031900100650,2011년 3월 19일 23시,토요일,인천광역시 부평구 십정동,중상사고,0,1,5,0,차대차 - 추돌 - 진행중,안전운전불이행,건조,맑음,교차로 - 교차로부근,승합,남,51세,상해없음,승합,남,39세,경상
2011031900100651,2011년 3월 19일 23시,토요일,인천광역시 연수구 연수동,경상사고,0,0,1,0,차대차 - 추돌 - 주정차중,안전운전불이행,건조,맑음,교차로 - 교차로부근,승용,남,30세,상해없음,승용,여,37세,상해없음
2011032000100023,2011년 3월 20일 00시,일요일,인천광역시 서구 왕길동,중상사고,0,1,0,0,차대차 - 기타,안전운전불이행,건조,맑음,단일로 - 기타,이륜,남,17세,상해없음,이륜,남,15세,중상
2011032000100024,2011년 3월 20일 00시,일요일,인천광역시 연수구 연수동,경상사고,0,0,3,0,차대차 - 측면직각충돌,교차로운행방법위반,건조,맑음,교차로 - 교차로안,승용,남,49세,기타불명,승용,남,27세,경상
2011032000100049,2011년 3월 20일 01시,일요일,인천광역시 계양구 계산동,경상사고,0,0,1,0,차대차 - 측면직각충돌,안전운전불이행,건조,맑음,단일로 - 기타,승용,남,51세,상해없음,승용,남,49세,경상
2011032000100103,2011년 3월 20일 04시,일요일,인천광역시 남구 도화동,경상사고,0,0,2,0,차대차 - 추돌 - 진행중,안전운전불이행,건조,맑음,교차로 - 교차로부근,승용,여,29세,상해없음,승용,남,44세,경상
2011032000100104,2011년 3월 20일 04시,일요일,인천광역시 남구 주안동,경상사고,0,0,1,0,차대사람 - 횡단중,보행자보호의무위반,건조,맑음,단일로 - 횡단보도상,승합,남,47세,상해없음,보행자,남,30세,경상
2011032000100105,2011년 3월 20일 04시,일요일,인천광역시 부평구 청천동,경상사고,0,0,2,0,차대차 - 추돌 - 진행중,안전운전불이행,습기,비,단일로 - 기타,승용,남,50세,기타불명,승용,남,31세,경상
2011032000100130,2011년 3월 20일 05시,일요일,인천광역시 남구 용현동,경상사고,0,0,2,0,차대차 - 측면직각충돌,안전거리미확보,건조,맑음,단일로 - 횡단보도부근,승용,남,58세,상해없음,승용,남,58세,경상
2011032000100131,2011년 3월 20일 05시,일요일,인천광역시 부평구 산곡동,중상사고,0,1,0,0,차량단독 - 기타,안전운전불이행,습기,비,단일로 - 기타,이륜,남,17세,상해없음,,,,
2011032000100132,2011년 3월 20일 05시,일요일,인천광역시 남동구 구월동,중상사고,0,1,2,0,차대차 - 측면직각충돌,신호위반,습기,비,교차로 - 교차로안,승용,남,43세,상해없음,승용,남,52세,중상
2011032000100151,2011년 3월 20일 06시,일요일,인천광역시 부평구 부평동,경상사고,0,0,1,0,차대사람 - 기타,안전운전불이행,습기,비,단일로 - 기타,승용,남,35세,상해없음,보행자,여,47세,경상
2011032000100187,2011년 3월 20일 08시,일요일,인천광역시 부평구 십정동,경상사고,0,0,1,0,차대차 - 측면직각충돌,안전운전불이행,습기,비,단일로 - 기타,승용,남,29세,상해없음,승용,여,53세,경상
2011032000100203,2011년 3월 20일 09시,일요일,인천광역시 연수구 선학동,중상사고,0,1,0,0,차대차 - 측면직각충돌,신호위반,습기,비,교차로 - 교차로안,승용,남,68세,상해없음,승용,남,52세,중상
2011032000100250,2011년 3월 20일 11시,일요일,인천광역시 남동구 장수동,경상사고,0,0,1,0,차대차 - 측면직각충돌,안전거리미확보,건조,맑음,단일로 - 기타,승용,남,41세,상해없음,승용,남,53세,경상
2011032000100379,2011년 3월 20일 17시,일요일,인천광역시 부평구 갈산동,경상사고,0,0,2,0,차대차 - 측면직각충돌,안전운전불이행,건조,맑음,교차로 - 교차로부근,승용,여,55세,상해없음,승합,남,55세,경상
2011032000100425,2011년 3월 20일 19시,일요일,인천광역시 부평구 부평동,중상사고,0,1,0,0,차대사람 - 횡단중,안전운전불이행,건조,맑음,교차로 - 교차로부근,승용,남,26세,상해없음,보행자,여,53세,중상
2011032000100500,2011년 3월 20일 22시,일요일,인천광역시 남동구 고잔동,경상사고,0,0,3,0,차대차 - 추돌 - 진행중,안전거리미확보,건조,맑음,단일로 - 기타,승용,남,53세,상해없음,승용,남,46세,경상
2011032000100501,2011년 3월 20일 22시,일요일,인천광역시 남동구 간석동,경상사고,0,0,1,0,차대차 - 측면직각충돌,안전운전불이행,건조,맑음,교차로 - 교차로안,이륜,남,16세,경상,승용,남,41세,상해없음
2011032000100520,2011년 3월 20일 23시,일요일,인천광역시 남구 주안동,경상사고,0,0,2,0,차대차 - 기타,안전운전불이행,건조,맑음,단일로 - 횡단보도부근,승용,남,54세,상해없음,승합,여,51세,경상
2011032000100521,2011년 3월 20일 23시,일요일,인천광역시 서구 가좌동,사망사고,1,0,0,0,차대사람 - 횡단중,안전운전불이행,건조,맑음,단일로 - 횡단보도부근,승용,남,60세,상해없음,보행자,남,63세,사망
2011032100100016,2011년 3월 21일 01시,월요일,인천광역시 계양구 임학동,중상사고,0,1,0,0,차대차 - 측면직각충돌,안전운전불이행,건조,맑음,단일로 - 기타,승용,여,50세,상해없음,원동기,남,49세,중상
2011032100100040,2011년 3월 21일 05시,월요일,인천광역시 서구 검암동,경상사고,0,0,3,0,차대차 - 측면직각충돌,신호위반,건조,맑음,교차로 - 교차로안,승용,남,66세,상해없음,화물,남,51세,경상
2011032100100051,2011년 3월 21일 06시,월요일,인천광역시 남동구 만수동,중상사고,0,1,0,0,차대사람 - 횡단중,신호위반,건조,맑음,교차로 - 교차로안,승용,남,33세,상해없음,보행자,여,16세,중상
2011032100100106,2011년 3월 21일 08시,월요일,인천광역시 중구 항동7가,중상사고,0,1,0,0,차대차 - 측면직각충돌,안전운전불이행,습기,맑음,교차로 - 교차로부근,승합,남,61세,상해없음,화물,남,44세,중상
2011032100100107,2011년 3월 21일 08시,월요일,인천광역시 남동구 구월동,중상사고,0,1,1,8,차대차 - 정면충돌,중앙선침범,건조,맑음,교차로 - 교차로부근,승용,남,36세,중상,승용,남,42세,경상
2011032100100108,2011년 3월 21일 08시,월요일,인천광역시 남동구 간석동,경상사고,0,0,1,0,차대차 - 측면직각충돌,안전운전불이행,건조,맑음,단일로 - 기타,승용,남,34세,상해없음,승용,남,39세,경상
2011032100100109,2011년 3월 21일 08시,월요일,인천광역시 계양구 작전동,중상사고,0,1,0,0,차대사람 - 기타,안전운전불이행,건조,맑음,단일로 - 기타,승용,기타불명,기타불명,기타불명,보행자,남,45세,중상
2011032100100132,2011년 3월 21일 09시,월요일,인천광역시 부평구 삼산동,중상사고,0,1,0,0,차대사람 - 횡단중,안전운전불이행,건조,맑음,단일로 - 횡단보도부근,승합,남,45세,상해없음,보행자,여,25세,중상
2011032100100179,2011년 3월 21일 11시,월요일,인천광역시 서구 가정동,경상사고,0,0,2,0,차대차 - 추돌 - 주정차중,안전운전불이행,건조,맑음,교차로 - 교차로부근,승합,남,59세,상해없음,승용,남,34세,경상
2011032100100222,2011년 3월 21일 13시,월요일,인천광역시 남동구 만수동,경상사고,0,0,1,0,차대차 - 측면직각충돌,안전운전불이행,건조,맑음,교차로 - 교차로부근,승용,여,35세,상해없음,승용,남,36세,경상
2011032100100253,2011년 3월 21일 14시,월요일,인천광역시 서구 원창동,경상사고,0,0,1,0,차대차 - 정면충돌,신호위반,건조,맑음,교차로 - 교차로안,승용,남,43세,상해없음,승용,남,32세,경상
2011032100100283,2011년 3월 21일 15시,월요일,인천광역시 동구 송림동,경상사고,0,0,1,0,차대사람 - 기타,안전운전불이행,건조,맑음,단일로 - 횡단보도상,화물,남,54세,상해없음,보행자,남,62세,경상
2011032100100338,2011년 3월 21일 17시,월요일,인천광역시 남동구 간석동,경상사고,0,0,1,0,차대차 - 기타,안전운전불이행,건조,맑음,교차로 - 교차로안,승용,여,23세,상해없음,승용,여,52세,경상
2011032100100373,2011년 3월 21일 18시,월요일,인천광역시 부평구 부평동,중상사고,0,1,0,0,차대사람 - 기타,안전운전불이행,건조,맑음,단일로 - 기타,승용,남,30세,상해없음,보행자,남,49세,중상
2011032100100374,2011년 3월 21일 18시,월요일,인천광역시 부평구 부개동,중상사고,0,1,0,0,차대사람 - 횡단중,신호위반,건조,맑음,단일로 - 횡단보도부근,승용,남,33세,상해없음,보행자,남,7세,중상
2011032100100411,2011년 3월 21일 19시,월요일,인천광역시 남구 주안동,경상사고,0,0,1,0,차대차 - 측면직각충돌,안전운전불이행,건조,맑음,교차로 - 교차로부근,승합,남,48세,상해없음,승용,남,52세,경상
2011032100100412,2011년 3월 21일 19시,월요일,인천광역시 남구 도화동,경상사고,0,0,1,0,차대차 - 추돌 - 주정차중,안전운전불이행,건조,맑음,교차로 - 교차로부근,승용,남,51세,상해없음,화물,남,34세,경상
2011032100100413,2011년 3월 21일 19시,월요일,인천광역시 남동구 간석동,경상사고,0,0,1,0,차대차 - 추돌 - 주정차중,안전운전불이행,건조,맑음,단일로 - 기타,승용,남,48세,상해없음,승용,남,28세,경상
2011032100100414,2011년 3월 21일 19시,월요일,인천광역시 남동구 논현동,중상사고,0,1,0,0,차대차 - 기타,안전운전불이행,건조,맑음,단일로 - 기타,승용,남,50세,기타불명,이륜,남,16세,중상
2011032100100460,2011년 3월 21일 20시,월요일,인천광역시 연수구 연수동,경상사고,0,0,1,0,차대차 - 측면직각충돌,신호위반,건조,맑음,단일로 - 횡단보도상,승용,남,27세,상해없음,자전거,남,62세,경상
2011032100100493,2011년 3월 21일 21시,월요일,인천광역시 남동구 간석동,경상사고,0,0,2,0,차대차 - 추돌 - 주정차중,안전운전불이행,건조,맑음,교차로 - 교차로부근,승용,남,61세,상해없음,승용,남,29세,경상
2011032100100494,2011년 3월 21일 21시,월요일,인천광역시 부평구 삼산동,경상사고,0,0,1,0,차대사람 - 횡단중,보행자보호의무위반,건조,맑음,단일로 - 횡단보도상,승용,남,43세,상해없음,보행자,남,15세,경상
2011032100100525,2011년 3월 21일 22시,월요일,인천광역시 남동구 논현동,경상사고,0,0,1,0,차대사람 - 보도통행중,기타,건조,맑음,기타 - 기타,승용,남,47세,상해없음,보행자,남,44세,경상
2011032100100526,2011년 3월 21일 22시,월요일,인천광역시 연수구 옥련동,경상사고,0,0,1,0,차대차 - 추돌 - 진행중,안전운전불이행,건조,맑음,단일로 - 기타,승용,남,49세,상해없음,승용,남,32세,경상
2011032200100021,2011년 3월 22일 00시,화요일,인천광역시 부평구 청천동,중상사고,0,1,1,0,차대차 - 측면직각충돌,안전운전불이행,건조,맑음,교차로 - 교차로안,승용,남,52세,상해없음,승용,남,53세,경상
2011032200100022,2011년 3월 22일 00시,화요일,인천광역시 부평구 부평동,경상사고,0,0,2,0,차대차 - 측면직각충돌,신호위반,건조,맑음,교차로 - 교차로안,승용,여,24세,상해없음,승용,남,62세,경상
2011032200100023,2011년 3월 22일 00시,화요일,인천광역시 남동구 구월동,경상사고,0,0,1,0,차대사람 - 기타,안전운전불이행,건조,맑음,단일로 - 기타,승용,남,38세,상해없음,보행자,남,15세,경상
2011032200100024,2011년 3월 22일 00시,화요일,인천광역시 남동구 간석동,경상사고,0,0,1,0,차대차 - 기타,교차로운행방법위반,건조,맑음,교차로 - 교차로부근,승용,남,52세,상해없음,승용,남,47세,상해없음
2011032200100039,2011년 3월 22일 01시,화요일,인천광역시 중구 운북동,경상사고,0,0,1,0,차량단독 - 공작물충돌,안전운전불이행,건조,맑음,교차로 - 교차로부근,승용,남,29세,상해없음,,,,
2011032200100040,2011년 3월 22일 01시,화요일,인천광역시 계양구 계산동,경상사고,0,0,1,0,차대사람 - 길가장자리구역통행중,안전운전불이행,건조,맑음,교차로 - 교차로안,승용,남,31세,상해없음,보행자,남,62세,경상
2011032200100056,2011년 3월 22일 02시,화요일,인천광역시 남구 용현동,중상사고,0,1,0,0,차대차 - 측면직각충돌,신호위반,건조,맑음,교차로 - 교차로부근,승용,남,27세,상해없음,승용,남,27세,중상
2011032200100057,2011년 3월 22일 02시,화요일,인천광역시 남동구 구월동,경상사고,0,0,2,0,차대차 - 측면직각충돌,안전운전불이행,건조,맑음,단일로 - 기타,화물,남,43세,기타불명,승용,남,30세,경상
2011032200100079,2011년 3월 22일 05시,화요일,인천광역시 남구 주안동,사망사고,1,0,0,0,차대차 - 측면직각충돌,안전거리미확보,건조,맑음,교차로 - 교차로부근,원동기,남,68세,사망,화물,남,48세,상해없음
2011032200100090,2011년 3월 22일 06시,화요일,인천광역시 남동구 간석동,중상사고,0,1,0,0,차대사람 - 횡단중,안전운전불이행,건조,맑음,단일로 - 횡단보도상,승용,남,61세,상해없음,보행자,여,62세,중상
2011032200100111,2011년 3월 22일 07시,화요일,인천광역시 서구 연희동,경상사고,0,0,1,0,차대차 - 추돌 - 진행중,안전운전불이행,건조,맑음,단일로 - 기타,승용,남,45세,상해없음,승용,남,61세,경상
2011032200100144,2011년 3월 22일 08시,화요일,인천광역시 남동구 고잔동,경상사고,0,0,2,0,차대차 - 측면직각충돌,교차로운행방법위반,건조,맑음,교차로 - 교차로안,승합,남,30세,상해없음,승용,남,58세,경상
2011032200100165,2011년 3월 22일 09시,화요일,인천광역시 남동구 간석동,중상사고,0,1,0,0,차대사람 - 횡단중,안전운전불이행,건조,맑음,단일로 - 횡단보도부근,이륜,남,45세,상해없음,보행자,남,61세,중상
2011032200100166,2011년 3월 22일 09시,화요일,인천광역시 남동구 간석동,경상사고,0,0,7,0,차대차 - 기타,안전거리미확보,건조,맑음,교차로 - 교차로부근,승용,남,35세,상해없음,승합,남,49세,상해없음
2011032200100178,2011년 3월 22일 10시,화요일,인천광역시 남구 주안동,경상사고,0,0,1,0,차대차 - 기타,차로위반,건조,맑음,단일로 - 기타,승용,남,50세,상해없음,승용,남,24세,경상
2011032200100255,2011년 3월 22일 14시,화요일,인천광역시 서구 검암동,중상사고,0,1,0,0,차대차 - 측면직각충돌,중앙선침범,건조,맑음,단일로 - 기타,승용,남,50세,상해없음,승용,남,39세,중상
2011032200100273,2011년 3월 22일 15시,화요일,인천광역시 남동구 구월동,중상사고,0,1,0,0,차대차 - 기타,안전거리미확보,건조,맑음,교차로 - 교차로안,화물,남,45세,상해없음,이륜,남,40세,중상
2011032200100321,2011년 3월 22일 17시,화요일,인천광역시 서구 공촌동,중상사고,0,3,0,0,차대차 - 추돌 - 진행중,안전운전불이행,건조,맑음,단일로 - 기타,승용,남,20세,상해없음,승용,남,31세,중상
2011032200100390,2011년 3월 22일 19시,화요일,인천광역시 부평구 부개동,경상사고,0,0,8,0,차대차 - 측면직각충돌,중앙선침범,건조,맑음,교차로 - 교차로부근,승용,여,37세,상해없음,승용,남,53세,경상
2011032200100423,2011년 3월 22일 20시,화요일,인천광역시 남동구 논현동,경상사고,0,0,2,0,차대차 - 기타,안전운전불이행,건조,맑음,기타 - 기타,승용,남,46세,상해없음,승용,여,24세,경상
2011032200100424,2011년 3월 22일 20시,화요일,인천광역시 연수구 청학동,중상사고,0,1,0,0,차대차 - 추돌 - 진행중,안전운전불이행,건조,맑음,교차로 - 교차로부근,승용,남,22세,상해없음,이륜,남,40세,중상
2011032200100425,2011년 3월 22일 20시,화요일,인천광역시 부평구 부평동,경상사고,0,0,1,0,차대사람 - 기타,안전운전불이행,건조,맑음,교차로 - 교차로부근,승용,남,53세,상해없음,보행자,남,49세,경상
2011032200100426,2011년 3월 22일 20시,화요일,인천광역시 부평구 삼산동,경상사고,0,0,1,0,차대차 - 측면직각충돌,안전거리미확보,건조,맑음,단일로 - 기타,승용,남,46세,상해없음,승용,남,33세,경상
2011032200100464,2011년 3월 22일 21시,화요일,인천광역시 남구 관교동,중상사고,0,1,0,0,차대차 - 정면충돌,중앙선침범,건조,맑음,교차로 - 교차로부근,승용,남,55세,상해없음,원동기,남,21세,중상
2011032200100465,2011년 3월 22일 21시,화요일,인천광역시 남동구 논현동,중상사고,0,1,0,0,차대차 - 측면직각충돌,안전운전불이행,건조,맑음,교차로 - 교차로부근,자전거,남,25세,중상,승용,남,26세,상해없음
2011032200100513,2011년 3월 22일 23시,화요일,인천광역시 부평구 산곡동,중상사고,0,1,2,0,차대차 - 추돌 - 진행중,안전운전불이행,건조,맑음,교차로 - 교차로부근,승용,남,37세,상해없음,승용,남,53세,중상
2011032200100514,2011년 3월 22일 23시,화요일,인천광역시 연수구 연수동,중상사고,0,1,2,0,차대차 - 추돌 - 진행중,안전운전불이행,건조,맑음,단일로 - 기타,승용,남,59세,상해없음,승용,남,54세,중상
2011032200100515,2011년 3월 22일 23시,화요일,인천광역시 부평구,중상사고,0,1,0,0,차대사람 - 길가장자리구역통행중,안전운전불이행,건조,맑음,단일로 - 기타,화물,남,40세,상해없음,보행자,남,55세,중상
2011032300100016,2011년 3월 23일 00시,수요일,인천광역시 남구 주안동,경상사고,0,0,1,0,차대사람 - 횡단중,안전운전불이행,건조,맑음,단일로 - 기타,승용,남,59세,상해없음,보행자,남,52세,경상
2011032300100105,2011년 3월 23일 07시,수요일,인천광역시 서구 석남동,경상사고,0,0,1,0,차대사람 - 횡단중,신호위반,건조,맑음,단일로 - 횡단보도상,승용,남,47세,상해없음,보행자,남,10세,경상
2011032300100141,2011년 3월 23일 08시,수요일,인천광역시 남동구 남촌동,경상사고,0,0,2,0,차대차 - 기타,안전거리미확보,건조,맑음,단일로 - 기타,승용,남,27세,상해없음,승용,남,28세,경상
2011032300100169,2011년 3월 23일 09시,수요일,인천광역시 계양구 서운동,경상사고,0,0,1,0,차대차 - 측면직각충돌,안전거리미확보,건조,맑음,단일로 - 기타,승용,남,60세,상해없음,승용,남,34세,경상
2011032300100195,2011년 3월 23일 10시,수요일,인천광역시 연수구 청학동,경상사고,0,0,2,0,차대차 - 측면직각충돌,교차로운행방법위반,건조,맑음,교차로 - 교차로안,승용,남,43세,상해없음,승용,남,51세,경상