사고번호,사고일시,요일,시군구,사고내용,사망자수,중상자수,경상자수,부상신고자수,사고유형,법규위반,노면상태,기상상태,도로형태,가해운전자 차종,가해운전자 성별,가해운전자 연령,가해운전자 상해정도,피해운전자 차종,피해운전자 성별,피해운전자 연령,피해운전자 상해정도
2011032300100268,2011년 3월 23일 13시,수요일,인천광역시 부평구 구산동,경상사고,0,0,1,0,차대차 - 기타,안전운전불이행,건조,맑음,교차로 - 교차로부근,승합,남,43세,상해없음,자전거,남,30세,경상
2011032300100301,2011년 3월 23일 14시,수요일,인천광역시 계양구 장기동,중상사고,0,1,0,0,차대차 - 측면직각충돌,차로위반,건조,맑음,교차로 - 교차로부근,특수,남,47세,상해없음,승용,여,40세,중상
2011032300100359,2011년 3월 23일 16시,수요일,인천광역시 남동구 구월동,중상사고,0,1,2,0,차대차 - 기타,안전운전불이행,건조,맑음,교차로 - 교차로부근,승용,남,62세,상해없음,승용,남,58세,경상
2011032300100422,2011년 3월 23일 18시,수요일,인천광역시 부평구 청천동,경상사고,0,0,1,0,차대사람 - 횡단중,안전운전불이행,건조,맑음,교차로 - 교차로부근,화물,남,26세,상해없음,보행자,여,37세,경상
2011032300100451,2011년 3월 23일 19시,수요일,인천광역시 남동구 간석동,경상사고,0,0,1,0,차대차 - 기타,안전운전불이행,건조,맑음,단일로 - 기타,승용,남,44세,상해없음,승용,남,31세,경상
2011032300100491,2011년 3월 23일 20시,수요일,인천광역시 남동구 고잔동,중상사고,0,1,1,0,차대차 - 측면직각충돌,신호위반,건조,맑음,교차로 - 교차로안,승용,여,43세,중상,화물,남,35세,경상
2011032300100492,2011년 3월 23일 20시,수요일,인천광역시 남동구 간석동,경상사고,0,0,1,0,차대차 - 측면직각충돌,차로위반,건조,맑음,단일로 - 기타,승용,남,31세,상해없음,이륜,남,41세,경상
2011032300100493,2011년 3월 23일 20시,수요일,인천광역시 계양구 계산동,경상사고,0,0,1,0,차대사람 - 횡단중,안전운전불이행,건조,맑음,교차로 - 교차로안,승합,남,56세,상해없음,보행자,여,54세,경상
2011032300100494,2011년 3월 23일 20시,수요일,인천광역시 부평구 삼산동,경상사고,0,0,1,0,차대차 - 추돌 - 진행중,안전운전불이행,건조,맑음,단일로 - 기타,승용,여,46세,상해없음,자전거,남,13세,경상
2011032300100555,2011년 3월 23일 22시,수요일,인천광역시 남구 주안동,부상신고사고,0,0,0,1,차대사람 - 기타,안전운전불이행,건조,맑음,단일로 - 기타,기타불명,기타불명,기타불명,기타불명,보행자,남,46세,부상신고
2011032300100556,2011년 3월 23일 22시,수요일,인천광역시 남동구 만수동,경상사고,0,0,2,0,차대차 - 추돌 - 주정차중,안전운전불이행,건조,맑음,교차로 - 교차로부근,승용,여,27세,상해없음,승용,남,37세,경상
2011032300100557,2011년 3월 23일 22시,수요일,인천광역시 남동구 장수동,경상사고,0,0,1,0,차대차 - 측면직각충돌,안전거리미확보,건조,맑음,단일로 - 기타,화물,여,53세,상해없음,승용,남,52세,경상
2011032300100584,2011년 3월 23일 23시,수요일,인천광역시 남동구 간석동,중상사고,0,1,0,0,차대차 - 기타,기타,건조,맑음,교차로 - 교차로부근,기타불명,기타불명,기타불명,기타불명,이륜,남,29세,중상
2011032400100035,2011년 3월 24일 01시,목요일,인천광역시 남구 주안동,경상사고,0,0,1,0,차대사람 - 기타,안전운전불이행,건조,맑음,교차로 - 교차로부근,승용,남,63세,상해없음,보행자,남,27세,경상
2011032400100052,2011년 3월 24일 02시,목요일,인천광역시 남동구 구월동,경상사고,0,0,1,0,차대사람 - 차도통행중,안전운전불이행,건조,맑음,단일로 - 기타,승용,남,27세,상해없음,보행자,남,30세,경상
2011032400100064,2011년 3월 24일 04시,목요일,인천광역시 부평구 삼산동,경상사고,0,0,1,0,차대사람 - 횡단중,신호위반,건조,맑음,단일로 - 횡단보도상,승용,여,55세,상해없음,보행자,남,66세,경상
2011032400100110,2011년 3월 24일 07시,목요일,인천광역시 남구 주안동,경상사고,0,0,3,0,차대차 - 측면직각충돌,교차로운행방법위반,건조,맑음,교차로 - 교차로안,승용,남,33세,경상,승용,남,35세,경상
2011032400100156,2011년 3월 24일 09시,목요일,인천광역시 남동구 고잔동,중상사고,0,1,1,0,차대차 - 기타,안전거리미확보,건조,맑음,단일로 - 기타,승용,남,47세,상해없음,건설기계,남,53세,경상
2011032400100185,2011년 3월 24일 10시,목요일,인천광역시 남구 학익동,경상사고,0,0,3,0,차대차 - 측면직각충돌,안전운전불이행,습기,맑음,교차로 - 교차로부근,승용,남,36세,상해없음,승용,남,41세,경상
2011032400100204,2011년 3월 24일 11시,목요일,인천광역시 남구 문학동,경상사고,0,0,2,0,차대차 - 추돌 - 주정차중,안전운전불이행,건조,맑음,교차로 - 교차로부근,승용,여,49세,상해없음,승용,남,71세,경상
2011032400100254,2011년 3월 24일 13시,목요일,인천광역시 중구 신흥동3가,사망사고,1,0,0,0,차대차 - 측면직각충돌,신호위반,습기,흐림,교차로 - 교차로안,화물,남,68세,상해없음,자전거,남,65세,사망
2011032400100255,2011년 3월 24일 13시,목요일,인천광역시 부평구 산곡동,경상사고,0,0,1,0,차량단독 - 기타,안전운전불이행,건조,맑음,교차로 - 교차로안,승합,남,44세,기타불명,,,,
2011032400100256,2011년 3월 24일 13시,목요일,인천광역시 남동구 고잔동,경상사고,0,0,1,0,차대사람 - 보도통행중,안전운전불이행,건조,맑음,교차로 - 교차로부근,승용,남,38세,상해없음,보행자,여,27세,경상
2011032400100257,2011년 3월 24일 13시,목요일,인천광역시 강화군 강화읍,경상사고,0,0,1,0,차대사람 - 횡단중,안전운전불이행,건조,맑음,단일로 - 기타,원동기,남,76세,상해없음,보행자,남,59세,경상
2011032400100334,2011년 3월 24일 16시,목요일,인천광역시 남동구 논현동,경상사고,0,0,1,0,차대차 - 측면직각충돌,안전운전불이행,건조,맑음,단일로 - 기타,자전거,남,12세,경상,화물,남,62세,상해없음
2011032400100335,2011년 3월 24일 16시,목요일,인천광역시 연수구 선학동,중상사고,0,1,0,0,차대차 - 추돌 - 진행중,안전운전불이행,건조,맑음,단일로 - 기타,승용,남,44세,상해없음,승용,여,42세,중상
2011032400100368,2011년 3월 24일 17시,목요일,인천광역시 부평구 부평동,경상사고,0,0,1,0,차대차 - 측면직각충돌,안전운전불이행,습기,비,단일로 - 횡단보도상,승용,남,54세,상해없음,자전거,남,65세,경상
2011032400100369,2011년 3월 24일 17시,목요일,인천광역시 남동구 장수동,중상사고,0,1,0,0,차대차 - 기타,안전거리미확보,건조,맑음,단일로 - 기타,승용,남,41세,상해없음,이륜,남,44세,중상
2011032400100417,2011년 3월 24일 18시,목요일,인천광역시 부평구 청천동,경상사고,0,0,2,0,차대차 - 측면직각충돌,안전운전불이행,습기,비,교차로 - 교차로안,승합,남,66세,상해없음,승용,남,28세,경상
2011032400100468,2011년 3월 24일 19시,목요일,인천광역시 서구 마전동,경상사고,0,0,2,0,차대차 - 추돌 - 진행중,안전운전불이행,습기,비,단일로 - 기타,승용,남,59세,상해없음,승용,여,30세,경상
2011032400100469,2011년 3월 24일 19시,목요일,인천광역시 계양구 병방동,경상사고,0,0,1,0,차대사람 - 기타,신호위반,습기,비,교차로 - 교차로안,승용,기타불명,기타불명,기타불명,보행자,여,11세,경상
2011032400100522,2011년 3월 24일 20시,목요일,인천광역시 동구 송현동,경상사고,0,0,1,0,차대차 - 측면직각충돌,중앙선침범,습기,비,교차로 - 교차로부근,승용,남,52세,상해없음,이륜,남,34세,경상
2011032400100523,2011년 3월 24일 20시,목요일,인천광역시 남구 주안동,경상사고,0,0,1,0,차대사람 - 횡단중,안전운전불이행,습기,눈,단일로 - 기타,승용,여,37세,상해없음,보행자,남,48세,경상
2011032400100524,2011년 3월 24일 20시,목요일,인천광역시 남동구 구월동,경상사고,0,0,1,0,차대차 - 기타,안전운전불이행,적설,흐림,단일로 - 기타,승용,남,53세,상해없음,승용,남,30세,경상
2011032400100577,2011년 3월 24일 21시,목요일,인천광역시 부평구 산곡동,경상사고,0,0,1,0,차대차 - 추돌 - 주정차중,안전운전불이행,습기,비,단일로 - 기타,승용,남,37세,상해없음,승용,남,54세,기타불명
2011032400100628,2011년 3월 24일 22시,목요일,인천광역시 남구 학익동,중상사고,0,1,0,0,차대차 - 기타,안전운전불이행,건조,맑음,교차로 - 교차로안,승용,남,50세,상해없음,특수,남,35세,중상
2011032400100629,2011년 3월 24일 22시,목요일,인천광역시 연수구 동춘동,경상사고,0,0,1,0,차대사람 - 기타,안전운전불이행,습기,흐림,단일로 - 기타,승용,남,47세,상해없음,보행자,남,43세,경상
2011032400100669,2011년 3월 24일 23시,목요일,인천광역시 남동구 구월동,중상사고,0,1,3,0,차대차 - 추돌 - 주정차중,안전운전불이행,습기,흐림,교차로 - 교차로부근,승용,남,27세,상해없음,승용,남,55세,중상
2011032400100670,2011년 3월 24일 23시,목요일,인천광역시 연수구 연수동,경상사고,0,0,4,0,차대차 - 측면직각충돌,중앙선침범,습기,비,교차로 - 교차로부근,승용,남,19세,상해없음,승용,남,22세,경상
2011032400100671,2011년 3월 24일 23시,목요일,인천광역시 연수구 연수동,경상사고,0,0,1,0,차대차 - 추돌 - 주정차중,안전운전불이행,건조,맑음,단일로 - 기타,승용,남,26세,상해없음,승용,남,57세,경상
2011032400100672,2011년 3월 24일 23시,목요일,인천광역시 부평구 갈산동,경상사고,0,0,1,0,차대차 - 측면직각충돌,안전거리미확보,습기,흐림,교차로 - 교차로부근,승용,남,30세,상해없음,이륜,남,47세,경상
2011032500100021,2011년 3월 25일 00시,금요일,인천광역시 남동구 논현동,중상사고,0,1,0,0,차대차 - 기타,안전운전불이행,습기,비,단일로 - 기타,승용,남,62세,상해없음,승용,남,27세,중상
2011032500100045,2011년 3월 25일 01시,금요일,인천광역시 남구 주안동,경상사고,0,0,1,0,차대차 - 측면직각충돌,교차로운행방법위반,건조,맑음,교차로 - 교차로안,승용,남,58세,상해없음,승용,남,27세,상해없음
2011032500100046,2011년 3월 25일 01시,금요일,인천광역시 부평구 청천동,경상사고,0,0,1,0,차대차 - 기타,교차로운행방법위반,건조,맑음,교차로 - 교차로안,승용,남,45세,상해없음,승용,남,38세,경상
2011032500100061,2011년 3월 25일 02시,금요일,인천광역시 남구 주안동,중상사고,0,1,0,0,차대사람 - 기타,안전운전불이행,건조,맑음,교차로 - 교차로부근,기타불명,기타불명,기타불명,기타불명,보행자,여,40세,중상
2011032500100081,2011년 3월 25일 04시,금요일,인천광역시 부평구 산곡동,중상사고,0,1,0,0,차대사람 - 횡단중,보행자보호의무위반,건조,맑음,단일로 - 횡단보도상,승용,남,55세,기타불명,보행자,여,45세,중상
2011032500100109,2011년 3월 25일 06시,금요일,인천광역시 남동구 수산동,경상사고,0,0,1,0,차대차 - 정면충돌,중앙선침범,건조,맑음,단일로 - 기타,승용,남,36세,상해없음,승용,남,37세,경상
2011032500100136,2011년 3월 25일 07시,금요일,인천광역시 연수구 청학동,중상사고,0,1,0,0,차대차 - 측면직각충돌,신호위반,습기,맑음,교차로 - 교차로안,승용,남,54세,상해없음,원동기,남,47세,중상
2011032500100207,2011년 3월 25일 09시,금요일,인천광역시 남구 숭의동,경상사고,0,0,1,0,차대차 - 기타,신호위반,건조,맑음,교차로 - 교차로안,승용,남,55세,상해없음,승합,남,42세,경상
2011032500100208,2011년 3월 25일 09시,금요일,인천광역시 서구 경서동,중상사고,0,1,1,0,차대차 - 추돌 - 진행중,안전거리미확보,건조,맑음,기타 - 기타,승용,남,45세,상해없음,승합,남,53세,중상
2011032500100209,2011년 3월 25일 09시,금요일,인천광역시 서구 가좌동,중상사고,0,2,0,0,차대차 - 측면직각충돌,안전운전불이행,건조,맑음,교차로 - 교차로부근,승합,남,39세,상해없음,승용,남,32세,중상
2011032500100264,2011년 3월 25일 11시,금요일,인천광역시 남동구 논현동,중상사고,0,1,0,0,차대사람 - 기타,안전운전불이행,건조,맑음,단일로 - 기타,승용,남,42세,상해없음,보행자,여,53세,중상
2011032500100287,2011년 3월 25일 12시,금요일,인천광역시 부평구 부평동,경상사고,0,0,1,0,차대차 - 측면직각충돌,안전거리미확보,건조,맑음,단일로 - 기타,승용,남,51세,상해없음,이륜,남,39세,경상
2011032500100365,2011년 3월 25일 15시,금요일,인천광역시 부평구 산곡동,중상사고,0,1,0,0,차대사람 - 횡단중,안전운전불이행,건조,맑음,단일로 - 기타,승합,남,43세,상해없음,보행자,남,12세,중상
2011032500100397,2011년 3월 25일 16시,금요일,인천광역시 부평구 부평동,중상사고,0,1,0,0,차대차 - 측면직각충돌,중앙선침범,건조,맑음,단일로 - 기타,화물,남,41세,상해없음,승합,여,52세,중상
2011032500100477,2011년 3월 25일 18시,금요일,인천광역시 서구 연희동,부상신고사고,0,0,0,1,차대차 - 기타,중앙선침범,건조,맑음,단일로 - 기타,원동기,남,45세,부상신고,승용,남,41세,상해없음
2011032500100599,2011년 3월 25일 21시,금요일,인천광역시 동구 송림동,중상사고,0,1,0,0,차대사람 - 기타,안전운전불이행,건조,맑음,단일로 - 기타,승용,남,44세,상해없음,보행자,남,49세,중상
2011032500100649,2011년 3월 25일 22시,금요일,인천광역시 남구 주안동,중상사고,0,1,0,0,차대사람 - 횡단중,안전운전불이행,건조,맑음,교차로 - 교차로안,승용,남,46세,상해없음,보행자,남,58세,중상
2011032500100650,2011년 3월 25일 22시,금요일,인천광역시 남동구 남촌동,중상사고,0,1,0,0,차대사람 - 횡단중,과속,건조,맑음,단일로 - 기타,승용,남,40세,상해없음,보행자,남,57세,중상
2011032500100651,2011년 3월 25일 22시,금요일,인천광역시 남동구 간석동,중상사고,0,1,0,0,차대사람 - 횡단중,안전운전불이행,건조,맑음,교차로 - 교차로부근,승용,남,30세,상해없음,보행자,남,14세,중상
2011032500100652,2011년 3월 25일 22시,금요일,인천광역시 서구 연희동,중상사고,0,1,0,0,차대사람 - 기타,안전운전불이행,건조,맑음,교차로 - 교차로안,승용,남,24세,상해없음,보행자,여,31세,중상
2011032500100653,2011년 3월 25일 22시,금요일,인천광역시 서구 신현동,중상사고,0,1,0,0,차대차 - 측면직각충돌,중앙선침범,건조,맑음,교차로 - 교차로부근,승용,남,44세,상해없음,승용,남,30세,중상
2011032500100654,2011년 3월 25일 22시,금요일,인천광역시 계양구 효성동,경상사고,0,0,1,0,차대차 - 추돌 - 주정차중,신호위반,건조,맑음,교차로 - 교차로안,이륜,남,54세,상해없음,승용,남,39세,경상
2011032500100655,2011년 3월 25일 22시,금요일,인천광역시 계양구 계산동,중상사고,0,1,0,0,차대사람 - 차도통행중,안전운전불이행,건조,맑음,단일로 - 기타,승용,남,50세,상해없음,보행자,여,20세,중상
2011032500100656,2011년 3월 25일 22시,금요일,인천광역시 연수구 동춘동,중상사고,0,1,2,0,차대차 - 추돌 - 주정차중,안전운전불이행,건조,맑음,교차로 - 교차로부근,승용,남,39세,상해없음,승용,여,48세,경상
2011032500100688,2011년 3월 25일 23시,금요일,인천광역시 남동구 논현동,경상사고,0,0,1,0,차대차 - 측면직각충돌,안전운전불이행,건조,맑음,교차로 - 교차로부근,이륜,남,17세,경상,승용,여,46세,상해없음
2011032500100689,2011년 3월 25일 23시,금요일,인천광역시 연수구 연수동,경상사고,0,0,2,0,차대차 - 추돌 - 진행중,안전운전불이행,건조,맑음,교차로 - 교차로부근,화물,남,39세,상해없음,승용,남,43세,경상
2011032600100021,2011년 3월 26일 00시,토요일,인천광역시 서구 가좌동,중상사고,0,2,4,0,차대차 - 측면직각충돌,안전운전불이행,건조,맑음,교차로 - 교차로부근,승용,남,26세,상해없음,승용,여,30세,중상
2011032600100047,2011년 3월 26일 01시,토요일,인천광역시 남구 용현동,중상사고,0,1,3,1,차대차 - 기타,안전운전불이행,건조,맑음,단일로 - 기타,승용,남,56세,부상신고,승용,남,44세,경상
2011032600100123,2011년 3월 26일 06시,토요일,인천광역시 서구 경서동,중상사고,0,1,0,1,차대차 - 정면충돌,중앙선침범,결빙,맑음,단일로 - 기타,승용,남,58세,부상신고,화물,남,49세,중상
2011032600100145,2011년 3월 26일 07시,토요일,인천광역시 서구 불로동,중상사고,0,1,0,0,차대사람 - 보도통행중,안전운전불이행,건조,맑음,단일로 - 기타,승용,여,46세,상해없음,보행자,여,66세,중상
2011032600100146,2011년 3월 26일 07시,토요일,인천광역시 계양구 용종동,경상사고,0,0,2,0,차대차 - 측면직각충돌,안전운전불이행,건조,맑음,단일로 - 기타,승용,남,27세,상해없음,승용,남,30세,경상
2011032600100186,2011년 3월 26일 09시,토요일,인천광역시 남동구 수산동,경상사고,0,0,2,0,차대차 - 추돌 - 주정차중,안전운전불이행,건조,맑음,단일로 - 기타,화물,남,50세,상해없음,승용,남,56세,경상
2011032600100215,2011년 3월 26일 10시,토요일,인천광역시 연수구 옥련동,경상사고,0,0,2,0,차대차 - 측면직각충돌,안전운전불이행,건조,맑음,교차로 - 교차로안,건설기계,남,43세,상해없음,화물,남,51세,경상
2011032600100237,2011년 3월 26일 11시,토요일,인천광역시 서구 경서동,중상사고,0,2,0,0,차대차 - 추돌 - 진행중,신호위반,건조,맑음,기타 - 기타,화물,남,68세,상해없음,승용,여,40세,중상
2011032600100264,2011년 3월 26일 12시,토요일,인천광역시 남동구 간석동,중상사고,0,1,0,0,차량단독 - 기타,안전운전불이행,건조,맑음,단일로 - 기타,승합,남,49세,상해없음,,,,
2011032600100306,2011년 3월 26일 13시,토요일,인천광역시 남구 도화동,경상사고,0,0,2,0,차대차 - 추돌 - 주정차중,안전거리미확보,건조,맑음,교차로 - 교차로부근,승용,남,43세,상해없음,승용,남,55세,경상
2011032600100307,2011년 3월 26일 13시,토요일,인천광역시 부평구 십정동,중상사고,0,1,0,0,차대사람 - 횡단중,안전운전불이행,건조,맑음,단일로 - 기타,승용,남,46세,상해없음,보행자,여,59세,중상
2011032600100308,2011년 3월 26일 13시,토요일,인천광역시 연수구 선학동,경상사고,0,0,1,0,차대차 - 측면직각충돌,신호위반,건조,맑음,교차로 - 교차로안,이륜,남,23세,경상,승합,남,57세,상해없음
2011032600100331,2011년 3월 26일 14시,토요일,인천광역시 남동구 논현동,중상사고,0,1,0,0,차대사람 - 횡단중,안전운전불이행,건조,맑음,단일로 - 기타,승용,남,52세,상해없음,보행자,남,53세,중상
2011032600100332,2011년 3월 26일 14시,토요일,인천광역시 부평구 부개동,중상사고,0,1,4,0,차대차 - 기타,신호위반,건조,맑음,교차로 - 교차로부근,승합,남,41세,상해없음,화물,여,47세,경상
2011032600100363,2011년 3월 26일 15시,토요일,인천광역시 남동구 간석동,중상사고,0,1,0,0,차대차 - 기타,안전운전불이행,건조,맑음,단일로 - 기타,승용,여,44세,상해없음,승합,남,33세,상해없음
2011032600100364,2011년 3월 26일 15시,토요일,인천광역시 남동구 구월동,경상사고,0,0,1,0,차대차 - 추돌 - 주정차중,교차로운행방법위반,건조,맑음,교차로 - 교차로안,승용,남,29세,상해없음,승용,남,61세,경상
2011032600100402,2011년 3월 26일 16시,토요일,인천광역시 남동구 논현동,경상사고,0,0,3,0,차대차 - 측면직각충돌,차로위반,건조,맑음,단일로 - 기타,승용,남,28세,상해없음,승용,남,35세,경상
2011032600100443,2011년 3월 26일 17시,토요일,인천광역시 남구 용현동,경상사고,0,0,1,0,차대차 - 기타,안전거리미확보,건조,맑음,단일로 - 기타,승용,남,51세,상해없음,승용,남,50세,상해없음
2011032600100444,2011년 3월 26일 17시,토요일,인천광역시 부평구 일신동,중상사고,0,1,0,0,차대사람 - 기타,안전운전불이행,건조,맑음,교차로 - 교차로부근,화물,남,42세,상해없음,보행자,남,27세,중상
2011032600100490,2011년 3월 26일 18시,토요일,인천광역시 남구 주안동,사망사고,1,0,0,0,차대사람 - 기타,안전운전불이행,건조,맑음,교차로 - 교차로안,승용,남,67세,상해없음,보행자,남,67세,사망
2011032600100526,2011년 3월 26일 19시,토요일,인천광역시 남동구 구월동,경상사고,0,0,1,0,차대차 - 측면직각충돌,교차로운행방법위반,건조,맑음,교차로 - 교차로안,승용,남,31세,상해없음,이륜,남,28세,경상
2011032600100555,2011년 3월 26일 20시,토요일,인천광역시 남동구 간석동,경상사고,0,0,2,0,차대차 - 기타,안전운전불이행,건조,맑음,교차로 - 교차로안,승용,남,31세,상해없음,승용,남,28세,경상
2011032600100556,2011년 3월 26일 20시,토요일,인천광역시 서구 심곡동,부상신고사고,0,0,0,1,차대사람 - 기타,보행자보호의무위반,건조,맑음,단일로 - 기타,이륜,기타불명,기타불명,기타불명,보행자,여,22세,상해없음
2011032600100615,2011년 3월 26일 22시,토요일,인천광역시 남구 숭의동,경상사고,0,0,1,0,차대차 - 기타,안전운전불이행,건조,맑음,단일로 - 기타,승용,남,61세,상해없음,이륜,남,16세,경상
2011032600100616,2011년 3월 26일 22시,토요일,인천광역시 남동구 만수동,경상사고,0,0,1,1,차대차 - 측면직각충돌,안전운전불이행,건조,맑음,교차로 - 교차로부근,승용,남,34세,상해없음,승용,남,41세,부상신고
2011032600100617,2011년 3월 26일 22시,토요일,인천광역시 서구 가정동,경상사고,0,0,2,0,차대차 - 추돌 - 주정차중,안전운전불이행,건조,맑음,기타 - 기타,화물,남,29세,상해없음,승용,남,51세,경상
2011032600100641,2011년 3월 26일 23시,토요일,인천광역시 남구 숭의동,중상사고,0,1,0,0,차량단독 - 기타,안전운전불이행,건조,맑음,단일로 - 기타,승용,남,61세,상해없음,,,,
2011032600100642,2011년 3월 26일 23시,토요일,인천광역시 남동구 논현동,중상사고,0,2,1,0,차대차 - 측면직각충돌,신호위반,건조,맑음,교차로 - 교차로안,승용,여,54세,중상,승용,남,46세,중상
2011032600100643,2011년 3월 26일 23시,토요일,인천광역시 남동구 논현동,중상사고,0,1,0,0,차대차 - 측면직각충돌,교차로운행방법위반,건조,맑음,교차로 - 교차로안,승용,여,39세,상해없음,이륜,남,18세,중상
2011032700100029,2011년 3월 27일 00시,일요일,인천광역시 남동구 간석동,부상신고사고,0,0,0,1,차대차 - 측면직각충돌,신호위반,건조,맑음,단일로 - 기타,승용,여,48세,상해없음,승용,남,32세,부상신고
2011032700100030,2011년 3월 27일 00시,일요일,인천광역시 남동구 간석동,경상사고,0,0,1,0,차대차 - 측면직각충돌,교차로운행방법위반,건조,맑음,교차로 - 교차로안,승용,남,57세,상해없음,승용,남,34세,경상
2011032700100048,2011년 3월 27일 01시,일요일,인천광역시 남동구 구월동,경상사고,0,0,2,0,차대차 - 추돌 - 주정차중,안전운전불이행,건조,맑음,교차로 - 교차로부근,승용,남,28세,상해없음,승용,남,63세,경상
2011032700100049,2011년 3월 27일 01시,일요일,인천광역시 부평구 갈산동,중상사고,0,1,0,0,차대차 - 측면직각충돌,안전운전불이행,건조,맑음,교차로 - 교차로안,기타불명,기타불명,기타불명,기타불명,자전거,남,32세,중상
2011032700100072,2011년 3월 27일 02시,일요일,인천광역시 남동구 구월동,중상사고,0,1,2,0,차대차 - 기타,안전운전불이행,건조,맑음,교차로 - 교차로부근,승합,남,51세,상해없음,승용,남,47세,중상
2011032700100107,2011년 3월 27일 05시,일요일,인천광역시 서구 석남동,중상사고,0,1,0,0,차대차 - 측면직각충돌,신호위반,건조,맑음,교차로 - 교차로안,승용,남,20세,상해없음,승용,남,45세,중상
2011032700100119,2011년 3월 27일 06시,일요일,인천광역시 부평구 부평동,경상사고,0,0,1,0,차대차 - 측면직각충돌,안전운전불이행,건조,맑음,기타 - 기타,승용,남,34세,상해없음,승용,남,54세,경상
2011032700100120,2011년 3월 27일 06시,일요일,인천광역시 부평구 부평동,경상사고,0,0,2,0,차대차 - 측면직각충돌,교차로운행방법위반,건조,맑음,교차로 - 교차로안,승용,남,24세,상해없음,화물,남,34세,경상
2011032700100130,2011년 3월 27일 07시,일요일,인천광역시 남구 주안동,경상사고,0,0,1,0,차대차 - 추돌 - 주정차중,안전운전불이행,건조,맑음,교차로 - 교차로부근,승용,남,28세,상해없음,승용,남,58세,경상
2011032700100131,2011년 3월 27일 07시,일요일,인천광역시 남동구 구월동,경상사고,0,0,1,0,차대차 - 추돌 - 주정차중,안전운전불이행,건조,맑음,단일로 - 기타,승용,남,45세,상해없음,승용,남,54세,경상
2011032700100146,2011년 3월 27일 09시,일요일,인천광역시 계양구 작전동,중상사고,0,1,0,0,차대사람 - 기타,안전운전불이행,건조,맑음,단일로 - 기타,화물,남,31세,상해없음,보행자,남,58세,중상
2011032700100180,2011년 3월 27일 11시,일요일,인천광역시 남구 주안동,경상사고,0,0,1,0,차대차 - 측면직각충돌,안전운전불이행,건조,맑음,교차로 - 교차로부근,승용,여,30세,상해없음,승용,남,55세,경상
2011032700100181,2011년 3월 27일 11시,일요일,인천광역시 남구 도화동,부상신고사고,0,0,0,1,차대사람 - 기타,안전운전불이행,건조,맑음,교차로 - 교차로부근,기타불명,기타불명,기타불명,기타불명,보행자,남,10세,부상신고
2011032700100182,2011년 3월 27일 11시,일요일,인천광역시 서구 가정동,중상사고,0,1,1,0,차대차 - 정면충돌,안전운전불이행,건조,맑음,교차로 - 교차로안,화물,남,28세,상해없음,승용,남,39세,중상
2011032700100221,2011년 3월 27일 13시,일요일,인천광역시 부평구 부개동,경상사고,0,0,1,0,차대차 - 정면충돌,교차로운행방법위반,건조,맑음,교차로 - 교차로안,승용,여,43세,상해없음,승용,남,54세,경상
2011032700100222,2011년 3월 27일 13시,일요일,인천광역시 부평구 부개동,중상사고,0,1,0,0,차대차 - 측면직각충돌,교차로운행방법위반,건조,맑음,교차로 - 교차로안,승용,남,49세,상해없음,자전거,남,65세,중상
2011032700100252,2011년 3월 27일 14시,일요일,인천광역시 부평구 부평동,경상사고,0,0,1,0,차대차 - 추돌 - 주정차중,안전거리미확보,건조,맑음,단일로 - 기타,승용,남,26세,상해없음,승용,남,31세,경상
2011032700100253,2011년 3월 27일 14시,일요일,인천광역시 계양구 작전동,경상사고,0,0,2,0,차대차 - 추돌 - 주정차중,안전운전불이행,건조,맑음,교차로 - 교차로안,승용,남,26세,상해없음,승용,남,52세,경상
2011032700100254,2011년 3월 27일 14시,일요일,인천광역시 연수구 선학동,경상사고,0,0,1,0,차대차 - 측면직각충돌,안전운전불이행,건조,맑음,단일로 - 기타,승용,남,23세,상해없음,자전거,남,38세,경상
2011032700100294,2011년 3월 27일 16시,일요일,인천광역시 부평구 일신동,중상사고,0,1,0,0,차대사람 - 길가장자리구역통행중,안전운전불이행,건조,맑음,단일로 - 기타,승용,남,49세,상해없음,보행자,남,59세,중상
2011032700100320,2011년 3월 27일 17시,일요일,인천광역시 서구 백석동,경상사고,0,0,2,0,차대차 - 측면직각충돌,안전운전불이행,건조,맑음,단일로 - 횡단보도상,화물,남,58세,상해없음,이륜,남,17세,경상
2011032700100380,2011년 3월 27일 19시,일요일,인천광역시 연수구 연수동,중상사고,0,1,0,0,차대사람 - 횡단중,보행자보호의무위반,건조,맑음,단일로 - 횡단보도상,승용,남,49세,상해없음,보행자,남,18세,중상
2011032700100381,2011년 3월 27일 19시,일요일,인천광역시 부평구 삼산동,중상사고,0,1,0,0,차대사람 - 횡단중,보행자보호의무위반,습기,흐림,단일로 - 횡단보도상,승용,남,66세,상해없음,보행자,여,53세,중상
2011032700100412,2011년 3월 27일 20시,일요일,인천광역시 연수구 옥련동,경상사고,0,0,1,0,차대사람 - 횡단중,안전운전불이행,건조,맑음,교차로 - 교차로부근,승용,여,32세,상해없음,보행자,남,14세,경상
2011032700100443,2011년 3월 27일 21시,일요일,인천광역시 남동구 구월동,중상사고,0,1,0,0,차대사람 - 기타,안전운전불이행,건조,맑음,단일로 - 기타,승용,남,22세,상해없음,보행자,남,56세,중상