사고번호,사고일시,요일,시군구,사고내용,사망자수,중상자수,경상자수,부상신고자수,사고유형,법규위반,노면상태,기상상태,도로형태,가해운전자 차종,가해운전자 성별,가해운전자 연령,가해운전자 상해정도,피해운전자 차종,피해운전자 성별,피해운전자 연령,피해운전자 상해정도
2011032700100462,2011년 3월 27일 22시,일요일,인천광역시 남구 숭의동,경상사고,0,0,1,0,차대차 - 추돌 - 주정차중,안전운전불이행,건조,맑음,단일로 - 기타,승용,남,36세,상해없음,승용,남,23세,상해없음
2011032700100463,2011년 3월 27일 22시,일요일,인천광역시 연수구 청학동,경상사고,0,0,1,0,차대사람 - 기타,안전운전불이행,건조,맑음,단일로 - 기타,승용,남,45세,상해없음,보행자,여,42세,경상
2011032700100477,2011년 3월 27일 23시,일요일,인천광역시 남동구 간석동,경상사고,0,0,2,0,차대차 - 정면충돌,신호위반,건조,흐림,교차로 - 교차로부근,승용,여,42세,상해없음,승용,남,39세,경상
2011032700100478,2011년 3월 27일 23시,일요일,인천광역시 강화군 삼산면,경상사고,0,0,1,0,차량단독 - 전도전복,안전운전불이행,건조,맑음,단일로 - 기타,승용,여,27세,상해없음,,,,
2011032800100035,2011년 3월 28일 04시,월요일,인천광역시 남동구 구월동,부상신고사고,0,0,0,2,차대차 - 기타,안전운전불이행,건조,맑음,단일로 - 기타,화물,남,57세,상해없음,이륜,남,16세,부상신고
2011032800100065,2011년 3월 28일 07시,월요일,인천광역시 부평구 부평동,경상사고,0,0,1,0,차대차 - 측면직각충돌,안전운전불이행,건조,맑음,교차로 - 교차로안,화물,남,45세,상해없음,화물,남,41세,경상
2011032800100089,2011년 3월 28일 08시,월요일,인천광역시 서구 신현동,경상사고,0,0,1,0,차대사람 - 기타,안전운전불이행,건조,맑음,단일로 - 기타,승합,남,49세,상해없음,보행자,여,34세,경상
2011032800100090,2011년 3월 28일 08시,월요일,인천광역시 서구 가좌동,경상사고,0,0,1,0,차대사람 - 길가장자리구역통행중,안전운전불이행,건조,맑음,단일로 - 기타,기타불명,기타불명,기타불명,기타불명,보행자,여,15세,경상
2011032800100091,2011년 3월 28일 08시,월요일,인천광역시 연수구 동춘동,중상사고,0,1,0,0,차대차 - 기타,안전운전불이행,건조,맑음,교차로 - 교차로부근,승용,남,40세,상해없음,자전거,남,33세,중상
2011032800100171,2011년 3월 28일 12시,월요일,인천광역시 연수구 연수동,중상사고,0,1,0,0,차대차 - 측면직각충돌,안전거리미확보,건조,맑음,단일로 - 기타,승용,남,52세,상해없음,이륜,남,27세,중상
2011032800100189,2011년 3월 28일 13시,월요일,인천광역시 남구 관교동,부상신고사고,0,0,0,1,차대사람 - 기타,기타,건조,맑음,단일로 - 기타,승합,남,43세,상해없음,보행자,남,40세,부상신고
2011032800100190,2011년 3월 28일 13시,월요일,인천광역시 남동구 구월동,경상사고,0,0,2,0,차대차 - 추돌 - 주정차중,안전운전불이행,건조,맑음,교차로 - 교차로부근,승용,남,53세,상해없음,승용,여,43세,경상
2011032800100291,2011년 3월 28일 16시,월요일,인천광역시 부평구 십정동,중상사고,0,1,0,0,차대차 - 기타,교차로운행방법위반,건조,맑음,교차로 - 교차로안,화물,남,42세,상해없음,승용,여,31세,중상
2011032800100292,2011년 3월 28일 16시,월요일,인천광역시 남동구 고잔동,중상사고,0,1,0,0,차대사람 - 횡단중,안전운전불이행,건조,맑음,단일로 - 횡단보도부근,승용,남,47세,상해없음,보행자,여,12세,중상
2011032800100293,2011년 3월 28일 16시,월요일,인천광역시 부평구 삼산동,경상사고,0,0,1,0,차대사람 - 횡단중,안전운전불이행,건조,맑음,교차로 - 교차로안,승합,여,52세,상해없음,보행자,남,33세,경상
2011032800100322,2011년 3월 28일 17시,월요일,인천광역시 부평구,경상사고,0,0,1,0,차대차 - 추돌 - 주정차중,안전운전불이행,건조,맑음,단일로 - 기타,화물,남,19세,상해없음,이륜,남,45세,경상
2011032800100343,2011년 3월 28일 18시,월요일,인천광역시 서구 신현동,경상사고,0,0,2,0,차대차 - 기타,안전운전불이행,건조,맑음,단일로 - 기타,승용,남,48세,상해없음,승용,남,62세,경상
2011032800100344,2011년 3월 28일 18시,월요일,인천광역시 연수구 선학동,경상사고,0,0,1,0,차대사람 - 기타,안전운전불이행,건조,맑음,단일로 - 기타,승용,남,35세,상해없음,보행자,남,62세,경상
2011032800100399,2011년 3월 28일 20시,월요일,인천광역시 동구 송현동,경상사고,0,0,1,0,차대차 - 측면직각충돌,신호위반,건조,맑음,교차로 - 교차로안,승용,남,62세,상해없음,원동기,남,40세,경상
2011032800100400,2011년 3월 28일 20시,월요일,인천광역시 계양구 작전동,중상사고,0,1,0,0,차대차 - 추돌 - 주정차중,안전운전불이행,건조,맑음,교차로 - 교차로부근,승합,남,59세,상해없음,이륜,남,32세,중상
2011032800100434,2011년 3월 28일 21시,월요일,인천광역시 계양구 계산동,중상사고,0,1,0,0,차대사람 - 기타,안전운전불이행,건조,맑음,단일로 - 기타,승용,남,56세,상해없음,보행자,남,38세,중상
2011032800100463,2011년 3월 28일 22시,월요일,인천광역시 남동구 만수동,중상사고,0,1,0,0,차대사람 - 차도통행중,안전운전불이행,건조,맑음,단일로 - 기타,승용,남,28세,상해없음,보행자,남,17세,중상
2011032800100464,2011년 3월 28일 22시,월요일,인천광역시 남동구 구월동,경상사고,0,0,1,0,차대사람 - 횡단중,안전운전불이행,건조,맑음,교차로 - 교차로부근,승용,남,61세,상해없음,보행자,남,13세,경상
2011032800100465,2011년 3월 28일 22시,월요일,인천광역시 남동구 간석동,경상사고,0,0,1,0,차대사람 - 기타,안전운전불이행,건조,맑음,단일로 - 기타,승용,남,49세,상해없음,보행자,남,17세,경상
2011032800100466,2011년 3월 28일 22시,월요일,인천광역시 서구 가정동,경상사고,0,0,1,0,차대차 - 추돌 - 진행중,안전운전불이행,건조,맑음,단일로 - 기타,승용,남,60세,상해없음,승용,남,56세,경상
2011032800100501,2011년 3월 28일 23시,월요일,인천광역시 연수구 동춘동,중상사고,0,1,0,0,차대사람 - 횡단중,안전운전불이행,건조,맑음,교차로 - 교차로부근,승용,남,50세,상해없음,보행자,남,24세,중상
2011032900100063,2011년 3월 29일 04시,화요일,인천광역시 서구 석남동,중상사고,0,1,0,0,차대차 - 추돌 - 주정차중,안전운전불이행,건조,맑음,단일로 - 기타,승용,남,41세,상해없음,승용,남,55세,중상
2011032900100122,2011년 3월 29일 08시,화요일,인천광역시 남동구 논현동,부상신고사고,0,0,0,1,차대차 - 측면직각충돌,안전운전불이행,건조,맑음,단일로 - 기타,화물,남,35세,상해없음,승합,남,34세,부상신고
2011032900100251,2011년 3월 29일 14시,화요일,인천광역시 남동구 만수동,경상사고,0,0,1,0,차대사람 - 기타,안전운전불이행,건조,맑음,기타 - 기타,화물,남,40세,상해없음,보행자,남,8세,경상
2011032900100274,2011년 3월 29일 15시,화요일,인천광역시 중구 항동7가,중상사고,0,1,1,0,차대차 - 측면직각충돌,교차로운행방법위반,건조,맑음,교차로 - 교차로안,화물,남,43세,경상,승용,남,33세,중상
2011032900100275,2011년 3월 29일 15시,화요일,인천광역시 서구 마전동,중상사고,0,1,0,0,차대차 - 측면직각충돌,안전운전불이행,건조,맑음,단일로 - 기타,승용,여,46세,상해없음,자전거,남,71세,중상
2011032900100298,2011년 3월 29일 16시,화요일,인천광역시 서구 마전동,중상사고,0,1,0,0,차대사람 - 기타,신호위반,건조,맑음,교차로 - 교차로부근,이륜,남,17세,상해없음,보행자,여,13세,중상
2011032900100324,2011년 3월 29일 17시,화요일,인천광역시 남구 주안동,중상사고,0,1,0,0,차대사람 - 기타,안전운전불이행,건조,맑음,단일로 - 기타,승용,여,52세,상해없음,보행자,남,13세,중상
2011032900100325,2011년 3월 29일 17시,화요일,인천광역시 남구 숭의동,경상사고,0,0,1,0,차대차 - 기타,안전운전불이행,건조,맑음,교차로 - 교차로부근,승용,남,51세,상해없음,자전거,남,13세,경상
2011032900100326,2011년 3월 29일 17시,화요일,인천광역시 남동구 간석동,경상사고,0,0,1,0,차대차 - 측면직각충돌,중앙선침범,건조,맑음,단일로 - 기타,이륜,남,16세,상해없음,승용,남,41세,경상
2011032900100358,2011년 3월 29일 18시,화요일,인천광역시 남구 주안동,중상사고,0,1,0,0,차대사람 - 기타,안전운전불이행,건조,맑음,교차로 - 교차로부근,승용,남,20세,상해없음,보행자,여,25세,중상
2011032900100359,2011년 3월 29일 18시,화요일,인천광역시 남동구 구월동,부상신고사고,0,0,0,1,차대차 - 측면직각충돌,안전운전불이행,건조,맑음,단일로 - 기타,이륜,남,21세,부상신고,승용,여,46세,상해없음
2011032900100389,2011년 3월 29일 19시,화요일,인천광역시 남동구 고잔동,중상사고,0,1,2,0,차대차 - 측면직각충돌,신호위반,건조,맑음,교차로 - 교차로안,승용,남,43세,상해없음,승용,남,35세,경상
2011032900100390,2011년 3월 29일 19시,화요일,인천광역시 서구 검암동,중상사고,0,1,0,0,차대차 - 측면직각충돌,안전운전불이행,건조,맑음,단일로 - 기타,승용,남,47세,상해없음,이륜,남,17세,중상
2011032900100391,2011년 3월 29일 19시,화요일,인천광역시 연수구 연수동,중상사고,0,2,1,0,차대차 - 추돌 - 주정차중,안전운전불이행,건조,맑음,교차로 - 교차로안,승용,여,47세,상해없음,승용,여,52세,중상
2011032900100425,2011년 3월 29일 20시,화요일,인천광역시 남동구 구월동,중상사고,0,1,0,0,차대사람 - 기타,신호위반,건조,맑음,단일로 - 횡단보도상,화물,남,64세,상해없음,보행자,여,24세,중상
2011032900100426,2011년 3월 29일 20시,화요일,인천광역시 남동구 구월동,경상사고,0,0,1,0,차대차 - 추돌 - 주정차중,안전거리미확보,건조,맑음,단일로 - 기타,승용,남,32세,상해없음,승용,남,40세,경상
2011032900100427,2011년 3월 29일 20시,화요일,인천광역시 남동구 남촌동,경상사고,0,0,1,0,차대차 - 기타,안전거리미확보,건조,맑음,단일로 - 기타,승용,남,46세,상해없음,이륜,남,18세,경상
2011032900100428,2011년 3월 29일 20시,화요일,인천광역시 부평구 부개동,중상사고,0,1,0,0,차대차 - 측면직각충돌,신호위반,건조,맑음,교차로 - 교차로안,승용,여,56세,상해없음,승용,남,45세,중상
2011032900100462,2011년 3월 29일 21시,화요일,인천광역시 중구 경동,경상사고,0,0,1,0,차대차 - 측면직각충돌,교차로운행방법위반,건조,맑음,교차로 - 교차로부근,승용,남,49세,상해없음,원동기,남,54세,경상
2011032900100495,2011년 3월 29일 22시,화요일,인천광역시 남구 학익동,경상사고,0,0,2,0,차대차 - 측면직각충돌,안전운전불이행,건조,맑음,단일로 - 기타,승용,남,36세,상해없음,승용,남,37세,경상
2011032900100518,2011년 3월 29일 23시,화요일,인천광역시 서구 가좌동,경상사고,0,0,1,0,차대사람 - 횡단중,보행자보호의무위반,건조,맑음,단일로 - 횡단보도상,승용,남,49세,상해없음,보행자,여,18세,경상
2011033000100013,2011년 3월 30일 00시,수요일,인천광역시 연수구 동춘동,중상사고,0,1,0,0,차대사람 - 차도통행중,안전운전불이행,건조,맑음,단일로 - 기타,승합,남,63세,상해없음,보행자,남,45세,중상
2011033000100029,2011년 3월 30일 01시,수요일,인천광역시 중구 항동7가,경상사고,0,0,4,0,차대차 - 추돌 - 진행중,안전운전불이행,건조,맑음,교차로 - 교차로부근,승용,남,42세,상해없음,승용,남,27세,경상
2011033000100039,2011년 3월 30일 02시,수요일,인천광역시 남구 용현동,경상사고,0,0,1,0,차대사람 - 횡단중,안전운전불이행,건조,맑음,단일로 - 횡단보도상,승합,남,40세,상해없음,보행자,남,30세,경상
2011033000100046,2011년 3월 30일 03시,수요일,인천광역시 남동구 간석동,경상사고,0,0,1,0,차대차 - 기타,안전운전불이행,건조,맑음,교차로 - 교차로안,기타불명,기타불명,기타불명,기타불명,승용,남,56세,경상
2011033000100054,2011년 3월 30일 04시,수요일,인천광역시 남구 주안동,경상사고,0,0,1,0,차대차 - 측면직각충돌,교차로운행방법위반,건조,맑음,교차로 - 교차로안,승용,남,22세,상해없음,승용,남,50세,경상
2011033000100069,2011년 3월 30일 05시,수요일,인천광역시 남구 문학동,중상사고,0,1,0,0,차대차 - 추돌 - 주정차중,안전운전불이행,건조,맑음,단일로 - 기타,승용,남,25세,상해없음,승용,기타불명,기타불명,기타불명
2011033000100104,2011년 3월 30일 07시,수요일,인천광역시 부평구 부평동,경상사고,0,0,1,0,차대차 - 기타,안전운전불이행,건조,맑음,단일로 - 기타,화물,남,21세,상해없음,승용,남,37세,경상
2011033000100105,2011년 3월 30일 07시,수요일,인천광역시 남동구 간석동,경상사고,0,0,2,2,차대차 - 측면직각충돌,교차로운행방법위반,건조,맑음,교차로 - 교차로부근,화물,남,24세,상해없음,승용,여,54세,경상
2011033000100106,2011년 3월 30일 07시,수요일,인천광역시 서구 석남동,중상사고,0,1,0,0,차대사람 - 횡단중,신호위반,건조,맑음,교차로 - 교차로부근,승용,남,29세,상해없음,보행자,남,15세,중상
2011033000100140,2011년 3월 30일 08시,수요일,인천광역시 연수구 연수동,중상사고,0,1,0,0,차대차 - 측면직각충돌,신호위반,건조,맑음,단일로 - 기타,화물,남,32세,상해없음,승용,남,75세,중상
2011033000100163,2011년 3월 30일 09시,수요일,인천광역시 남동구 구월동,중상사고,0,1,0,0,차대차 - 측면직각충돌,차로위반,건조,맑음,단일로 - 기타,승용,여,43세,상해없음,승용,남,55세,중상
2011033000100193,2011년 3월 30일 11시,수요일,인천광역시 연수구 연수동,경상사고,0,0,1,0,차대차 - 추돌 - 주정차중,안전운전불이행,건조,맑음,단일로 - 기타,승합,남,50세,상해없음,승용,남,50세,상해없음
2011033000100211,2011년 3월 30일 12시,수요일,인천광역시 남동구 고잔동,중상사고,0,1,0,0,차대차 - 기타,안전거리미확보,건조,맑음,단일로 - 기타,승용,남,44세,상해없음,승합,남,50세,상해없음
2011033000100212,2011년 3월 30일 12시,수요일,인천광역시 남동구 만수동,중상사고,0,1,1,0,차대차 - 측면직각충돌,차로위반,건조,맑음,교차로 - 교차로부근,승용,여,38세,경상,이륜,남,44세,중상
2011033000100213,2011년 3월 30일 12시,수요일,인천광역시 계양구 임학동,경상사고,0,0,2,0,차대차 - 추돌 - 주정차중,안전운전불이행,건조,맑음,단일로 - 기타,승용,남,46세,상해없음,승용,여,24세,경상
2011033000100214,2011년 3월 30일 12시,수요일,인천광역시 계양구 장기동,중상사고,0,2,0,0,차대차 - 기타,안전운전불이행,건조,맑음,교차로 - 교차로안,승용,여,48세,상해없음,이륜,남,75세,중상
2011033000100260,2011년 3월 30일 14시,수요일,인천광역시 부평구 십정동,경상사고,0,0,1,0,차대차 - 추돌 - 진행중,안전거리미확보,건조,맑음,교차로 - 교차로부근,승용,남,50세,상해없음,승용,남,62세,경상
2011033000100261,2011년 3월 30일 14시,수요일,인천광역시 남동구 논현동,중상사고,0,1,0,0,차대차 - 측면직각충돌,신호위반,건조,맑음,교차로 - 교차로안,승용,여,48세,상해없음,승용,남,26세,중상
2011033000100314,2011년 3월 30일 16시,수요일,인천광역시 남동구 구월동,경상사고,0,0,1,0,차대차 - 기타,안전운전불이행,건조,맑음,단일로 - 기타,승용,남,49세,상해없음,승합,남,48세,상해없음
2011033000100315,2011년 3월 30일 16시,수요일,인천광역시 연수구 옥련동,경상사고,0,0,1,0,차대차 - 측면직각충돌,안전운전불이행,건조,맑음,단일로 - 기타,승용,남,53세,상해없음,자전거,남,7세,경상
2011033000100348,2011년 3월 30일 17시,수요일,인천광역시 남동구 구월동,경상사고,0,0,1,0,차대사람 - 차도통행중,안전운전불이행,건조,맑음,교차로 - 교차로부근,이륜,남,44세,상해없음,보행자,여,45세,경상
2011033000100349,2011년 3월 30일 17시,수요일,인천광역시 연수구 옥련동,경상사고,0,0,1,0,차대차 - 기타,안전운전불이행,건조,맑음,기타 - 기타,승용,여,36세,상해없음,승용,여,43세,경상
2011033000100376,2011년 3월 30일 18시,수요일,인천광역시 남동구 간석동,경상사고,0,0,2,0,차대차 - 기타,중앙선침범,건조,맑음,단일로 - 기타,승용,남,58세,상해없음,이륜,남,17세,경상
2011033000100377,2011년 3월 30일 18시,수요일,인천광역시 강화군 강화읍,중상사고,0,1,0,1,차대차 - 측면직각충돌,기타,건조,맑음,교차로 - 교차로안,승용,남,44세,부상신고,승용,여,49세,중상
2011033000100403,2011년 3월 30일 19시,수요일,인천광역시 서구 가좌동,중상사고,0,1,0,0,차대차 - 정면충돌,중앙선침범,건조,맑음,교차로 - 교차로부근,화물,남,51세,상해없음,원동기,남,34세,중상
2011033000100431,2011년 3월 30일 20시,수요일,인천광역시 계양구 병방동,경상사고,0,0,1,0,차대사람 - 횡단중,안전운전불이행,건조,맑음,교차로 - 교차로부근,원동기,기타불명,기타불명,기타불명,보행자,여,29세,경상
2011033000100464,2011년 3월 30일 21시,수요일,인천광역시 옹진군 영흥면,중상사고,0,1,0,0,차대사람 - 기타,기타,건조,맑음,단일로 - 기타,승용,기타불명,기타불명,기타불명,보행자,남,7세,중상
2011033000100465,2011년 3월 30일 21시,수요일,인천광역시 남구 숭의동,경상사고,0,0,2,0,차대차 - 기타,안전운전불이행,건조,맑음,단일로 - 횡단보도부근,승용,남,55세,상해없음,이륜,남,17세,경상
2011033000100466,2011년 3월 30일 21시,수요일,인천광역시 남동구 도림동,경상사고,0,0,1,0,차량단독 - 기타,안전운전불이행,건조,맑음,단일로 - 기타,승합,남,57세,상해없음,,,,
2011033000100467,2011년 3월 30일 21시,수요일,인천광역시 계양구 효성동,경상사고,0,0,1,0,차대차 - 측면직각충돌,신호위반,건조,맑음,교차로 - 교차로안,승용,남,59세,상해없음,승용,여,34세,경상
2011033000100500,2011년 3월 30일 22시,수요일,인천광역시 연수구 선학동,중상사고,0,1,0,0,차대사람 - 횡단중,안전운전불이행,건조,맑음,단일로 - 횡단보도부근,승용,남,32세,상해없음,보행자,남,48세,중상
2011033000100530,2011년 3월 30일 23시,수요일,인천광역시 서구 가좌동,중상사고,0,1,0,0,차대차 - 추돌 - 진행중,안전거리미확보,건조,맑음,단일로 - 교량,승용,남,24세,상해없음,승용,여,26세,중상
2011033100100056,2011년 3월 31일 04시,목요일,인천광역시 남구 주안동,중상사고,0,1,0,0,차대사람 - 횡단중,안전운전불이행,건조,맑음,단일로 - 횡단보도상,승용,여,50세,상해없음,보행자,여,80세,중상
2011033100100065,2011년 3월 31일 05시,목요일,인천광역시 남동구 구월동,경상사고,0,0,1,0,차대차 - 측면직각충돌,신호위반,건조,맑음,교차로 - 교차로안,승용,남,31세,상해없음,승용,남,46세,경상
2011033100100066,2011년 3월 31일 05시,목요일,인천광역시 서구 원당동,경상사고,0,0,1,0,차대차 - 기타,안전운전불이행,건조,맑음,교차로 - 교차로부근,승용,남,43세,상해없음,승합,남,38세,경상
2011033100100136,2011년 3월 31일 08시,목요일,인천광역시 남동구 논현동,경상사고,0,0,1,0,차대차 - 측면직각충돌,안전거리미확보,건조,맑음,단일로 - 기타,승용,여,54세,기타불명,승용,남,49세,경상
2011033100100137,2011년 3월 31일 08시,목요일,인천광역시 서구 가정동,중상사고,0,1,0,0,차대사람 - 횡단중,중앙선침범,건조,맑음,단일로 - 횡단보도상,화물,남,41세,기타불명,보행자,여,46세,중상
2011033100100160,2011년 3월 31일 09시,목요일,인천광역시 남구 숭의동,경상사고,0,0,1,0,차대차 - 측면직각충돌,안전운전불이행,건조,맑음,교차로 - 교차로안,승합,남,42세,상해없음,승용,남,31세,상해없음
2011033100100180,2011년 3월 31일 10시,목요일,인천광역시 중구 신흥동3가,경상사고,0,0,1,0,차대차 - 기타,안전거리미확보,건조,맑음,교차로 - 교차로부근,건설기계,남,45세,상해없음,승용,여,32세,경상
2011033100100181,2011년 3월 31일 10시,목요일,인천광역시 남구 문학동,경상사고,0,0,1,0,차대사람 - 차도통행중,안전운전불이행,건조,맑음,교차로 - 교차로안,승합,남,31세,상해없음,보행자,남,8세,경상
2011033100100207,2011년 3월 31일 11시,목요일,인천광역시 남동구 만수동,경상사고,0,0,1,0,차대차 - 측면직각충돌,교차로운행방법위반,건조,맑음,교차로 - 교차로안,승용,남,49세,상해없음,승용,남,27세,경상
2011033100100228,2011년 3월 31일 12시,목요일,인천광역시 남동구 장수동,중상사고,0,1,0,0,차대차 - 측면직각충돌,차로위반,건조,맑음,단일로 - 기타,원동기,남,72세,중상,승용,남,38세,상해없음
2011033100100229,2011년 3월 31일 12시,목요일,인천광역시 부평구 부평동,중상사고,0,1,0,0,차대사람 - 차도통행중,안전운전불이행,건조,맑음,단일로 - 기타,승용,남,41세,상해없음,보행자,여,76세,중상
2011033100100259,2011년 3월 31일 13시,목요일,인천광역시 부평구 삼산동,경상사고,0,0,1,0,차대차 - 측면직각충돌,신호위반,건조,맑음,교차로 - 교차로안,승용,남,32세,상해없음,승용,여,28세,경상
2011033100100290,2011년 3월 31일 14시,목요일,인천광역시 동구 화평동,중상사고,0,1,0,0,차대사람 - 길가장자리구역통행중,안전운전불이행,건조,맑음,단일로 - 기타,승용,남,63세,상해없음,보행자,여,63세,중상
2011033100100291,2011년 3월 31일 14시,목요일,인천광역시 남구 주안동,경상사고,0,0,1,0,차대차 - 추돌 - 진행중,안전운전불이행,건조,맑음,단일로 - 기타,승용,남,67세,상해없음,승용,남,34세,경상
2011033100100292,2011년 3월 31일 14시,목요일,인천광역시 남동구 논현동,경상사고,0,0,1,0,차대차 - 정면충돌,중앙선침범,건조,맑음,교차로 - 교차로부근,승용,여,26세,상해없음,화물,남,43세,경상
2011033100100293,2011년 3월 31일 14시,목요일,인천광역시 강화군 선원면,경상사고,0,0,2,0,차대차 - 추돌 - 주정차중,안전운전불이행,건조,맑음,교차로 - 교차로부근,화물,남,56세,상해없음,승용,남,45세,경상
2011033100100353,2011년 3월 31일 16시,목요일,인천광역시 부평구 십정동,경상사고,0,0,1,0,차대사람 - 기타,보행자보호의무위반,건조,맑음,단일로 - 기타,기타불명,기타불명,기타불명,기타불명,보행자,여,9세,경상
2011033100100387,2011년 3월 31일 17시,목요일,인천광역시 서구 마전동,중상사고,0,1,0,0,차대사람 - 기타,안전운전불이행,건조,맑음,단일로 - 기타,승용,남,49세,상해없음,보행자,남,4세,중상
2011033100100461,2011년 3월 31일 19시,목요일,인천광역시 남동구 만수동,경상사고,0,0,1,0,차대차 - 측면직각충돌,안전운전불이행,건조,맑음,교차로 - 교차로안,승용,여,43세,상해없음,자전거,남,37세,경상
2011033100100503,2011년 3월 31일 20시,목요일,인천광역시 남동구 고잔동,경상사고,0,0,1,0,차대차 - 측면직각충돌,안전운전불이행,건조,맑음,단일로 - 기타,승용,남,56세,상해없음,이륜,남,44세,경상
2011033100100504,2011년 3월 31일 20시,목요일,인천광역시 강화군 강화읍,중상사고,0,1,1,0,차대차 - 측면직각충돌,안전운전불이행,건조,맑음,교차로 - 교차로부근,화물,남,59세,상해없음,승용,남,54세,경상
2011040100100045,2011년 4월 1일 01시,금요일,인천광역시 계양구 계산동,경상사고,0,0,1,0,차량단독 - 기타,안전운전불이행,건조,맑음,단일로 - 기타,승용,남,49세,상해없음,,,,
2011040100100087,2011년 4월 1일 06시,금요일,인천광역시 남동구 고잔동,경상사고,0,0,2,0,차대차 - 측면직각충돌,안전운전불이행,건조,맑음,교차로 - 교차로부근,화물,남,59세,경상,특수,남,46세,경상
2011040100100088,2011년 4월 1일 06시,금요일,인천광역시 계양구 서운동,경상사고,0,0,1,0,차대차 - 기타,안전운전불이행,건조,맑음,단일로 - 기타,화물,남,45세,상해없음,승용,남,38세,경상
2011040100100112,2011년 4월 1일 07시,금요일,인천광역시 남구 주안동,경상사고,0,0,1,0,차대차 - 기타,안전운전불이행,건조,맑음,교차로 - 교차로부근,화물,남,27세,상해없음,승용,남,36세,경상
2011040100100113,2011년 4월 1일 07시,금요일,인천광역시 부평구 삼산동,경상사고,0,0,1,0,차대사람 - 기타,신호위반,건조,맑음,단일로 - 횡단보도상,승합,남,53세,상해없음,보행자,여,15세,경상
2011040100100149,2011년 4월 1일 08시,금요일,인천광역시 부평구 십정동,중상사고,0,1,0,0,차대사람 - 기타,안전운전불이행,건조,맑음,교차로 - 교차로부근,승용,남,26세,상해없음,보행자,여,18세,중상
2011040100100176,2011년 4월 1일 09시,금요일,인천광역시 계양구 계산동,경상사고,0,0,1,0,차대사람 - 기타,안전운전불이행,건조,맑음,교차로 - 교차로부근,승용,남,36세,상해없음,보행자,남,41세,경상
2011040100100197,2011년 4월 1일 10시,금요일,인천광역시 연수구 동춘동,경상사고,0,0,1,0,차대차 - 측면직각충돌,안전운전불이행,건조,맑음,교차로 - 교차로부근,승용,남,69세,상해없음,자전거,남,53세,경상
2011040100100198,2011년 4월 1일 10시,금요일,인천광역시 연수구 동춘동,중상사고,0,1,0,0,차대사람 - 기타,안전운전불이행,건조,맑음,단일로 - 기타,건설기계,남,59세,상해없음,보행자,남,26세,중상
2011040100100223,2011년 4월 1일 11시,금요일,인천광역시 중구 항동7가,경상사고,0,0,2,0,차대차 - 측면직각충돌,안전운전불이행,건조,맑음,단일로 - 횡단보도상,화물,남,39세,상해없음,화물,남,48세,경상
2011040100100242,2011년 4월 1일 12시,금요일,인천광역시 동구 송림동,중상사고,0,1,0,0,차대사람 - 기타,안전운전불이행,건조,맑음,단일로 - 기타,이륜,남,17세,상해없음,보행자,남,45세,중상
2011040100100272,2011년 4월 1일 13시,금요일,인천광역시 옹진군 영흥면,경상사고,0,0,1,0,차대사람 - 기타,안전운전불이행,건조,맑음,단일로 - 기타,승용,남,35세,상해없음,보행자,남,31세,경상
2011040100100273,2011년 4월 1일 13시,금요일,인천광역시 서구 경서동,경상사고,0,0,1,0,차대차 - 측면직각충돌,중앙선침범,건조,맑음,단일로 - 기타,승용,남,48세,상해없음,승용,남,32세,경상
2011040100100274,2011년 4월 1일 13시,금요일,인천광역시 계양구 작전동,중상사고,0,1,0,0,차대사람 - 기타,안전운전불이행,건조,맑음,교차로 - 교차로안,승용,여,43세,상해없음,보행자,여,65세,중상
2011040100100303,2011년 4월 1일 14시,금요일,인천광역시 남구 도화동,부상신고사고,0,0,0,1,차대차 - 측면직각충돌,안전거리미확보,건조,맑음,단일로 - 기타,이륜,남,23세,부상신고,승용,남,33세,상해없음
2011040100100328,2011년 4월 1일 15시,금요일,인천광역시 남동구 수산동,경상사고,0,0,1,0,차대차 - 정면충돌,중앙선침범,건조,맑음,교차로 - 교차로부근,승용,남,23세,상해없음,승용,남,42세,경상
2011040100100329,2011년 4월 1일 15시,금요일,인천광역시 계양구 임학동,경상사고,0,0,1,0,차대사람 - 기타,안전운전불이행,건조,맑음,단일로 - 기타,화물,남,62세,상해없음,보행자,남,13세,경상
2011040100100362,2011년 4월 1일 16시,금요일,인천광역시 남동구 간석동,경상사고,0,0,1,0,차대차 - 정면충돌,중앙선침범,건조,맑음,단일로 - 기타,승용,남,42세,상해없음,승용,여,51세,경상
2011040100100402,2011년 4월 1일 17시,금요일,인천광역시 동구 화수동,중상사고,0,1,0,0,차대차 - 기타,기타,건조,맑음,단일로 - 기타,승용,남,62세,상해없음,이륜,남,45세,중상
2011040100100403,2011년 4월 1일 17시,금요일,인천광역시 연수구 연수동,경상사고,0,0,1,0,차대사람 - 횡단중,보행자보호의무위반,건조,맑음,단일로 - 횡단보도상,승용,여,40세,상해없음,보행자,여,9세,경상
2011040100100440,2011년 4월 1일 18시,금요일,인천광역시 중구 중앙동4가,중상사고,0,1,1,0,차대차 - 측면직각충돌,교차로운행방법위반,건조,맑음,교차로 - 교차로안,승용,남,43세,상해없음,원동기,남,56세,경상
2011040100100489,2011년 4월 1일 19시,금요일,인천광역시 남구 주안동,경상사고,0,0,1,0,차대사람 - 횡단중,신호위반,건조,맑음,단일로 - 기타,승용,남,41세,상해없음,보행자,남,27세,경상