사고번호,사고일시,요일,시군구,사고내용,사망자수,중상자수,경상자수,부상신고자수,사고유형,법규위반,노면상태,기상상태,도로형태,가해운전자 차종,가해운전자 성별,가해운전자 연령,가해운전자 상해정도,피해운전자 차종,피해운전자 성별,피해운전자 연령,피해운전자 상해정도
2011040700100137,2011년 4월 7일 05시,목요일,인천광역시 남동구 수산동,경상사고,0,0,1,0,차대차 - 추돌 - 진행중,안전운전불이행,습기,비,단일로 - 교량,승용,남,35세,상해없음,화물,남,49세,경상
2011040700100161,2011년 4월 7일 07시,목요일,인천광역시 중구 신흥동3가,중상사고,0,1,0,0,차대차 - 측면직각충돌,안전거리미확보,습기,비,단일로 - 기타,화물,남,49세,상해없음,승합,남,52세,중상
2011040700100162,2011년 4월 7일 07시,목요일,인천광역시 남구 문학동,경상사고,0,0,2,0,차대차 - 측면직각충돌,안전거리미확보,습기,비,단일로 - 기타,화물,남,51세,상해없음,승용,남,50세,경상
2011040700100163,2011년 4월 7일 07시,목요일,인천광역시 계양구 작전동,중상사고,0,1,1,0,차대차 - 측면직각충돌,안전운전불이행,습기,비,교차로 - 교차로안,승용,남,37세,상해없음,승용,남,48세,경상
2011040700100194,2011년 4월 7일 08시,목요일,인천광역시 남동구 논현동,중상사고,0,1,0,0,차대사람 - 횡단중,보행자보호의무위반,습기,비,교차로 - 교차로부근,승용,남,53세,상해없음,보행자,여,19세,중상
2011040700100195,2011년 4월 7일 08시,목요일,인천광역시 남동구 논현동,경상사고,0,0,1,0,차대차 - 추돌 - 주정차중,안전거리미확보,습기,비,단일로 - 기타,승용,남,33세,상해없음,화물,남,30세,경상
2011040700100196,2011년 4월 7일 08시,목요일,인천광역시 남동구 남촌동,중상사고,0,1,0,0,차대차 - 측면직각충돌,안전운전불이행,건조,맑음,교차로 - 교차로부근,화물,남,43세,상해없음,승용,남,36세,중상
2011040700100197,2011년 4월 7일 08시,목요일,인천광역시 서구 석남동,경상사고,0,0,1,0,차대차 - 추돌 - 진행중,안전운전불이행,습기,흐림,교차로 - 교차로안,승용,여,47세,기타불명,승용,남,30세,경상
2011040700100282,2011년 4월 7일 11시,목요일,인천광역시 남동구 남촌동,경상사고,0,0,1,0,차대차 - 측면직각충돌,신호위반,건조,맑음,교차로 - 교차로안,승용,남,27세,상해없음,승용,여,42세,경상
2011040700100283,2011년 4월 7일 11시,목요일,인천광역시 남동구 간석동,경상사고,0,0,2,0,차대차 - 추돌 - 주정차중,안전운전불이행,습기,비,교차로 - 교차로부근,승용,남,22세,상해없음,승용,여,51세,경상
2011040700100284,2011년 4월 7일 11시,목요일,인천광역시 계양구 계산동,경상사고,0,0,1,0,차대차 - 측면직각충돌,신호위반,습기,비,단일로 - 기타,승용,남,44세,상해없음,이륜,남,39세,경상
2011040700100285,2011년 4월 7일 11시,목요일,인천광역시 계양구 계산동,중상사고,0,1,0,0,차대사람 - 횡단중,안전운전불이행,습기,비,단일로 - 기타,승용,남,45세,상해없음,보행자,여,45세,중상
2011040700100305,2011년 4월 7일 12시,목요일,인천광역시 남구 도화동,중상사고,0,1,1,0,차대차 - 추돌 - 진행중,안전운전불이행,습기,비,단일로 - 횡단보도부근,승용,남,29세,상해없음,승용,남,45세,중상
2011040700100306,2011년 4월 7일 12시,목요일,인천광역시 남구 관교동,경상사고,0,0,1,0,차대사람 - 길가장자리구역통행중,안전운전불이행,건조,맑음,단일로 - 기타,승합,남,58세,상해없음,보행자,남,63세,경상
2011040700100307,2011년 4월 7일 12시,목요일,인천광역시 계양구 용종동,경상사고,0,0,4,0,차대차 - 추돌 - 주정차중,안전운전불이행,습기,비,교차로 - 교차로부근,화물,남,29세,상해없음,승용,남,62세,경상
2011040700100339,2011년 4월 7일 13시,목요일,인천광역시 남동구 구월동,중상사고,0,1,0,0,차대차 - 측면직각충돌,불법유턴,습기,비,교차로 - 교차로부근,화물,여,52세,상해없음,이륜,남,27세,중상
2011040700100340,2011년 4월 7일 13시,목요일,인천광역시 부평구 부개동,중상사고,0,1,0,0,차대차 - 측면직각충돌,신호위반,습기,비,교차로 - 교차로안,승용,남,38세,상해없음,자전거,여,46세,중상
2011040700100438,2011년 4월 7일 16시,목요일,인천광역시 서구 검암동,경상사고,0,0,1,0,차대사람 - 횡단중,보행자보호의무위반,건조,맑음,단일로 - 횡단보도상,기타불명,기타불명,기타불명,기타불명,보행자,여,7세,경상
2011040700100467,2011년 4월 7일 17시,목요일,인천광역시 서구 가좌동,경상사고,0,0,1,0,차대사람 - 횡단중,신호위반,습기,비,교차로 - 교차로안,승용,여,26세,상해없음,보행자,남,47세,경상
2011040700100568,2011년 4월 7일 19시,목요일,인천광역시 부평구 십정동,사망사고,1,0,0,0,차대사람 - 차도통행중,안전운전불이행,습기,비,단일로 - 기타,승용,남,61세,상해없음,보행자,남,40세,사망
2011040700100569,2011년 4월 7일 19시,목요일,인천광역시 남동구 구월동,경상사고,0,0,2,0,차대차 - 추돌 - 주정차중,차로위반,습기,비,교차로 - 교차로부근,승용,여,48세,경상,화물,남,35세,경상
2011040700100570,2011년 4월 7일 19시,목요일,인천광역시 부평구 부평동,경상사고,0,0,1,0,차대사람 - 횡단중,보행자보호의무위반,습기,비,단일로 - 횡단보도상,승용,여,41세,상해없음,보행자,여,22세,경상
2011040700100623,2011년 4월 7일 20시,목요일,인천광역시 옹진군 영흥면,중상사고,0,2,0,0,차대차 - 정면충돌,중앙선침범,건조,맑음,교차로 - 교차로부근,승용,남,43세,상해없음,승용,남,56세,중상
2011040700100624,2011년 4월 7일 20시,목요일,인천광역시 남구 주안동,경상사고,0,0,1,0,차대차 - 측면직각충돌,안전운전불이행,건조,맑음,단일로 - 기타,승용,남,30세,상해없음,승용,여,43세,경상
2011040700100625,2011년 4월 7일 20시,목요일,인천광역시 남동구 간석동,중상사고,0,1,3,0,차대차 - 측면직각충돌,신호위반,습기,비,교차로 - 교차로안,이륜,남,17세,중상,승용,남,50세,경상
2011040700100684,2011년 4월 7일 21시,목요일,인천광역시 남구 주안동,경상사고,0,0,2,1,차대차 - 추돌 - 진행중,안전운전불이행,습기,맑음,단일로 - 기타,승용,남,39세,상해없음,승용,남,32세,경상
2011040700100685,2011년 4월 7일 21시,목요일,인천광역시 남구 주안동,경상사고,0,0,1,0,차대사람 - 횡단중,보행자보호의무위반,건조,맑음,교차로 - 교차로안,승용,여,48세,상해없음,보행자,여,69세,경상
2011040700100686,2011년 4월 7일 21시,목요일,인천광역시 연수구 동춘동,경상사고,0,0,1,0,차대사람 - 횡단중,보행자보호의무위반,습기,흐림,단일로 - 횡단보도상,승용,남,37세,상해없음,보행자,남,16세,경상
2011040700100734,2011년 4월 7일 22시,목요일,인천광역시 남동구 구월동,중상사고,0,1,0,0,차대차 - 기타,교차로운행방법위반,건조,맑음,교차로 - 교차로부근,승용,남,45세,상해없음,이륜,남,19세,중상
2011040700100735,2011년 4월 7일 22시,목요일,인천광역시 남동구 구월동,경상사고,0,0,1,0,차대차 - 측면직각충돌,신호위반,건조,맑음,교차로 - 교차로안,승용,남,46세,상해없음,승용,남,54세,상해없음
2011040700100736,2011년 4월 7일 22시,목요일,인천광역시 남동구 만수동,중상사고,0,1,0,0,차대사람 - 횡단중,안전운전불이행,건조,맑음,단일로 - 횡단보도상,승용,남,41세,상해없음,보행자,여,32세,중상
2011040700100790,2011년 4월 7일 23시,목요일,인천광역시 계양구 작전동,경상사고,0,0,1,0,차대차 - 정면충돌,중앙선침범,습기,흐림,교차로 - 교차로부근,승용,남,28세,상해없음,승용,남,66세,경상
2011040800100024,2011년 4월 8일 00시,금요일,인천광역시 남동구 고잔동,경상사고,0,0,3,0,차대차 - 추돌 - 주정차중,안전운전불이행,건조,맑음,교차로 - 교차로부근,승용,남,45세,상해없음,승용,여,44세,경상
2011040800100056,2011년 4월 8일 01시,금요일,인천광역시 남구 용현동,경상사고,0,0,3,0,차대차 - 측면직각충돌,안전운전불이행,건조,맑음,교차로 - 교차로안,승용,남,18세,상해없음,승용,남,53세,경상
2011040800100090,2011년 4월 8일 03시,금요일,인천광역시 서구 검암동,경상사고,0,0,1,0,차대차 - 측면직각충돌,안전운전불이행,건조,맑음,교차로 - 교차로부근,승용,남,44세,상해없음,승용,남,45세,경상
2011040800100126,2011년 4월 8일 06시,금요일,인천광역시 남구 숭의동,경상사고,0,0,2,0,차대차 - 측면직각충돌,안전운전불이행,건조,맑음,단일로 - 기타,승합,남,35세,경상,승합,남,43세,경상
2011040800100127,2011년 4월 8일 06시,금요일,인천광역시 부평구 산곡동,경상사고,0,0,1,0,차량단독 - 기타,기타,건조,맑음,단일로 - 기타,승합,남,55세,기타불명,,,,
2011040800100156,2011년 4월 8일 07시,금요일,인천광역시 부평구 산곡동,경상사고,0,0,1,0,차량단독 - 공작물충돌,기타,건조,맑음,단일로 - 기타,승합,남,52세,상해없음,,,,
2011040800100157,2011년 4월 8일 07시,금요일,인천광역시 계양구 용종동,경상사고,0,0,2,0,차대차 - 측면직각충돌,안전거리미확보,건조,맑음,단일로 - 기타,승용,남,26세,상해없음,승용,여,33세,경상
2011040800100177,2011년 4월 8일 08시,금요일,인천광역시 부평구 부평동,경상사고,0,0,1,0,차대차 - 측면직각충돌,안전운전불이행,건조,맑음,단일로 - 기타,승용,남,40세,상해없음,승합,남,48세,상해없음
2011040800100178,2011년 4월 8일 08시,금요일,인천광역시 남동구 고잔동,중상사고,0,1,0,0,차대차 - 측면직각충돌,안전운전불이행,건조,맑음,교차로 - 교차로부근,화물,남,61세,상해없음,자전거,남,32세,중상
2011040800100208,2011년 4월 8일 09시,금요일,인천광역시 서구 가좌동,경상사고,0,0,2,0,차대차 - 측면직각충돌,안전운전불이행,건조,맑음,교차로 - 교차로부근,화물,남,52세,상해없음,승용,여,28세,경상
2011040800100209,2011년 4월 8일 09시,금요일,인천광역시 계양구 병방동,중상사고,0,1,0,0,차대사람 - 횡단중,보행자보호의무위반,건조,맑음,단일로 - 횡단보도상,승용,여,42세,상해없음,보행자,여,5세,중상
2011040800100358,2011년 4월 8일 15시,금요일,인천광역시 계양구 계산동,경상사고,0,0,2,0,차대차 - 기타,안전운전불이행,건조,맑음,단일로 - 기타,승용,남,48세,상해없음,승용,남,23세,경상
2011040800100384,2011년 4월 8일 16시,금요일,인천광역시 부평구 부평동,중상사고,0,1,0,0,차량단독 - 기타,기타,건조,맑음,단일로 - 기타,승합,남,66세,상해없음,,,,
2011040800100415,2011년 4월 8일 17시,금요일,인천광역시 남동구 구월동,경상사고,0,0,2,0,차대차 - 측면직각충돌,안전운전불이행,건조,맑음,교차로 - 교차로부근,승합,남,55세,상해없음,승용,여,21세,경상
2011040800100450,2011년 4월 8일 18시,금요일,인천광역시 남동구 간석동,부상신고사고,0,0,0,1,차대사람 - 차도통행중,안전운전불이행,건조,맑음,단일로 - 기타,승용,남,52세,상해없음,보행자,남,24세,부상신고
2011040800100451,2011년 4월 8일 18시,금요일,인천광역시 남동구 논현동,중상사고,0,1,2,0,차대차 - 정면충돌,안전운전불이행,건조,맑음,교차로 - 교차로안,승용,남,28세,상해없음,승용,남,47세,중상
2011040800100500,2011년 4월 8일 19시,금요일,인천광역시 남구 주안동,경상사고,0,0,1,0,차량단독 - 기타,안전운전불이행,건조,맑음,단일로 - 기타,승용,남,50세,상해없음,,,,
2011040800100626,2011년 4월 8일 22시,금요일,인천광역시 남구 주안동,경상사고,0,0,1,0,차대차 - 측면직각충돌,안전거리미확보,건조,맑음,단일로 - 기타,승용,남,42세,상해없음,승용,남,37세,경상
2011040800100627,2011년 4월 8일 22시,금요일,인천광역시 남동구 고잔동,경상사고,0,0,5,0,차대차 - 추돌 - 주정차중,안전운전불이행,건조,맑음,교차로 - 교차로부근,승용,여,45세,상해없음,승용,여,29세,경상
2011040800100628,2011년 4월 8일 22시,금요일,인천광역시 서구 가정동,경상사고,0,0,1,0,차대차 - 추돌 - 진행중,안전운전불이행,건조,맑음,단일로 - 기타,승용,남,44세,상해없음,승용,여,30세,경상
2011040800100668,2011년 4월 8일 23시,금요일,인천광역시 계양구 작전동,경상사고,0,0,1,1,차대차 - 측면직각충돌,신호위반,건조,맑음,교차로 - 교차로안,승용,남,52세,상해없음,승용,남,49세,경상
2011040800100669,2011년 4월 8일 23시,금요일,인천광역시 남동구 논현동,경상사고,0,0,1,0,차대차 - 기타,안전운전불이행,건조,맑음,단일로 - 기타,승용,남,40세,상해없음,승용,남,35세,경상
2011040900100023,2011년 4월 9일 00시,토요일,인천광역시 남동구 논현동,경상사고,0,0,3,0,차대차 - 측면직각충돌,신호위반,건조,맑음,교차로 - 교차로안,기타불명,기타불명,기타불명,기타불명,승용,남,27세,경상
2011040900100024,2011년 4월 9일 00시,토요일,인천광역시 부평구 서운동,경상사고,0,0,1,1,차대차 - 측면직각충돌,안전거리미확보,건조,맑음,단일로 - 기타,승용,남,56세,상해없음,승용,남,39세,경상
2011040900100052,2011년 4월 9일 01시,토요일,인천광역시 부평구 삼산동,중상사고,0,1,1,0,차대차 - 측면직각충돌,신호위반,건조,맑음,교차로 - 교차로안,화물,남,38세,상해없음,승용,남,54세,중상
2011040900100070,2011년 4월 9일 02시,토요일,인천광역시 부평구 부평동,경상사고,0,0,1,0,차대차 - 기타,안전거리미확보,건조,맑음,교차로 - 교차로부근,승용,남,49세,상해없음,승용,여,50세,경상
2011040900100084,2011년 4월 9일 03시,토요일,인천광역시 부평구 십정동,경상사고,0,0,1,0,차대차 - 추돌 - 주정차중,안전운전불이행,건조,맑음,교차로 - 교차로부근,승용,기타불명,기타불명,기타불명,승용,남,55세,경상
2011040900100085,2011년 4월 9일 03시,토요일,인천광역시 계양구 효성동,중상사고,0,5,0,0,차대차 - 추돌 - 주정차중,안전운전불이행,건조,맑음,단일로 - 기타,승용,여,44세,상해없음,승용,남,48세,중상
2011040900100093,2011년 4월 9일 04시,토요일,인천광역시 남동구 간석동,경상사고,0,0,2,0,차대차 - 측면직각충돌,안전거리미확보,건조,맑음,단일로 - 기타,승용,남,22세,상해없음,승용,여,35세,경상
2011040900100103,2011년 4월 9일 05시,토요일,인천광역시 서구 가정동,경상사고,0,0,2,0,차대차 - 측면직각충돌,안전운전불이행,건조,맑음,교차로 - 교차로안,승용,남,56세,경상,건설기계,남,32세,경상
2011040900100130,2011년 4월 9일 07시,토요일,인천광역시 남구 숭의동,중상사고,0,1,0,0,차대차 - 측면직각충돌,안전운전불이행,건조,맑음,단일로 - 기타,화물,남,39세,상해없음,이륜,남,16세,중상
2011040900100131,2011년 4월 9일 07시,토요일,인천광역시 남구 주안동,경상사고,0,0,1,0,차대차 - 추돌 - 주정차중,안전운전불이행,건조,맑음,교차로 - 교차로부근,승용,남,26세,상해없음,승용,남,26세,경상
2011040900100132,2011년 4월 9일 07시,토요일,인천광역시 서구 신현동,중상사고,0,1,0,0,차대차 - 측면직각충돌,신호위반,건조,맑음,교차로 - 교차로안,승용,남,49세,상해없음,원동기,남,33세,중상
2011040900100133,2011년 4월 9일 07시,토요일,인천광역시 서구 가좌동,중상사고,0,1,0,0,차대차 - 측면직각충돌,안전거리미확보,건조,맑음,단일로 - 기타,원동기,남,58세,중상,승용,남,35세,상해없음
2011040900100153,2011년 4월 9일 08시,토요일,인천광역시 강화군 강화읍,중상사고,0,1,0,0,차대차 - 추돌 - 진행중,안전운전불이행,건조,맑음,교차로 - 교차로부근,화물,남,47세,상해없음,승용,남,48세,상해없음
2011040900100202,2011년 4월 9일 10시,토요일,인천광역시 남동구 간석동,중상사고,0,1,0,0,차대차 - 기타,안전운전불이행,건조,맑음,단일로 - 기타,화물,남,56세,상해없음,승용,남,19세,중상
2011040900100203,2011년 4월 9일 10시,토요일,인천광역시 부평구 삼산동,중상사고,0,1,0,0,차대사람 - 횡단중,신호위반,건조,맑음,단일로 - 횡단보도상,승용,여,27세,상해없음,보행자,여,43세,중상
2011040900100238,2011년 4월 9일 11시,토요일,인천광역시 남구 문학동,경상사고,0,0,1,0,차대차 - 정면충돌,기타,건조,맑음,교차로 - 교차로안,승용,남,61세,상해없음,승용,남,54세,경상
2011040900100239,2011년 4월 9일 11시,토요일,인천광역시 강화군 길상면,중상사고,0,1,3,0,차대차 - 측면직각충돌,중앙선침범,건조,맑음,교차로 - 교차로부근,승용,남,61세,중상,승용,남,40세,경상
2011040900100240,2011년 4월 9일 11시,토요일,인천광역시 연수구 연수동,경상사고,0,0,1,0,차대차 - 측면직각충돌,안전운전불이행,건조,맑음,단일로 - 기타,승용,남,34세,상해없음,이륜,남,20세,경상
2011040900100241,2011년 4월 9일 11시,토요일,인천광역시 연수구 연수동,중상사고,0,1,0,0,차대차 - 측면직각충돌,안전운전불이행,건조,맑음,교차로 - 교차로부근,승합,남,59세,상해없음,자전거,남,61세,중상
2011040900100339,2011년 4월 9일 14시,토요일,인천광역시 남동구 간석동,중상사고,0,1,0,0,차대사람 - 횡단중,보행자보호의무위반,건조,맑음,단일로 - 기타,승용,남,43세,상해없음,보행자,여,66세,중상
2011040900100417,2011년 4월 9일 16시,토요일,인천광역시 남동구 간석동,경상사고,0,0,1,0,차대차 - 기타,차로위반,건조,맑음,단일로 - 기타,승용,남,52세,상해없음,승용,남,49세,상해없음
2011040900100418,2011년 4월 9일 16시,토요일,인천광역시 계양구 임학동,경상사고,0,0,1,0,차대사람 - 차도통행중,안전운전불이행,건조,맑음,단일로 - 기타,승용,기타불명,기타불명,기타불명,보행자,남,38세,경상
2011040900100494,2011년 4월 9일 18시,토요일,인천광역시 남동구 구월동,경상사고,0,0,1,0,차량단독 - 기타,안전운전불이행,건조,맑음,단일로 - 기타,승합,남,49세,상해없음,,,,
2011040900100495,2011년 4월 9일 18시,토요일,인천광역시 연수구 선학동,경상사고,0,0,2,0,차대차 - 정면충돌,안전운전불이행,건조,맑음,교차로 - 교차로부근,이륜,남,17세,상해없음,승용,남,28세,경상
2011040900100573,2011년 4월 9일 20시,토요일,인천광역시 계양구 선주지동,경상사고,0,0,1,1,차대차 - 추돌 - 진행중,안전운전불이행,건조,맑음,단일로 - 교량,승용,남,27세,상해없음,승용,남,22세,경상
2011040900100608,2011년 4월 9일 21시,토요일,인천광역시 남동구 구월동,중상사고,0,1,0,0,차대차 - 기타,차로위반,건조,맑음,교차로 - 교차로부근,승용,남,48세,상해없음,승용,남,29세,중상
2011040900100644,2011년 4월 9일 22시,토요일,인천광역시 남구 주안동,경상사고,0,0,1,0,차대차 - 추돌 - 주정차중,안전운전불이행,건조,맑음,단일로 - 기타,승용,남,57세,상해없음,승용,남,32세,상해없음
2011041000100080,2011년 4월 10일 04시,일요일,인천광역시 서구 가좌동,중상사고,0,2,0,0,차대차 - 기타,안전거리미확보,건조,맑음,교차로 - 교차로부근,화물,남,33세,상해없음,승용,남,27세,중상
2011041000100107,2011년 4월 10일 06시,일요일,인천광역시 서구 마전동,경상사고,0,0,1,0,차대차 - 추돌 - 주정차중,안전운전불이행,건조,맑음,단일로 - 기타,원동기,남,17세,상해없음,승용,남,26세,상해없음
2011041000100108,2011년 4월 10일 06시,일요일,인천광역시 부평구 갈산동,경상사고,0,0,6,0,차대차 - 정면충돌,중앙선침범,건조,맑음,교차로 - 교차로부근,승용,남,31세,상해없음,화물,남,45세,경상
2011041000100277,2011년 4월 10일 14시,일요일,인천광역시 남동구 장수동,중상사고,0,2,0,0,차대차 - 측면직각충돌,교차로운행방법위반,건조,맑음,교차로 - 교차로안,승용,여,52세,상해없음,승용,남,26세,중상
2011041000100278,2011년 4월 10일 14시,일요일,인천광역시 서구 신현동,경상사고,0,0,1,0,차대차 - 기타,안전운전불이행,건조,흐림,교차로 - 교차로안,승합,남,48세,상해없음,이륜,남,21세,경상
2011041000100279,2011년 4월 10일 14시,일요일,인천광역시 서구 불로동,중상사고,0,1,0,0,차대차 - 기타,안전운전불이행,건조,맑음,단일로 - 기타,승용,여,49세,상해없음,이륜,남,40세,중상
2011041000100307,2011년 4월 10일 15시,일요일,인천광역시 남동구 만수동,경상사고,0,0,1,0,차대사람 - 기타,안전운전불이행,건조,맑음,단일로 - 기타,승용,남,49세,기타불명,보행자,남,29세,경상
2011041000100381,2011년 4월 10일 17시,일요일,인천광역시 중구 유동,중상사고,0,1,2,0,차대차 - 측면직각충돌,신호위반,습기,비,교차로 - 교차로안,이륜,남,54세,중상,승용,남,24세,경상
2011041000100382,2011년 4월 10일 17시,일요일,인천광역시 남동구 만수동,경상사고,0,0,1,0,차대사람 - 차도통행중,안전운전불이행,건조,맑음,단일로 - 기타,승용,남,56세,상해없음,보행자,남,55세,경상
2011041000100408,2011년 4월 10일 18시,일요일,인천광역시 부평구 십정동,중상사고,0,1,0,0,차대차 - 측면직각충돌,안전운전불이행,습기,비,교차로 - 교차로안,승용,남,34세,상해없음,승용,여,28세,중상
2011041000100409,2011년 4월 10일 18시,일요일,인천광역시 부평구 일신동,중상사고,0,1,0,0,차대사람 - 횡단중,보행자보호의무위반,습기,비,교차로 - 교차로안,승용,남,67세,상해없음,보행자,남,15세,중상
2011041000100510,2011년 4월 10일 21시,일요일,인천광역시 계양구 임학동,중상사고,0,1,0,0,차대사람 - 기타,안전운전불이행,건조,흐림,기타 - 기타,기타불명,기타불명,기타불명,기타불명,보행자,남,50세,중상
2011041000100537,2011년 4월 10일 22시,일요일,인천광역시 부평구 부개동,중상사고,0,1,0,0,차대사람 - 길가장자리구역통행중,안전운전불이행,습기,비,교차로 - 교차로안,화물,기타불명,기타불명,기타불명,보행자,남,46세,중상
2011041000100538,2011년 4월 10일 22시,일요일,인천광역시 부평구 부평동,경상사고,0,0,1,0,차대사람 - 차도통행중,안전운전불이행,건조,맑음,교차로 - 교차로안,승용,남,50세,상해없음,보행자,여,38세,경상
2011041000100560,2011년 4월 10일 23시,일요일,인천광역시 중구 인현동,중상사고,0,1,0,0,차대사람 - 횡단중,안전운전불이행,습기,흐림,단일로 - 기타,승용,남,25세,상해없음,보행자,남,17세,중상
2011041000100561,2011년 4월 10일 23시,일요일,인천광역시 계양구 용종동,중상사고,0,1,0,0,차대사람 - 기타,신호위반,건조,맑음,교차로 - 교차로안,승용,남,41세,상해없음,보행자,남,42세,중상
2011041100100008,2011년 4월 11일 00시,월요일,인천광역시 연수구 연수동,중상사고,0,1,0,0,차대차 - 측면직각충돌,중앙선침범,습기,흐림,단일로 - 기타,승용,남,39세,상해없음,이륜,남,58세,중상
2011041100100092,2011년 4월 11일 07시,월요일,인천광역시 남구 도화동,중상사고,0,1,1,0,차대차 - 정면충돌,신호위반,건조,맑음,교차로 - 교차로안,승합,남,53세,상해없음,승용,남,43세,중상
2011041100100093,2011년 4월 11일 07시,월요일,인천광역시 남동구 만수동,중상사고,0,1,0,0,차대사람 - 횡단중,안전운전불이행,건조,맑음,단일로 - 기타,승용,남,51세,상해없음,보행자,남,39세,중상
2011041100100094,2011년 4월 11일 07시,월요일,인천광역시 계양구 장기동,중상사고,0,1,0,0,차대차 - 기타,안전운전불이행,건조,맑음,단일로 - 기타,화물,남,66세,상해없음,화물,남,45세,중상
2011041100100095,2011년 4월 11일 07시,월요일,인천광역시 계양구 계산동,중상사고,0,1,0,0,차대사람 - 횡단중,안전운전불이행,건조,맑음,교차로 - 교차로부근,승용,남,57세,상해없음,보행자,여,17세,중상
2011041100100096,2011년 4월 11일 07시,월요일,인천광역시 연수구 동춘동,중상사고,0,1,0,0,차대사람 - 횡단중,신호위반,건조,맑음,단일로 - 횡단보도상,승합,남,45세,상해없음,보행자,여,51세,중상
2011041100100131,2011년 4월 11일 08시,월요일,인천광역시 남동구 논현동,경상사고,0,0,1,0,차대차 - 측면직각충돌,교차로운행방법위반,건조,맑음,교차로 - 교차로안,승용,여,35세,상해없음,승용,남,55세,경상
2011041100100132,2011년 4월 11일 08시,월요일,인천광역시 부평구 부평동,경상사고,0,0,2,0,차대차 - 측면직각충돌,안전운전불이행,건조,맑음,단일로 - 기타,승용,남,52세,상해없음,승용,남,48세,상해없음
2011041100100157,2011년 4월 11일 09시,월요일,인천광역시 연수구 옥련동,경상사고,0,0,1,0,차대차 - 추돌 - 진행중,안전운전불이행,습기,맑음,단일로 - 횡단보도상,화물,남,57세,상해없음,화물,남,58세,경상
2011041100100209,2011년 4월 11일 11시,월요일,인천광역시 연수구 동춘동,경상사고,0,0,1,0,차대차 - 기타,안전운전불이행,건조,맑음,교차로 - 교차로부근,승용,여,46세,상해없음,자전거,남,73세,경상
2011041100100293,2011년 4월 11일 14시,월요일,인천광역시 서구 가정동,경상사고,0,0,1,0,차대사람 - 차도통행중,중앙선침범,건조,맑음,단일로 - 기타,승용,여,38세,상해없음,보행자,남,67세,경상
2011041100100317,2011년 4월 11일 15시,월요일,인천광역시 중구 항동7가,경상사고,0,0,1,0,차대차 - 측면직각충돌,안전거리미확보,건조,맑음,교차로 - 교차로안,화물,남,51세,상해없음,승합,남,37세,경상
2011041100100318,2011년 4월 11일 15시,월요일,인천광역시 남동구 구월동,경상사고,0,0,2,0,차대차 - 측면직각충돌,안전운전불이행,건조,맑음,단일로 - 기타,승용,여,48세,상해없음,승용,여,42세,경상
2011041100100362,2011년 4월 11일 16시,월요일,인천광역시 남구 관교동,중상사고,0,1,0,0,차대사람 - 기타,안전운전불이행,건조,맑음,교차로 - 교차로부근,승용,남,33세,상해없음,보행자,남,44세,중상
2011041100100403,2011년 4월 11일 17시,월요일,인천광역시 남구 도화동,경상사고,0,0,2,0,차대차 - 추돌 - 주정차중,안전운전불이행,건조,맑음,교차로 - 교차로부근,승용,남,51세,상해없음,승용,남,58세,경상
2011041100100404,2011년 4월 11일 17시,월요일,인천광역시 부평구 청천동,경상사고,0,0,1,0,차대차 - 정면충돌,안전운전불이행,건조,맑음,교차로 - 교차로안,승용,남,54세,상해없음,이륜,남,21세,경상
2011041100100519,2011년 4월 11일 20시,월요일,인천광역시 중구 중산동,중상사고,0,4,6,0,차대차 - 측면직각충돌,신호위반,건조,맑음,교차로 - 교차로안,승합,남,35세,상해없음,승합,남,36세,중상
2011041100100552,2011년 4월 11일 21시,월요일,인천광역시 남구 관교동,경상사고,0,0,1,0,차대차 - 기타,신호위반,건조,맑음,교차로 - 교차로안,승용,남,61세,상해없음,승용,여,26세,상해없음
2011041100100553,2011년 4월 11일 21시,월요일,인천광역시 남동구 간석동,경상사고,0,0,1,0,차대차 - 기타,안전운전불이행,건조,맑음,교차로 - 교차로부근,승용,남,27세,상해없음,이륜,남,23세,경상
2011041100100606,2011년 4월 11일 23시,월요일,인천광역시 부평구 구산동,경상사고,0,0,3,0,차대차 - 측면직각충돌,안전운전불이행,건조,맑음,단일로 - 기타,승용,여,63세,상해없음,승용,남,59세,경상
2011041200100011,2011년 4월 12일 00시,화요일,인천광역시 남동구 수산동,중상사고,0,3,0,0,차대차 - 측면직각충돌,안전운전불이행,건조,맑음,단일로 - 기타,승용,남,48세,상해없음,승용,남,48세,중상
2011041200100012,2011년 4월 12일 00시,화요일,인천광역시 연수구 동춘동,중상사고,0,2,0,0,차대차 - 측면직각충돌,중앙선침범,건조,맑음,단일로 - 기타,승용,여,36세,중상,화물,남,45세,중상
2011041200100032,2011년 4월 12일 01시,화요일,인천광역시 연수구 연수동,중상사고,0,1,0,0,차대차 - 측면직각충돌,신호위반,건조,맑음,단일로 - 기타,승용,남,30세,상해없음,승용,남,38세,중상
2011041200100220,2011년 4월 12일 11시,화요일,인천광역시 계양구 계산동,중상사고,0,1,0,0,차대차 - 추돌 - 진행중,안전운전불이행,건조,맑음,교차로 - 교차로안,승합,남,42세,상해없음,승용,남,39세,중상
2011041200100221,2011년 4월 12일 11시,화요일,인천광역시 부평구 갈산동,경상사고,0,0,1,0,차대차 - 추돌 - 주정차중,안전운전불이행,건조,맑음,단일로 - 기타,화물,남,62세,상해없음,승용,여,42세,경상