사고번호,사고일시,요일,시군구,사고내용,사망자수,중상자수,경상자수,부상신고자수,사고유형,법규위반,노면상태,기상상태,도로형태,가해운전자 차종,가해운전자 성별,가해운전자 연령,가해운전자 상해정도,피해운전자 차종,피해운전자 성별,피해운전자 연령,피해운전자 상해정도
2011042100100170,2011년 4월 21일 09시,목요일,인천광역시 계양구 계산동,경상사고,0,0,4,0,차대차 - 추돌 - 진행중,안전거리미확보,건조,맑음,단일로 - 기타,승용,여,34세,상해없음,승용,남,40세,경상
2011042100100226,2011년 4월 21일 12시,목요일,인천광역시 동구 송현동,경상사고,0,0,1,0,차대차 - 측면직각충돌,안전운전불이행,건조,맑음,교차로 - 교차로안,화물,남,50세,상해없음,이륜,남,76세,경상
2011042100100278,2011년 4월 21일 14시,목요일,인천광역시 동구 화수동,중상사고,0,1,0,0,차대사람 - 기타,안전운전불이행,건조,맑음,단일로 - 기타,이륜,남,17세,상해없음,보행자,남,58세,중상
2011042100100279,2011년 4월 21일 14시,목요일,인천광역시 중구 운서동,부상신고사고,0,0,0,1,차대사람 - 보도통행중,안전운전불이행,건조,맑음,기타 - 기타,자전거,기타불명,기타불명,기타불명,보행자,남,10세,부상신고
2011042100100280,2011년 4월 21일 14시,목요일,인천광역시 남구 학익동,중상사고,0,1,0,0,차대사람 - 횡단중,보행자보호의무위반,건조,맑음,단일로 - 횡단보도상,승용,여,52세,상해없음,보행자,남,11세,중상
2011042100100309,2011년 4월 21일 15시,목요일,인천광역시 남구 주안동,중상사고,0,1,0,0,차대차 - 기타,안전거리미확보,건조,맑음,교차로 - 교차로부근,승합,남,51세,상해없음,자전거,남,74세,중상
2011042100100310,2011년 4월 21일 15시,목요일,인천광역시 연수구 청학동,경상사고,0,0,1,0,차대사람 - 횡단중,안전운전불이행,건조,맑음,단일로 - 기타,승용,남,44세,상해없음,보행자,여,76세,경상
2011042100100359,2011년 4월 21일 17시,목요일,인천광역시 서구 경서동,경상사고,0,0,2,1,차대차 - 측면직각충돌,중앙선침범,건조,맑음,단일로 - 기타,승용,남,58세,부상신고,화물,남,33세,경상
2011042100100426,2011년 4월 21일 19시,목요일,인천광역시 서구 가좌동,중상사고,0,1,1,0,차대차 - 추돌 - 주정차중,안전운전불이행,건조,맑음,교차로 - 교차로부근,승용,남,53세,상해없음,승용,남,42세,중상
2011042100100452,2011년 4월 21일 20시,목요일,인천광역시 계양구 작전동,경상사고,0,0,1,0,차대차 - 측면직각충돌,중앙선침범,건조,맑음,단일로 - 횡단보도상,자전거,여,52세,경상,승용,여,38세,상해없음
2011042100100501,2011년 4월 21일 21시,목요일,인천광역시 중구 내동,경상사고,0,0,1,0,차대차 - 추돌 - 진행중,안전운전불이행,건조,맑음,교차로 - 교차로부근,승용,남,53세,상해없음,승용,여,49세,경상
2011042100100502,2011년 4월 21일 21시,목요일,인천광역시 남구 숭의동,경상사고,0,0,3,0,차대차 - 기타,안전운전불이행,건조,맑음,단일로 - 기타,승용,남,43세,상해없음,승용,남,37세,경상
2011042100100503,2011년 4월 21일 21시,목요일,인천광역시 남구 숭의동,경상사고,0,0,2,0,차대차 - 추돌 - 주정차중,안전운전불이행,건조,맑음,단일로 - 기타,승용,남,37세,상해없음,승용,여,31세,경상
2011042100100504,2011년 4월 21일 21시,목요일,인천광역시 남동구 간석동,경상사고,0,0,1,0,차대사람 - 차도통행중,안전운전불이행,건조,맑음,단일로 - 기타,승용,남,64세,상해없음,보행자,여,14세,경상
2011042100100505,2011년 4월 21일 21시,목요일,인천광역시 남동구 구월동,중상사고,0,1,1,0,차대차 - 측면직각충돌,안전운전불이행,건조,맑음,교차로 - 교차로부근,이륜,남,16세,상해없음,승용,남,40세,중상
2011042100100582,2011년 4월 21일 23시,목요일,인천광역시 남동구 구월동,경상사고,0,0,1,0,차대차 - 추돌 - 주정차중,안전운전불이행,건조,맑음,단일로 - 기타,승용,남,59세,상해없음,승용,남,52세,경상
2011042100100583,2011년 4월 21일 23시,목요일,인천광역시 서구 석남동,경상사고,0,0,1,0,차대차 - 추돌 - 주정차중,안전운전불이행,건조,맑음,교차로 - 교차로부근,승용,남,44세,상해없음,승용,남,44세,경상
2011042200100020,2011년 4월 22일 00시,금요일,인천광역시 남구 도화동,중상사고,0,1,0,0,차대차 - 측면직각충돌,신호위반,건조,맑음,교차로 - 교차로안,승용,남,36세,상해없음,승용,남,42세,중상
2011042200100021,2011년 4월 22일 00시,금요일,인천광역시 연수구 청학동,경상사고,0,0,3,0,차대차 - 측면직각충돌,안전운전불이행,건조,맑음,교차로 - 교차로부근,승용,남,28세,상해없음,승용,남,52세,경상
2011042200100071,2011년 4월 22일 02시,금요일,인천광역시 계양구 계산동,중상사고,0,1,0,0,차대차 - 기타,신호위반,습기,비,단일로 - 횡단보도부근,승용,여,21세,상해없음,자전거,남,47세,중상
2011042200100072,2011년 4월 22일 02시,금요일,인천광역시 부평구 삼산동,경상사고,0,0,3,0,차대차 - 추돌 - 진행중,안전운전불이행,습기,비,교차로 - 교차로부근,승용,남,39세,상해없음,승용,남,49세,경상
2011042200100087,2011년 4월 22일 03시,금요일,인천광역시 부평구 부평동,중상사고,0,1,0,0,차대사람 - 횡단중,안전운전불이행,습기,비,교차로 - 교차로부근,승용,남,61세,상해없음,보행자,남,31세,중상
2011042200100111,2011년 4월 22일 04시,금요일,인천광역시 남구 학익동,경상사고,0,0,1,0,차대차 - 기타,안전운전불이행,습기,비,교차로 - 교차로부근,승합,남,34세,상해없음,승용,여,56세,경상
2011042200100112,2011년 4월 22일 04시,금요일,인천광역시 부평구 부평동,중상사고,0,1,0,0,차대사람 - 기타,과속,습기,비,단일로 - 기타,승용,남,46세,상해없음,보행자,남,44세,중상
2011042200100128,2011년 4월 22일 05시,금요일,인천광역시 부평구 부평동,경상사고,0,0,1,0,차대차 - 추돌 - 주정차중,안전거리미확보,습기,비,교차로 - 교차로부근,승용,남,52세,상해없음,승용,남,67세,경상
2011042200100129,2011년 4월 22일 05시,금요일,인천광역시 서구 시천동,경상사고,0,0,7,0,차대차 - 측면직각충돌,안전운전불이행,습기,비,단일로 - 기타,승합,기타불명,기타불명,기타불명,승용,남,40세,경상
2011042200100149,2011년 4월 22일 06시,금요일,인천광역시 서구 가좌동,경상사고,0,0,1,0,차대차 - 추돌 - 진행중,안전거리미확보,습기,맑음,기타 - 기타,승용,남,62세,상해없음,승용,남,46세,경상
2011042200100174,2011년 4월 22일 07시,금요일,인천광역시 남동구 만수동,경상사고,0,0,2,0,차대차 - 측면직각충돌,교차로운행방법위반,습기,비,교차로 - 교차로안,승용,남,29세,상해없음,승용,남,58세,경상
2011042200100175,2011년 4월 22일 07시,금요일,인천광역시 부평구 부평동,경상사고,0,0,2,0,차대차 - 정면충돌,중앙선침범,습기,비,교차로 - 교차로부근,승용,남,38세,상해없음,승용,남,37세,경상
2011042200100176,2011년 4월 22일 07시,금요일,인천광역시 중구 중산동,중상사고,0,3,1,0,차대차 - 기타,안전운전불이행,습기,비,단일로 - 기타,승용,남,34세,상해없음,승용,남,53세,경상
2011042200100216,2011년 4월 22일 08시,금요일,인천광역시 남구 관교동,중상사고,0,1,0,0,차대사람 - 기타,안전운전불이행,건조,맑음,교차로 - 교차로부근,승용,남,32세,상해없음,보행자,여,38세,중상
2011042200100217,2011년 4월 22일 08시,금요일,인천광역시 부평구 부평동,경상사고,0,0,1,0,차대차 - 기타,안전거리미확보,습기,비,단일로 - 기타,승합,남,34세,상해없음,승용,남,22세,경상
2011042200100218,2011년 4월 22일 08시,금요일,인천광역시 서구 가좌동,중상사고,0,1,0,0,차대사람 - 기타,안전운전불이행,건조,맑음,단일로 - 기타,승용,남,37세,상해없음,보행자,여,33세,중상
2011042200100219,2011년 4월 22일 08시,금요일,인천광역시 부평구 부개동,경상사고,0,0,1,0,차대사람 - 횡단중,보행자보호의무위반,건조,맑음,단일로 - 횡단보도상,승용,남,28세,상해없음,보행자,여,15세,경상
2011042200100247,2011년 4월 22일 09시,금요일,인천광역시 연수구 연수동,중상사고,0,1,0,0,차량단독 - 공작물충돌,과속,습기,비,단일로 - 기타,승용,남,45세,상해없음,,,,
2011042200100278,2011년 4월 22일 10시,금요일,인천광역시 부평구 일신동,경상사고,0,0,1,0,차대차 - 추돌 - 진행중,안전운전불이행,건조,맑음,단일로 - 교량,승용,남,37세,상해없음,화물,남,48세,경상
2011042200100366,2011년 4월 22일 13시,금요일,인천광역시 남구 용현동,경상사고,0,0,1,0,차대차 - 추돌 - 주정차중,안전운전불이행,기타,기타,단일로 - 횡단보도상,건설기계,남,49세,상해없음,승용,남,43세,경상
2011042200100367,2011년 4월 22일 13시,금요일,인천광역시 계양구 계산동,경상사고,0,0,4,0,차대차 - 측면직각충돌,교차로운행방법위반,건조,맑음,교차로 - 교차로안,승용,남,39세,상해없음,승용,여,27세,경상
2011042200100398,2011년 4월 22일 14시,금요일,인천광역시 연수구 송도동,중상사고,0,1,0,0,차대사람 - 횡단중,안전운전불이행,습기,흐림,단일로 - 횡단보도상,승용,여,43세,상해없음,보행자,여,55세,중상
2011042200100429,2011년 4월 22일 15시,금요일,인천광역시 남구 주안동,경상사고,0,0,2,0,차대차 - 측면직각충돌,신호위반,건조,맑음,교차로 - 교차로안,승용,남,43세,경상,원동기,남,57세,경상
2011042200100463,2011년 4월 22일 16시,금요일,인천광역시 계양구 계산동,중상사고,0,1,0,0,차대사람 - 길가장자리구역통행중,안전운전불이행,습기,흐림,단일로 - 기타,승용,남,48세,상해없음,보행자,여,71세,중상
2011042200100464,2011년 4월 22일 16시,금요일,인천광역시 강화군 화도면,중상사고,0,1,0,0,차대차 - 추돌 - 진행중,안전운전불이행,건조,맑음,단일로 - 기타,승용,여,40세,상해없음,승용,여,36세,중상
2011042200100492,2011년 4월 22일 17시,금요일,인천광역시 중구 중산동,경상사고,0,0,1,0,차대차 - 정면충돌,안전운전불이행,기타,흐림,단일로 - 기타,이륜,남,48세,상해없음,승합,여,33세,경상
2011042200100493,2011년 4월 22일 17시,금요일,인천광역시 남구 문학동,경상사고,0,0,1,0,차대차 - 측면직각충돌,안전운전불이행,건조,맑음,단일로 - 기타,승용,남,32세,상해없음,원동기,남,36세,경상
2011042200100494,2011년 4월 22일 17시,금요일,인천광역시 남동구 만수동,경상사고,0,0,1,0,차대차 - 기타,안전운전불이행,건조,맑음,단일로 - 교량,화물,남,44세,상해없음,승합,남,41세,경상
2011042200100495,2011년 4월 22일 17시,금요일,인천광역시 남동구 만수동,경상사고,0,0,1,0,차량단독 - 기타,기타,건조,맑음,단일로 - 기타,승합,남,40세,상해없음,,,,
2011042200100534,2011년 4월 22일 18시,금요일,인천광역시 남구 숭의동,중상사고,0,2,0,0,차대차 - 측면직각충돌,신호위반,건조,맑음,교차로 - 교차로안,승용,남,28세,상해없음,승용,남,57세,중상
2011042200100535,2011년 4월 22일 18시,금요일,인천광역시 남구 주안동,경상사고,0,0,1,0,차대사람 - 기타,안전운전불이행,건조,맑음,교차로 - 교차로부근,승합,남,48세,상해없음,보행자,남,16세,경상
2011042200100536,2011년 4월 22일 18시,금요일,인천광역시 남동구 구월동,중상사고,0,1,0,0,차대차 - 측면직각충돌,안전운전불이행,건조,맑음,단일로 - 횡단보도상,승용,남,24세,상해없음,자전거,여,48세,중상
2011042200100537,2011년 4월 22일 18시,금요일,인천광역시 연수구 선학동,중상사고,0,1,1,0,차대차 - 측면직각충돌,안전거리미확보,건조,맑음,단일로 - 기타,이륜,남,20세,중상,승용,남,57세,경상
2011042200100574,2011년 4월 22일 19시,금요일,인천광역시 남동구 남촌동,중상사고,0,1,0,0,차대사람 - 기타,안전운전불이행,건조,맑음,교차로 - 교차로안,승용,남,32세,상해없음,보행자,여,42세,중상
2011042200100688,2011년 4월 22일 22시,금요일,인천광역시 남구 주안동,경상사고,0,0,1,0,차대차 - 기타,안전운전불이행,건조,맑음,교차로 - 교차로안,이륜,남,41세,경상,승용,남,30세,상해없음
2011042200100689,2011년 4월 22일 22시,금요일,인천광역시 부평구 부평동,중상사고,0,1,0,0,차대사람 - 기타,안전운전불이행,건조,맑음,단일로 - 기타,이륜,남,45세,상해없음,보행자,남,31세,중상
2011042300100024,2011년 4월 23일 00시,토요일,인천광역시 계양구 계산동,중상사고,0,1,1,0,차대차 - 추돌 - 주정차중,안전운전불이행,건조,맑음,단일로 - 기타,승용,남,27세,상해없음,승용,남,50세,경상
2011042300100059,2011년 4월 23일 01시,토요일,인천광역시 동구 송현동,경상사고,0,0,1,0,차대차 - 측면직각충돌,차로위반,건조,맑음,단일로 - 기타,승용,여,27세,상해없음,화물,남,56세,상해없음
2011042300100060,2011년 4월 23일 01시,토요일,인천광역시 중구 사동,중상사고,0,2,0,0,차대차 - 정면충돌,안전운전불이행,건조,맑음,교차로 - 교차로부근,승용,남,29세,상해없음,원동기,남,16세,중상
2011042300100061,2011년 4월 23일 01시,토요일,인천광역시 남동구 구월동,경상사고,0,0,1,0,차대사람 - 기타,안전운전불이행,건조,맑음,단일로 - 기타,승용,여,31세,상해없음,보행자,남,48세,경상
2011042300100080,2011년 4월 23일 02시,토요일,인천광역시 중구 경동,중상사고,0,1,2,0,차대차 - 측면직각충돌,신호위반,건조,맑음,교차로 - 교차로안,승용,남,50세,상해없음,승용,남,53세,중상
2011042300100104,2011년 4월 23일 04시,토요일,인천광역시 남구 주안동,경상사고,0,0,2,0,차대차 - 추돌 - 주정차중,안전운전불이행,건조,맑음,교차로 - 교차로부근,승용,남,29세,상해없음,승용,남,59세,경상
2011042300100105,2011년 4월 23일 04시,토요일,인천광역시 계양구 노오지동,경상사고,0,0,1,0,차대차 - 추돌 - 진행중,안전운전불이행,건조,맑음,단일로 - 기타,화물,남,44세,상해없음,화물,남,40세,경상
2011042300100127,2011년 4월 23일 05시,토요일,인천광역시 남동구 논현동,경상사고,0,0,1,0,차대차 - 측면직각충돌,신호위반,건조,맑음,교차로 - 교차로안,승용,남,32세,상해없음,승용,남,54세,경상
2011042300100128,2011년 4월 23일 05시,토요일,인천광역시 남동구 장수동,경상사고,0,0,2,0,차대차 - 추돌 - 진행중,안전운전불이행,건조,맑음,단일로 - 기타,승용,남,25세,경상,화물,남,55세,경상
2011042300100222,2011년 4월 23일 10시,토요일,인천광역시 남동구 구월동,경상사고,0,0,1,0,차대차 - 측면직각충돌,차로위반,건조,맑음,단일로 - 기타,승용,남,32세,상해없음,승용,여,41세,경상
2011042300100223,2011년 4월 23일 10시,토요일,인천광역시 남동구 고잔동,경상사고,0,0,1,0,차대차 - 기타,안전운전불이행,건조,맑음,교차로 - 교차로부근,화물,남,61세,상해없음,자전거,남,39세,경상
2011042300100224,2011년 4월 23일 10시,토요일,인천광역시 계양구 계산동,중상사고,0,1,5,3,차대차 - 측면직각충돌,안전운전불이행,건조,맑음,단일로 - 기타,승용,남,63세,상해없음,승합,남,38세,상해없음
2011042300100225,2011년 4월 23일 10시,토요일,인천광역시 연수구 송도동,경상사고,0,0,4,5,차대차 - 추돌 - 진행중,안전거리미확보,건조,맑음,단일로 - 교량,승용,여,42세,상해없음,승용,여,33세,경상
2011042300100226,2011년 4월 23일 10시,토요일,인천광역시 부평구 부평동,경상사고,0,0,1,0,차대사람 - 횡단중,안전운전불이행,건조,맑음,교차로 - 교차로안,승용,여,43세,상해없음,보행자,여,63세,경상
2011042300100260,2011년 4월 23일 11시,토요일,인천광역시 중구 신흥동1가,경상사고,0,0,2,0,차대차 - 측면직각충돌,안전거리미확보,건조,맑음,교차로 - 교차로부근,이륜,남,63세,상해없음,승용,남,32세,상해없음
2011042300100296,2011년 4월 23일 12시,토요일,인천광역시 남동구 논현동,중상사고,0,1,1,0,차대차 - 추돌 - 주정차중,안전운전불이행,건조,맑음,교차로 - 교차로부근,승용,여,39세,상해없음,승용,여,46세,중상
2011042300100385,2011년 4월 23일 15시,토요일,인천광역시 옹진군 영흥면,경상사고,0,0,1,0,차대사람 - 횡단중,안전운전불이행,건조,맑음,기타 - 기타,승용,남,38세,상해없음,보행자,남,43세,경상
2011042300100386,2011년 4월 23일 15시,토요일,인천광역시 부평구 십정동,중상사고,0,1,0,0,차대차 - 추돌 - 진행중,안전거리미확보,건조,맑음,단일로 - 기타,화물,남,25세,상해없음,원동기,남,42세,중상
2011042300100475,2011년 4월 23일 17시,토요일,인천광역시 남동구 구월동,중상사고,0,1,0,0,차대차 - 측면직각충돌,신호위반,건조,맑음,교차로 - 교차로안,승용,남,55세,상해없음,이륜,남,56세,중상
2011042300100476,2011년 4월 23일 17시,토요일,인천광역시 부평구 부평동,경상사고,0,0,1,0,차대차 - 측면직각충돌,교차로운행방법위반,건조,맑음,교차로 - 교차로안,화물,남,28세,상해없음,이륜,남,16세,상해없음
2011042300100513,2011년 4월 23일 18시,토요일,인천광역시 남동구 구월동,경상사고,0,0,2,0,차대차 - 기타,중앙선침범,건조,맑음,단일로 - 기타,승용,남,36세,상해없음,승용,남,55세,상해없음
2011042300100514,2011년 4월 23일 18시,토요일,인천광역시 남동구 구월동,경상사고,0,0,1,0,차대차 - 기타,교차로운행방법위반,건조,맑음,교차로 - 교차로안,승합,남,30세,상해없음,이륜,남,16세,경상
2011042300100515,2011년 4월 23일 18시,토요일,인천광역시 남동구 장수동,중상사고,0,1,0,0,차대차 - 측면직각충돌,안전거리미확보,건조,맑음,단일로 - 기타,승용,남,38세,상해없음,승용,여,49세,중상
2011042300100550,2011년 4월 23일 19시,토요일,인천광역시 중구 을왕동,중상사고,0,1,0,0,차대차 - 정면충돌,교차로운행방법위반,건조,맑음,교차로 - 교차로안,승용,남,48세,기타불명,화물,남,48세,중상
2011042300100551,2011년 4월 23일 19시,토요일,인천광역시 남동구 도림동,경상사고,0,0,3,0,차대차 - 추돌 - 주정차중,안전운전불이행,건조,맑음,단일로 - 기타,화물,남,43세,상해없음,승용,여,57세,경상
2011042300100552,2011년 4월 23일 19시,토요일,인천광역시 남동구 구월동,경상사고,0,0,1,0,차대사람 - 기타,안전운전불이행,건조,맑음,단일로 - 기타,승용,남,60세,상해없음,보행자,남,19세,경상
2011042300100553,2011년 4월 23일 19시,토요일,인천광역시 서구 마전동,경상사고,0,0,1,0,차대차 - 추돌 - 진행중,안전운전불이행,건조,맑음,단일로 - 기타,승용,여,35세,상해없음,이륜,남,26세,경상
2011042300100554,2011년 4월 23일 19시,토요일,인천광역시 연수구 연수동,경상사고,0,0,5,0,차대차 - 추돌 - 진행중,안전거리미확보,건조,맑음,단일로 - 기타,승용,남,52세,상해없음,승용,남,27세,경상
2011042300100555,2011년 4월 23일 19시,토요일,인천광역시 연수구 연수동,중상사고,0,1,0,0,차대사람 - 길가장자리구역통행중,안전운전불이행,건조,맑음,단일로 - 기타,이륜,남,17세,상해없음,보행자,여,12세,중상
2011042300100589,2011년 4월 23일 20시,토요일,인천광역시 남구 주안동,경상사고,0,0,1,0,차대차 - 측면직각충돌,안전거리미확보,건조,맑음,단일로 - 기타,화물,남,46세,상해없음,이륜,남,44세,경상
2011042300100590,2011년 4월 23일 20시,토요일,인천광역시 서구 불로동,경상사고,0,0,3,0,차대차 - 기타,안전운전불이행,건조,맑음,단일로 - 기타,승용,여,53세,상해없음,승용,여,34세,경상
2011042300100637,2011년 4월 23일 21시,토요일,인천광역시 남구 주안동,경상사고,0,0,1,0,차대차 - 측면직각충돌,안전운전불이행,건조,맑음,교차로 - 교차로안,승용,남,27세,상해없음,이륜,남,19세,경상
2011042300100638,2011년 4월 23일 21시,토요일,인천광역시 부평구 효성동,중상사고,0,1,2,0,차대차 - 추돌 - 진행중,안전운전불이행,건조,맑음,단일로 - 기타,승용,남,51세,상해없음,승용,남,48세,중상
2011042300100667,2011년 4월 23일 22시,토요일,인천광역시 동구 송현동,중상사고,0,1,0,0,차대차 - 정면충돌,중앙선침범,건조,맑음,교차로 - 교차로안,승용,여,37세,상해없음,이륜,남,36세,중상
2011042400100068,2011년 4월 24일 02시,일요일,인천광역시 부평구 삼산동,경상사고,0,0,1,0,차대차 - 추돌 - 진행중,과속,건조,맑음,단일로 - 기타,승용,남,54세,상해없음,자전거,남,25세,경상
2011042400100082,2011년 4월 24일 03시,일요일,인천광역시 남동구 구월동,경상사고,0,0,1,0,차대차 - 추돌 - 진행중,안전운전불이행,습기,비,단일로 - 기타,승용,남,24세,상해없음,승용,남,63세,경상
2011042400100101,2011년 4월 24일 04시,일요일,인천광역시 서구 심곡동,경상사고,0,0,1,0,차대사람 - 횡단중,신호위반,건조,맑음,단일로 - 횡단보도상,승용,남,40세,상해없음,보행자,남,39세,경상
2011042400100116,2011년 4월 24일 05시,일요일,인천광역시 서구 석남동,중상사고,0,1,0,0,차대차 - 기타,신호위반,건조,맑음,교차로 - 교차로안,승용,남,54세,상해없음,이륜,여,48세,중상
2011042400100117,2011년 4월 24일 05시,일요일,인천광역시 계양구 작전동,경상사고,0,0,2,0,차대차 - 측면직각충돌,안전운전불이행,건조,맑음,단일로 - 기타,승합,남,22세,상해없음,승용,여,41세,경상
2011042400100160,2011년 4월 24일 09시,일요일,인천광역시 남동구 구월동,경상사고,0,0,1,0,차대차 - 측면직각충돌,신호위반,건조,맑음,교차로 - 교차로안,승용,여,34세,상해없음,승용,남,30세,경상
2011042400100161,2011년 4월 24일 09시,일요일,인천광역시 남동구 만수동,중상사고,0,1,0,0,차대차 - 측면직각충돌,불법유턴,건조,맑음,교차로 - 교차로부근,승합,남,38세,상해없음,원동기,남,28세,중상
2011042400100181,2011년 4월 24일 10시,일요일,인천광역시 부평구 삼산동,중상사고,0,1,0,0,차대사람 - 기타,안전운전불이행,건조,맑음,단일로 - 기타,자전거,여,52세,상해없음,보행자,여,69세,중상
2011042400100218,2011년 4월 24일 12시,일요일,인천광역시 남구 숭의동,경상사고,0,0,2,0,차대차 - 측면직각충돌,안전운전불이행,건조,맑음,교차로 - 교차로안,승용,여,38세,경상,승용,남,51세,경상
2011042400100219,2011년 4월 24일 12시,일요일,인천광역시 서구 가좌동,경상사고,0,0,1,0,차대차 - 추돌 - 주정차중,안전운전불이행,건조,맑음,교차로 - 교차로부근,승용,남,18세,상해없음,화물,남,39세,경상
2011042400100220,2011년 4월 24일 12시,일요일,인천광역시 계양구 작전동,중상사고,0,1,0,0,차대차 - 기타,안전거리미확보,건조,맑음,단일로 - 기타,기타불명,기타불명,기타불명,기타불명,승합,남,42세,상해없음
2011042400100240,2011년 4월 24일 13시,일요일,인천광역시 강화군 강화읍,중상사고,0,1,0,0,차량단독 - 기타,안전운전불이행,건조,맑음,교차로 - 교차로부근,승합,남,50세,상해없음,,,,
2011042400100264,2011년 4월 24일 14시,일요일,인천광역시 중구 신포동,중상사고,0,1,0,0,차대사람 - 차도통행중,안전운전불이행,건조,맑음,교차로 - 교차로부근,승용,여,33세,상해없음,보행자,남,58세,중상
2011042400100265,2011년 4월 24일 14시,일요일,인천광역시 남구 학익동,중상사고,0,1,0,0,차대차 - 기타,신호위반,건조,맑음,단일로 - 횡단보도상,승용,기타불명,기타불명,기타불명,자전거,기타불명,기타불명,기타불명
2011042400100299,2011년 4월 24일 15시,일요일,인천광역시 서구 석남동,중상사고,0,1,0,0,차대사람 - 횡단중,안전운전불이행,건조,맑음,교차로 - 교차로부근,승용,남,57세,상해없음,보행자,여,58세,중상
2011042400100300,2011년 4월 24일 15시,일요일,인천광역시 계양구 작전동,경상사고,0,0,1,0,차대차 - 추돌 - 주정차중,안전운전불이행,건조,맑음,교차로 - 교차로부근,승용,남,51세,상해없음,승용,남,31세,상해없음
2011042400100301,2011년 4월 24일 15시,일요일,인천광역시 연수구 연수동,경상사고,0,0,1,0,차대차 - 추돌 - 진행중,안전운전불이행,건조,맑음,단일로 - 기타,화물,남,54세,상해없음,승용,여,48세,경상
2011042400100330,2011년 4월 24일 16시,일요일,인천광역시 중구 을왕동,중상사고,0,1,2,0,차대차 - 추돌 - 주정차중,안전운전불이행,건조,맑음,교차로 - 교차로부근,화물,남,45세,상해없음,화물,남,41세,경상
2011042400100331,2011년 4월 24일 16시,일요일,인천광역시 남동구 만수동,중상사고,0,1,0,0,차대차 - 측면직각충돌,중앙선침범,건조,맑음,단일로 - 기타,승용,남,41세,상해없음,승용,남,23세,중상
2011042400100332,2011년 4월 24일 16시,일요일,인천광역시 남동구 간석동,경상사고,0,0,1,0,차대차 - 측면직각충돌,안전거리미확보,건조,맑음,단일로 - 기타,승용,여,55세,상해없음,승용,남,56세,경상
2011042400100333,2011년 4월 24일 16시,일요일,인천광역시 부평구 부개동,경상사고,0,0,2,0,차대차 - 기타,안전운전불이행,건조,맑음,교차로 - 교차로부근,화물,여,32세,기타불명,승용,남,34세,경상
2011042400100374,2011년 4월 24일 17시,일요일,인천광역시 부평구 부평동,중상사고,0,1,3,0,차대차 - 정면충돌,중앙선침범,건조,맑음,교차로 - 교차로안,승용,남,57세,상해없음,이륜,남,17세,경상
2011042400100375,2011년 4월 24일 17시,일요일,인천광역시 부평구 십정동,경상사고,0,0,1,0,차대사람 - 기타,안전운전불이행,건조,맑음,단일로 - 기타,승용,남,44세,상해없음,보행자,여,41세,경상
2011042400100376,2011년 4월 24일 17시,일요일,인천광역시 남동구 논현동,경상사고,0,0,1,0,차대사람 - 차도통행중,안전운전불이행,건조,맑음,단일로 - 기타,승용,남,28세,상해없음,보행자,여,32세,경상
2011042400100437,2011년 4월 24일 19시,일요일,인천광역시 남동구 간석동,경상사고,0,0,2,0,차대차 - 측면직각충돌,안전운전불이행,건조,맑음,단일로 - 기타,기타불명,기타불명,기타불명,기타불명,승용,남,33세,경상
2011042400100438,2011년 4월 24일 19시,일요일,인천광역시 부평구 삼산동,경상사고,0,0,1,0,차대차 - 측면직각충돌,안전거리미확보,건조,맑음,교차로 - 교차로부근,승용,여,49세,상해없음,승용,남,42세,경상
2011042400100474,2011년 4월 24일 20시,일요일,인천광역시 서구 석남동,중상사고,0,1,0,0,차대사람 - 횡단중,안전운전불이행,건조,맑음,기타 - 기타,승용,남,46세,상해없음,보행자,남,60세,중상
2011042400100475,2011년 4월 24일 20시,일요일,인천광역시 강화군 길상면,중상사고,0,1,0,0,차대사람 - 기타,안전운전불이행,건조,맑음,단일로 - 기타,승용,남,61세,상해없음,보행자,남,43세,중상
2011042400100494,2011년 4월 24일 21시,일요일,인천광역시 남동구 만수동,사망사고,1,0,0,0,차대사람 - 횡단중,안전운전불이행,건조,맑음,단일로 - 횡단보도부근,승합,남,68세,상해없음,보행자,남,51세,사망
2011042400100495,2011년 4월 24일 21시,일요일,인천광역시 남동구 구월동,중상사고,0,3,3,0,차대차 - 추돌 - 주정차중,안전운전불이행,건조,맑음,단일로 - 기타,승용,남,25세,상해없음,승용,남,49세,경상
2011042500100035,2011년 4월 25일 03시,월요일,인천광역시 부평구 십정동,중상사고,0,1,0,0,차대사람 - 길가장자리구역통행중,안전운전불이행,건조,맑음,교차로 - 교차로부근,승용,남,53세,상해없음,보행자,남,23세,중상
2011042500100041,2011년 4월 25일 04시,월요일,인천광역시 부평구 산곡동,중상사고,0,1,0,0,차대차 - 추돌 - 진행중,안전운전불이행,건조,맑음,교차로 - 교차로부근,승용,남,34세,상해없음,화물,남,52세,중상
2011042500100048,2011년 4월 25일 05시,월요일,인천광역시 중구 북성동1가,중상사고,0,1,0,0,차량단독 - 공작물충돌,안전운전불이행,건조,맑음,단일로 - 교량,승용,남,25세,상해없음,,,,
2011042500100065,2011년 4월 25일 06시,월요일,인천광역시 남동구 논현동,경상사고,0,0,1,0,차대차 - 정면충돌,중앙선침범,건조,맑음,교차로 - 교차로부근,승용,여,36세,상해없음,승용,남,47세,경상