사고번호,사고일시,요일,시군구,사고내용,사망자수,중상자수,경상자수,부상신고자수,사고유형,법규위반,노면상태,기상상태,도로형태,가해운전자 차종,가해운전자 성별,가해운전자 연령,가해운전자 상해정도,피해운전자 차종,피해운전자 성별,피해운전자 연령,피해운전자 상해정도
2011042800100652,2011년 4월 28일 23시,목요일,인천광역시 중구 인현동,경상사고,0,0,1,0,차대차 - 측면직각충돌,중앙선침범,건조,맑음,단일로 - 기타,승용,남,24세,상해없음,승용,남,33세,경상
2011042900100022,2011년 4월 29일 00시,금요일,인천광역시 남동구 간석동,중상사고,0,1,0,0,차대차 - 측면직각충돌,안전거리미확보,건조,맑음,단일로 - 기타,승용,남,46세,상해없음,이륜,남,22세,중상
2011042900100041,2011년 4월 29일 01시,금요일,인천광역시 남구 도화동,경상사고,0,0,1,0,차대차 - 정면충돌,안전운전불이행,건조,맑음,교차로 - 교차로안,승용,남,27세,상해없음,승용,남,66세,경상
2011042900100042,2011년 4월 29일 01시,금요일,인천광역시 남구 숭의동,중상사고,0,1,0,0,차대차 - 측면직각충돌,신호위반,건조,맑음,교차로 - 교차로안,승용,남,44세,상해없음,승용,여,25세,중상
2011042900100103,2011년 4월 29일 06시,금요일,인천광역시 동구 송림동,중상사고,0,1,0,0,차대차 - 측면직각충돌,안전운전불이행,건조,맑음,단일로 - 기타,화물,남,47세,상해없음,원동기,남,64세,중상
2011042900100125,2011년 4월 29일 07시,금요일,인천광역시 남동구 논현동,경상사고,0,0,1,0,차대차 - 추돌 - 주정차중,안전운전불이행,건조,맑음,교차로 - 교차로부근,승용,남,50세,상해없음,승용,남,46세,경상
2011042900100126,2011년 4월 29일 07시,금요일,인천광역시 서구 가정동,중상사고,0,2,1,0,차대차 - 추돌 - 진행중,안전운전불이행,습기,비,단일로 - 기타,화물,남,43세,상해없음,승용,남,29세,중상
2011042900100167,2011년 4월 29일 08시,금요일,인천광역시 부평구 십정동,경상사고,0,0,1,0,차대차 - 측면직각충돌,안전운전불이행,건조,맑음,교차로 - 교차로부근,화물,남,62세,상해없음,승용,여,26세,경상
2011042900100168,2011년 4월 29일 08시,금요일,인천광역시 남동구 남촌동,중상사고,0,1,0,0,차대차 - 측면직각충돌,안전운전불이행,건조,맑음,교차로 - 교차로안,승용,남,70세,상해없음,원동기,남,29세,중상
2011042900100169,2011년 4월 29일 08시,금요일,인천광역시 부평구 부개동,중상사고,0,1,2,0,차대차 - 추돌 - 주정차중,안전운전불이행,건조,맑음,교차로 - 교차로부근,화물,남,53세,상해없음,승용,남,29세,중상
2011042900100241,2011년 4월 29일 11시,금요일,인천광역시 남동구 구월동,중상사고,0,1,0,0,차대사람 - 기타,안전운전불이행,건조,맑음,교차로 - 교차로안,화물,여,42세,상해없음,보행자,남,55세,중상
2011042900100289,2011년 4월 29일 13시,금요일,인천광역시 부평구 부개동,경상사고,0,0,1,0,차대차 - 정면충돌,안전운전불이행,건조,맑음,단일로 - 기타,승용,여,47세,상해없음,자전거,남,8세,경상
2011042900100365,2011년 4월 29일 15시,금요일,인천광역시 남동구 장수동,경상사고,0,0,2,0,차대차 - 추돌 - 진행중,안전거리미확보,건조,맑음,단일로 - 기타,화물,남,50세,상해없음,화물,남,29세,경상
2011042900100392,2011년 4월 29일 16시,금요일,인천광역시 부평구 청천동,중상사고,0,2,0,0,차대차 - 추돌 - 진행중,안전운전불이행,건조,맑음,교차로 - 교차로부근,화물,남,20세,상해없음,승용,여,42세,중상
2011042900100431,2011년 4월 29일 17시,금요일,인천광역시 중구 운남동,중상사고,0,2,1,0,차대차 - 측면직각충돌,신호위반,건조,맑음,교차로 - 교차로안,승합,남,45세,기타불명,승용,여,35세,경상
2011042900100470,2011년 4월 29일 18시,금요일,인천광역시 중구 항동7가,경상사고,0,0,3,0,차대차 - 측면직각충돌,신호위반,건조,맑음,교차로 - 교차로안,승용,남,49세,상해없음,승용,여,41세,경상
2011042900100471,2011년 4월 29일 18시,금요일,인천광역시 부평구 부평동,중상사고,0,1,0,0,차대사람 - 길가장자리구역통행중,안전운전불이행,습기,흐림,단일로 - 기타,승용,남,33세,상해없음,보행자,남,33세,중상
2011042900100545,2011년 4월 29일 20시,금요일,인천광역시 남구 관교동,경상사고,0,0,1,0,차대차 - 기타,교차로운행방법위반,건조,맑음,교차로 - 교차로안,승용,남,50세,상해없음,원동기,남,19세,경상
2011042900100546,2011년 4월 29일 20시,금요일,인천광역시 남동구 고잔동,경상사고,0,0,2,0,차대차 - 추돌 - 주정차중,안전운전불이행,건조,맑음,단일로 - 기타,승용,남,44세,상해없음,승용,남,59세,경상
2011042900100547,2011년 4월 29일 20시,금요일,인천광역시 연수구 청학동,중상사고,0,1,0,0,차대사람 - 차도통행중,안전운전불이행,건조,맑음,단일로 - 기타,승용,여,51세,상해없음,보행자,남,55세,중상
2011042900100594,2011년 4월 29일 21시,금요일,인천광역시 남구 주안동,경상사고,0,0,1,0,차대사람 - 기타,안전운전불이행,습기,비,단일로 - 기타,승합,기타불명,기타불명,기타불명,보행자,남,31세,경상
2011042900100595,2011년 4월 29일 21시,금요일,인천광역시 강화군 송해면,중상사고,0,1,0,0,차대사람 - 횡단중,안전운전불이행,습기,흐림,기타 - 기타,이륜,남,17세,상해없음,보행자,남,67세,중상
2011042900100648,2011년 4월 29일 22시,금요일,인천광역시 남동구 운연동,경상사고,0,0,2,0,차대차 - 추돌 - 주정차중,안전운전불이행,습기,비,단일로 - 기타,화물,남,25세,상해없음,승용,남,48세,경상
2011042900100649,2011년 4월 29일 22시,금요일,인천광역시 남동구 고잔동,중상사고,0,1,1,0,차대차 - 추돌 - 주정차중,안전운전불이행,습기,비,단일로 - 기타,화물,남,38세,상해없음,승용,남,64세,중상
2011042900100650,2011년 4월 29일 22시,금요일,인천광역시 연수구 동춘동,경상사고,0,0,1,0,차대차 - 기타,안전운전불이행,습기,비,단일로 - 기타,승용,남,42세,상해없음,승용,남,33세,경상
2011042900100651,2011년 4월 29일 22시,금요일,인천광역시 연수구 청학동,경상사고,0,0,1,1,차대차 - 측면직각충돌,신호위반,습기,비,교차로 - 교차로부근,승용,남,52세,부상신고,승용,남,31세,경상
2011042900100652,2011년 4월 29일 22시,금요일,인천광역시 부평구 부개동,경상사고,0,0,1,0,차대사람 - 횡단중,신호위반,습기,비,단일로 - 횡단보도상,승용,남,33세,상해없음,보행자,여,16세,경상
2011042900100653,2011년 4월 29일 22시,금요일,인천광역시 계양구 병방동,중상사고,0,1,0,0,차대차 - 기타,안전운전불이행,습기,비,단일로 - 기타,화물,남,43세,상해없음,승용,남,28세,중상
2011042900100707,2011년 4월 29일 23시,금요일,인천광역시 남구 용현동,경상사고,0,0,1,0,차대차 - 정면충돌,기타,습기,비,교차로 - 교차로부근,승용,남,41세,상해없음,승용,남,50세,경상
2011042900100708,2011년 4월 29일 23시,금요일,인천광역시 부평구 산곡동,경상사고,0,0,1,0,차대차 - 추돌 - 진행중,안전운전불이행,습기,맑음,단일로 - 기타,승용,남,21세,기타불명,승용,여,32세,경상
2011042900100709,2011년 4월 29일 23시,금요일,인천광역시 남동구 만수동,경상사고,0,0,2,0,차대차 - 추돌 - 주정차중,안전거리미확보,습기,비,단일로 - 기타,승용,남,47세,상해없음,승용,남,32세,경상
2011042900100710,2011년 4월 29일 23시,금요일,인천광역시 남동구 도림동,중상사고,0,1,0,0,차대차 - 기타,안전운전불이행,습기,비,교차로 - 교차로부근,승용,남,65세,상해없음,이륜,남,46세,중상
2011042900100711,2011년 4월 29일 23시,금요일,인천광역시 서구 가좌동,경상사고,0,0,1,0,차대사람 - 보도통행중,안전운전불이행,습기,비,교차로 - 교차로부근,승용,남,27세,상해없음,보행자,남,30세,경상
2011042900100712,2011년 4월 29일 23시,금요일,인천광역시 연수구 동춘동,중상사고,0,1,0,0,차대차 - 추돌 - 주정차중,안전운전불이행,습기,비,교차로 - 교차로부근,승용,남,23세,상해없음,승용,여,40세,중상
2011043000100051,2011년 4월 30일 00시,토요일,인천광역시 남동구 만수동,중상사고,0,2,0,0,차대차 - 추돌 - 진행중,안전운전불이행,습기,비,단일로 - 기타,승용,남,38세,상해없음,승용,여,55세,중상
2011043000100098,2011년 4월 30일 01시,토요일,인천광역시 연수구 동춘동,경상사고,0,0,2,0,차대차 - 추돌 - 주정차중,안전운전불이행,습기,비,교차로 - 교차로부근,승용,여,40세,상해없음,승합,남,38세,경상
2011043000100128,2011년 4월 30일 02시,토요일,인천광역시 남구 주안동,중상사고,0,1,0,0,차대차 - 기타,안전운전불이행,습기,비,교차로 - 교차로부근,승용,남,28세,상해없음,승용,남,44세,중상
2011043000100129,2011년 4월 30일 02시,토요일,인천광역시 부평구 부평동,경상사고,0,0,2,0,차대차 - 추돌 - 주정차중,안전거리미확보,습기,비,단일로 - 기타,승용,남,50세,상해없음,승용,남,54세,경상
2011043000100130,2011년 4월 30일 02시,토요일,인천광역시 남동구 간석동,경상사고,0,0,1,0,차량단독 - 공작물충돌,안전운전불이행,습기,비,교차로 - 교차로안,승용,남,54세,상해없음,,,,
2011043000100131,2011년 4월 30일 02시,토요일,인천광역시 남동구 구월동,경상사고,0,0,1,0,차대차 - 측면직각충돌,안전거리미확보,건조,맑음,교차로 - 교차로부근,승용,남,53세,상해없음,승용,여,21세,경상
2011043000100132,2011년 4월 30일 02시,토요일,인천광역시 서구 석남동,경상사고,0,0,1,0,차대차 - 추돌 - 주정차중,안전운전불이행,습기,비,교차로 - 교차로부근,승용,남,42세,상해없음,승용,남,54세,경상
2011043000100133,2011년 4월 30일 02시,토요일,인천광역시 서구 가정동,사망사고,1,0,0,0,차대사람 - 기타,보행자보호의무위반,습기,비,단일로 - 횡단보도상,승용,남,23세,상해없음,보행자,여,53세,사망
2011043000100158,2011년 4월 30일 03시,토요일,인천광역시 부평구 부평동,경상사고,0,0,1,0,차대차 - 측면직각충돌,신호위반,습기,비,교차로 - 교차로안,승용,남,31세,상해없음,승용,남,51세,경상
2011043000100159,2011년 4월 30일 03시,토요일,인천광역시 남동구 구월동,중상사고,0,1,1,0,차대차 - 측면직각충돌,신호위반,습기,비,교차로 - 교차로안,승용,남,46세,상해없음,승용,남,54세,경상
2011043000100160,2011년 4월 30일 03시,토요일,인천광역시 남동구 간석동,경상사고,0,0,2,0,차대차 - 추돌 - 진행중,안전운전불이행,건조,맑음,단일로 - 기타,승용,남,42세,상해없음,승용,남,63세,경상
2011043000100197,2011년 4월 30일 04시,토요일,인천광역시 남동구 구월동,중상사고,0,1,0,1,차량단독 - 공작물충돌,안전운전불이행,건조,맑음,단일로 - 기타,승용,남,27세,부상신고,,,,
2011043000100198,2011년 4월 30일 04시,토요일,인천광역시 계양구 작전동,중상사고,0,2,1,0,차대차 - 측면직각충돌,신호위반,건조,맑음,교차로 - 교차로안,승용,남,40세,중상,승용,남,24세,중상
2011043000100223,2011년 4월 30일 05시,토요일,인천광역시 부평구 부평동,중상사고,0,1,0,0,차대사람 - 횡단중,안전운전불이행,습기,비,교차로 - 교차로안,승합,남,42세,상해없음,보행자,남,41세,중상
2011043000100248,2011년 4월 30일 06시,토요일,인천광역시 부평구 청천동,경상사고,0,0,1,0,차대차 - 정면충돌,신호위반,습기,비,교차로 - 교차로안,승용,남,45세,상해없음,승용,남,42세,경상
2011043000100294,2011년 4월 30일 08시,토요일,인천광역시 서구 가좌동,경상사고,0,0,2,0,차대차 - 기타,안전운전불이행,습기,비,단일로 - 기타,승용,남,33세,상해없음,승용,남,68세,경상
2011043000100315,2011년 4월 30일 09시,토요일,인천광역시 연수구 옥련동,경상사고,0,0,1,0,차대차 - 추돌 - 진행중,교차로운행방법위반,습기,비,교차로 - 교차로부근,승용,여,49세,상해없음,승합,남,51세,경상
2011043000100334,2011년 4월 30일 10시,토요일,인천광역시 강화군 강화읍,중상사고,0,2,0,0,차량단독 - 공작물충돌,안전운전불이행,습기,비,단일로 - 기타,승용,남,73세,중상,,,,
2011043000100383,2011년 4월 30일 12시,토요일,인천광역시 남구 주안동,경상사고,0,0,1,1,차대차 - 기타,안전운전불이행,건조,맑음,단일로 - 기타,승용,남,53세,부상신고,승용,남,25세,경상
2011043000100427,2011년 4월 30일 13시,토요일,인천광역시 동구 송현동,중상사고,0,4,2,0,차대차 - 측면직각충돌,안전거리미확보,건조,맑음,교차로 - 교차로부근,승용,남,23세,상해없음,승용,남,45세,경상
2011043000100428,2011년 4월 30일 13시,토요일,인천광역시 남동구 만수동,중상사고,0,1,0,0,차대차 - 측면직각충돌,교차로운행방법위반,습기,비,교차로 - 교차로안,승용,남,36세,상해없음,이륜,남,16세,중상
2011043000100456,2011년 4월 30일 14시,토요일,인천광역시 남구 주안동,경상사고,0,0,1,0,차대차 - 추돌 - 진행중,안전운전불이행,건조,맑음,단일로 - 기타,승용,남,27세,상해없음,화물,남,33세,경상
2011043000100457,2011년 4월 30일 14시,토요일,인천광역시 계양구 작전동,경상사고,0,0,1,0,차대차 - 추돌 - 진행중,안전운전불이행,습기,비,단일로 - 기타,승용,남,46세,상해없음,자전거,남,68세,경상
2011043000100485,2011년 4월 30일 15시,토요일,인천광역시 남동구 도림동,중상사고,0,1,3,0,차대차 - 추돌 - 주정차중,안전거리미확보,습기,비,교차로 - 교차로부근,화물,남,37세,중상,승용,여,35세,상해없음
2011043000100546,2011년 4월 30일 17시,토요일,인천광역시 남구 주안동,경상사고,0,0,1,0,차대차 - 기타,안전운전불이행,건조,맑음,교차로 - 교차로부근,승용,남,45세,상해없음,승용,남,27세,상해없음
2011043000100547,2011년 4월 30일 17시,토요일,인천광역시 남구 도화동,경상사고,0,0,1,0,차대차 - 추돌 - 주정차중,안전거리미확보,건조,맑음,단일로 - 기타,승용,남,58세,상해없음,승용,남,22세,경상
2011043000100548,2011년 4월 30일 17시,토요일,인천광역시 남동구 만수동,경상사고,0,0,2,0,차대차 - 측면직각충돌,안전거리미확보,습기,비,단일로 - 기타,승용,남,50세,상해없음,승용,여,36세,경상
2011043000100549,2011년 4월 30일 17시,토요일,인천광역시 부평구 삼산동,경상사고,0,0,1,0,차대차 - 측면직각충돌,신호위반,습기,비,교차로 - 교차로안,승용,남,48세,상해없음,승용,여,53세,경상
2011043000100583,2011년 4월 30일 18시,토요일,인천광역시 부평구 십정동,경상사고,0,0,1,0,차대차 - 측면직각충돌,안전운전불이행,습기,비,단일로 - 기타,승용,남,48세,상해없음,이륜,남,17세,경상
2011043000100584,2011년 4월 30일 18시,토요일,인천광역시 부평구 부평동,경상사고,0,0,1,0,차대차 - 추돌 - 주정차중,안전운전불이행,습기,비,단일로 - 기타,승용,남,46세,상해없음,승용,여,29세,경상
2011043000100585,2011년 4월 30일 18시,토요일,인천광역시 서구 연희동,경상사고,0,0,2,0,차대차 - 측면직각충돌,안전운전불이행,습기,비,교차로 - 교차로부근,승용,남,46세,기타불명,이륜,남,16세,경상
2011043000100638,2011년 4월 30일 19시,토요일,인천광역시 부평구 청천동,중상사고,0,2,0,0,차대차 - 추돌 - 주정차중,안전운전불이행,습기,비,단일로 - 기타,승용,남,28세,상해없음,승용,남,40세,중상
2011043000100639,2011년 4월 30일 19시,토요일,인천광역시 남동구 만수동,경상사고,0,0,1,0,차대사람 - 차도통행중,안전운전불이행,습기,비,교차로 - 교차로부근,승용,기타불명,기타불명,기타불명,보행자,남,14세,경상
2011043000100641,2011년 4월 30일 19시,토요일,인천광역시 남동구 구월동,경상사고,0,0,1,0,차대차 - 측면직각충돌,안전운전불이행,건조,맑음,단일로 - 기타,승용,남,51세,상해없음,이륜,남,18세,경상
2011043000100642,2011년 4월 30일 19시,토요일,인천광역시 서구 공촌동,경상사고,0,0,3,0,차대차 - 추돌 - 진행중,안전거리미확보,습기,비,단일로 - 횡단보도부근,승용,남,51세,상해없음,승용,남,55세,경상
2011043000100643,2011년 4월 30일 19시,토요일,인천광역시 계양구 계산동,중상사고,0,1,0,0,차대사람 - 횡단중,안전운전불이행,습기,비,단일로 - 기타,승용,남,47세,상해없음,보행자,남,45세,중상
2011043000100644,2011년 4월 30일 19시,토요일,인천광역시 계양구 계산동,경상사고,0,0,1,0,차대차 - 추돌 - 주정차중,안전운전불이행,습기,비,교차로 - 교차로부근,승용,기타불명,기타불명,기타불명,승용,여,38세,경상
2011043000100709,2011년 4월 30일 20시,토요일,인천광역시 남동구 간석동,경상사고,0,0,1,0,차대차 - 추돌 - 주정차중,안전운전불이행,건조,맑음,단일로 - 기타,승용,여,35세,기타불명,승용,여,37세,경상
2011043000100710,2011년 4월 30일 20시,토요일,인천광역시 계양구 작전동,중상사고,0,2,0,0,차대차 - 추돌 - 진행중,신호위반,습기,비,교차로 - 교차로안,화물,남,38세,상해없음,승용,남,53세,중상
2011043000100759,2011년 4월 30일 21시,토요일,인천광역시 남구 용현동,경상사고,0,0,3,0,차대차 - 추돌 - 주정차중,안전운전불이행,습기,비,단일로 - 횡단보도부근,승용,남,47세,상해없음,승용,남,23세,경상
2011043000100820,2011년 4월 30일 22시,토요일,인천광역시 계양구 계산동,중상사고,0,2,0,0,차대차 - 기타,안전운전불이행,습기,비,단일로 - 기타,승합,남,28세,상해없음,승용,남,40세,중상
2011043000100821,2011년 4월 30일 22시,토요일,인천광역시 계양구 작전동,경상사고,0,0,1,0,차대차 - 측면직각충돌,안전운전불이행,건조,맑음,단일로 - 기타,원동기,남,17세,경상,승용,남,54세,상해없음
2011043000100822,2011년 4월 30일 22시,토요일,인천광역시 계양구 서운동,중상사고,0,1,2,0,차대차 - 추돌 - 진행중,안전운전불이행,습기,흐림,단일로 - 기타,승용,남,32세,중상,승용,여,49세,경상
2011043000100869,2011년 4월 30일 23시,토요일,인천광역시 남구 용현동,경상사고,0,0,1,0,차대차 - 추돌 - 진행중,안전운전불이행,건조,맑음,교차로 - 교차로부근,승용,남,30세,상해없음,승용,남,53세,경상
2011043000100870,2011년 4월 30일 23시,토요일,인천광역시 연수구 선학동,중상사고,0,1,2,0,차대차 - 정면충돌,중앙선침범,건조,맑음,교차로 - 교차로안,승용,남,37세,상해없음,승합,남,46세,경상
2011050100100070,2011년 5월 1일 01시,일요일,인천광역시 연수구 연수동,중상사고,0,2,0,0,차대차 - 기타,신호위반,건조,맑음,교차로 - 교차로안,승용,여,43세,상해없음,승용,남,43세,중상
2011050100100096,2011년 5월 1일 02시,일요일,인천광역시 남구 주안동,경상사고,0,0,1,0,차대차 - 추돌 - 주정차중,안전운전불이행,건조,맑음,단일로 - 기타,기타불명,기타불명,기타불명,기타불명,승용,남,47세,경상
2011050100100113,2011년 5월 1일 03시,일요일,인천광역시 남구 용현동,중상사고,0,1,1,0,차대차 - 추돌 - 진행중,안전운전불이행,습기,안개,교차로 - 교차로부근,승용,남,22세,상해없음,승용,남,48세,경상
2011050100100135,2011년 5월 1일 05시,일요일,인천광역시 남구 용현동,경상사고,0,0,2,0,차대차 - 측면직각충돌,중앙선침범,습기,안개,교차로 - 교차로부근,승용,남,38세,상해없음,화물,남,20세,경상
2011050100100148,2011년 5월 1일 06시,일요일,인천광역시 계양구 용종동,중상사고,0,1,0,0,차대차 - 추돌 - 주정차중,안전운전불이행,건조,맑음,단일로 - 기타,승용,남,30세,상해없음,승용,남,57세,중상
2011050100100149,2011년 5월 1일 06시,일요일,인천광역시 연수구 동춘동,경상사고,0,0,1,0,차대사람 - 횡단중,안전운전불이행,건조,맑음,단일로 - 기타,기타불명,기타불명,기타불명,기타불명,보행자,여,18세,경상
2011050100100244,2011년 5월 1일 11시,일요일,인천광역시 남구 용현동,중상사고,0,1,0,0,차대사람 - 차도통행중,안전운전불이행,건조,맑음,단일로 - 기타,승용,남,25세,상해없음,보행자,남,7세,중상
2011050100100245,2011년 5월 1일 11시,일요일,인천광역시 서구 가좌동,경상사고,0,0,2,0,차대차 - 기타,안전운전불이행,건조,맑음,단일로 - 기타,승용,남,39세,상해없음,승용,여,41세,경상
2011050100100264,2011년 5월 1일 12시,일요일,인천광역시 연수구 옥련동,중상사고,0,1,0,0,차대사람 - 보도통행중,보행자보호의무위반,건조,맑음,단일로 - 기타,승용,남,32세,상해없음,보행자,여,7세,중상
2011050100100287,2011년 5월 1일 13시,일요일,인천광역시 남구 용현동,중상사고,0,1,0,0,차대차 - 측면직각충돌,교차로운행방법위반,건조,맑음,단일로 - 횡단보도상,승용,남,49세,상해없음,이륜,남,36세,중상
2011050100100288,2011년 5월 1일 13시,일요일,인천광역시 강화군 하점면,경상사고,0,0,3,0,차대차 - 추돌 - 진행중,안전운전불이행,건조,맑음,단일로 - 기타,승용,남,55세,상해없음,승합,남,53세,상해없음
2011050100100289,2011년 5월 1일 13시,일요일,인천광역시 부평구 갈산동,중상사고,0,1,0,0,차대사람 - 횡단중,안전운전불이행,건조,맑음,기타 - 기타,화물,남,51세,상해없음,보행자,여,8세,중상
2011050100100317,2011년 5월 1일 14시,일요일,인천광역시 서구 마전동,중상사고,0,1,0,0,차대차 - 기타,안전운전불이행,건조,맑음,단일로 - 기타,이륜,남,32세,중상,승용,남,49세,상해없음
2011050100100352,2011년 5월 1일 15시,일요일,인천광역시 서구 경서동,경상사고,0,0,1,0,차대사람 - 기타,안전운전불이행,건조,맑음,교차로 - 교차로안,승용,남,31세,상해없음,보행자,여,29세,경상
2011050100100378,2011년 5월 1일 16시,일요일,인천광역시 남동구 논현동,경상사고,0,0,1,0,차대차 - 기타,안전운전불이행,건조,맑음,단일로 - 기타,승용,남,34세,상해없음,승용,남,34세,상해없음
2011050100100379,2011년 5월 1일 16시,일요일,인천광역시 강화군 화도면,경상사고,0,0,4,0,차대차 - 측면직각충돌,중앙선침범,건조,맑음,단일로 - 기타,승용,남,56세,상해없음,승용,여,42세,경상
2011050100100405,2011년 5월 1일 17시,일요일,인천광역시 옹진군 영흥면,중상사고,0,1,0,0,차대사람 - 횡단중,안전운전불이행,건조,맑음,교차로 - 교차로부근,이륜,여,37세,상해없음,보행자,여,67세,중상
2011050100100406,2011년 5월 1일 17시,일요일,인천광역시 남동구 만수동,경상사고,0,0,1,0,차대차 - 추돌 - 주정차중,안전운전불이행,건조,맑음,교차로 - 교차로안,승용,남,38세,상해없음,승용,남,37세,경상
2011050100100407,2011년 5월 1일 17시,일요일,인천광역시 연수구 송도동,경상사고,0,0,5,0,차대차 - 측면직각충돌,안전운전불이행,건조,맑음,단일로 - 기타,승용,남,57세,상해없음,승용,남,40세,경상
2011050100100408,2011년 5월 1일 17시,일요일,인천광역시 남동구 서창동,중상사고,0,2,0,0,차대차 - 추돌 - 주정차중,안전운전불이행,건조,맑음,단일로 - 기타,승용,여,32세,상해없음,승용,남,25세,상해없음
2011050100100439,2011년 5월 1일 18시,일요일,인천광역시 동구 화수동,경상사고,0,0,1,0,차대사람 - 횡단중,안전운전불이행,건조,맑음,교차로 - 교차로부근,승합,남,57세,상해없음,보행자,남,43세,경상
2011050100100440,2011년 5월 1일 18시,일요일,인천광역시 부평구 삼산동,부상신고사고,0,0,0,1,차대차 - 측면직각충돌,안전운전불이행,건조,맑음,교차로 - 교차로안,이륜,남,63세,부상신고,승용,여,65세,상해없음
2011050100100475,2011년 5월 1일 19시,일요일,인천광역시 중구 내동,경상사고,0,0,1,0,차대사람 - 차도통행중,안전운전불이행,건조,맑음,단일로 - 기타,승합,기타불명,기타불명,기타불명,보행자,남,54세,경상
2011050100100476,2011년 5월 1일 19시,일요일,인천광역시 계양구 작전동,경상사고,0,0,1,0,차대차 - 추돌 - 진행중,안전운전불이행,건조,맑음,단일로 - 기타,승용,남,52세,상해없음,승용,여,45세,경상
2011050100100477,2011년 5월 1일 19시,일요일,인천광역시 연수구 청학동,중상사고,0,1,0,0,차대차 - 측면직각충돌,안전거리미확보,건조,맑음,단일로 - 기타,승용,남,50세,상해없음,이륜,남,19세,중상
2011050100100478,2011년 5월 1일 19시,일요일,인천광역시 연수구 연수동,중상사고,0,2,0,0,차대사람 - 기타,안전운전불이행,건조,맑음,기타 - 기타,승용,남,43세,상해없음,보행자,여,51세,중상
2011050100100505,2011년 5월 1일 20시,일요일,인천광역시 동구 송림동,중상사고,0,1,0,0,차대사람 - 횡단중,안전운전불이행,건조,맑음,교차로 - 교차로안,승용,남,27세,상해없음,보행자,여,39세,중상
2011050100100506,2011년 5월 1일 20시,일요일,인천광역시 부평구 삼산동,경상사고,0,0,3,0,차대차 - 추돌 - 주정차중,안전운전불이행,건조,맑음,단일로 - 기타,화물,여,46세,상해없음,승용,남,32세,경상
2011050100100535,2011년 5월 1일 21시,일요일,인천광역시 남동구 논현동,중상사고,0,1,0,0,차대차 - 측면직각충돌,교차로운행방법위반,건조,맑음,교차로 - 교차로안,화물,남,43세,상해없음,이륜,남,16세,중상
2011050100100556,2011년 5월 1일 22시,일요일,인천광역시 부평구 부개동,경상사고,0,0,1,0,차대사람 - 길가장자리구역통행중,안전운전불이행,건조,맑음,단일로 - 기타,승용,기타불명,기타불명,기타불명,보행자,여,16세,경상
2011050100100577,2011년 5월 1일 23시,일요일,인천광역시 남동구 만수동,경상사고,0,0,2,0,차대차 - 측면직각충돌,안전거리미확보,건조,흐림,단일로 - 기타,승용,남,44세,상해없음,승용,남,26세,경상
2011050200100011,2011년 5월 2일 00시,월요일,인천광역시 계양구 계산동,경상사고,0,0,1,0,차대차 - 추돌 - 진행중,안전운전불이행,건조,맑음,단일로 - 기타,승용,남,53세,상해없음,승용,남,44세,경상
2011050200100032,2011년 5월 2일 02시,월요일,인천광역시 계양구 효성동,경상사고,0,0,2,0,차대차 - 측면직각충돌,교차로운행방법위반,건조,맑음,교차로 - 교차로안,승용,남,45세,상해없음,승용,남,55세,경상
2011050200100089,2011년 5월 2일 07시,월요일,인천광역시 남동구 만수동,경상사고,0,0,1,0,차대사람 - 차도통행중,안전운전불이행,건조,맑음,단일로 - 기타,기타불명,기타불명,기타불명,기타불명,보행자,여,37세,경상
2011050200100090,2011년 5월 2일 07시,월요일,인천광역시 연수구 연수동,경상사고,0,0,1,0,차대차 - 측면직각충돌,안전거리미확보,건조,맑음,단일로 - 기타,화물,남,51세,상해없음,승용,남,48세,경상
2011050200100091,2011년 5월 2일 07시,월요일,인천광역시 연수구 선학동,경상사고,0,0,1,0,차대차 - 기타,안전거리미확보,건조,맑음,단일로 - 기타,특수,남,41세,상해없음,승용,남,51세,경상
2011050200100134,2011년 5월 2일 08시,월요일,인천광역시 중구 경동,경상사고,0,0,1,0,차대차 - 기타,안전운전불이행,건조,맑음,교차로 - 교차로안,화물,남,52세,상해없음,승용,여,28세,경상
2011050200100135,2011년 5월 2일 08시,월요일,인천광역시 서구 당하동,중상사고,0,1,0,0,차대차 - 기타,안전운전불이행,건조,기타,교차로 - 교차로안,기타불명,기타불명,기타불명,기타불명,자전거,여,57세,중상
2011050200100166,2011년 5월 2일 09시,월요일,인천광역시 동구 송현동,부상신고사고,0,0,0,1,차대사람 - 길가장자리구역통행중,안전운전불이행,건조,맑음,단일로 - 기타,승용,여,49세,상해없음,보행자,여,59세,부상신고
2011050200100167,2011년 5월 2일 09시,월요일,인천광역시 연수구 송도동,중상사고,0,1,0,0,차대차 - 측면직각충돌,안전운전불이행,건조,맑음,단일로 - 기타,승용,남,31세,상해없음,건설기계,남,41세,중상
2011050200100218,2011년 5월 2일 11시,월요일,인천광역시 남동구 고잔동,중상사고,0,1,0,0,차대차 - 측면직각충돌,안전운전불이행,건조,맑음,교차로 - 교차로부근,이륜,남,56세,중상,화물,남,33세,상해없음
2011050200100251,2011년 5월 2일 12시,월요일,인천광역시 서구 연희동,경상사고,0,0,1,1,차대차 - 측면직각충돌,안전운전불이행,건조,맑음,교차로 - 교차로안,승용,남,27세,부상신고,승합,남,38세,경상