사고번호,사고일시,요일,시군구,사고내용,사망자수,중상자수,경상자수,부상신고자수,사고유형,법규위반,노면상태,기상상태,도로형태,가해운전자 차종,가해운전자 성별,가해운전자 연령,가해운전자 상해정도,피해운전자 차종,피해운전자 성별,피해운전자 연령,피해운전자 상해정도
2011050600100388,2011년 5월 6일 17시,금요일,인천광역시 부평구 삼산동,중상사고,0,1,0,0,차대차 - 측면직각충돌,차로위반,건조,맑음,교차로 - 교차로부근,이륜,남,17세,중상,승용,남,24세,상해없음
2011050600100424,2011년 5월 6일 18시,금요일,인천광역시 계양구 효성동,경상사고,0,0,1,0,차대사람 - 기타,보행자보호의무위반,건조,맑음,단일로 - 횡단보도상,승용,여,42세,상해없음,보행자,여,64세,경상
2011050600100425,2011년 5월 6일 18시,금요일,인천광역시 부평구 구산동,경상사고,0,0,1,0,차대차 - 측면직각충돌,안전운전불이행,습기,비,교차로 - 교차로안,승용,남,37세,상해없음,승용,남,49세,경상
2011050600100478,2011년 5월 6일 19시,금요일,인천광역시 서구 심곡동,중상사고,0,1,0,0,차대사람 - 기타,기타,습기,비,교차로 - 교차로안,이륜,남,18세,상해없음,보행자,여,55세,중상
2011050600100479,2011년 5월 6일 19시,금요일,인천광역시 계양구 작전동,중상사고,0,1,0,0,차대사람 - 횡단중,안전운전불이행,습기,비,단일로 - 횡단보도상,승용,여,28세,상해없음,보행자,여,6세,중상
2011050600100480,2011년 5월 6일 19시,금요일,인천광역시 계양구 효성동,경상사고,0,0,2,0,차대차 - 측면직각충돌,안전운전불이행,건조,맑음,교차로 - 교차로부근,승용,남,56세,상해없음,승용,남,42세,경상
2011050600100521,2011년 5월 6일 20시,금요일,인천광역시 부평구 십정동,경상사고,0,0,1,0,차대차 - 측면직각충돌,안전운전불이행,기타,맑음,교차로 - 교차로부근,승용,남,31세,기타불명,승용,남,50세,경상
2011050600100522,2011년 5월 6일 20시,금요일,인천광역시 부평구 삼산동,경상사고,0,0,1,0,차대사람 - 길가장자리구역통행중,신호위반,건조,맑음,단일로 - 횡단보도상,승합,기타불명,기타불명,기타불명,보행자,남,56세,경상
2011050600100592,2011년 5월 6일 22시,금요일,인천광역시 중구 인현동,경상사고,0,0,1,0,차대차 - 기타,안전운전불이행,건조,맑음,단일로 - 기타,승용,기타불명,기타불명,기타불명,원동기,남,20세,경상
2011050600100593,2011년 5월 6일 22시,금요일,인천광역시 남구 주안동,경상사고,0,0,1,0,차대차 - 기타,안전운전불이행,건조,맑음,단일로 - 기타,승용,여,55세,상해없음,승용,남,44세,경상
2011050600100594,2011년 5월 6일 22시,금요일,인천광역시 계양구 방축동,경상사고,0,0,1,0,차대차 - 측면직각충돌,차로위반,건조,맑음,단일로 - 기타,승합,남,48세,상해없음,승용,남,47세,경상
2011050600100595,2011년 5월 6일 22시,금요일,인천광역시 강화군 불은면,경상사고,0,0,1,0,차대차 - 기타,안전운전불이행,습기,비,단일로 - 기타,승용,남,51세,상해없음,승용,남,25세,경상
2011050600100638,2011년 5월 6일 23시,금요일,인천광역시 중구 신포동,중상사고,0,1,1,0,차대차 - 측면직각충돌,신호위반,건조,맑음,교차로 - 교차로안,승합,남,60세,상해없음,승용,남,43세,중상
2011050600100639,2011년 5월 6일 23시,금요일,인천광역시 남구 문학동,경상사고,0,0,1,0,차대차 - 기타,안전운전불이행,건조,맑음,단일로 - 기타,승용,남,28세,상해없음,승용,남,37세,경상
2011050600100640,2011년 5월 6일 23시,금요일,인천광역시 서구 가정동,중상사고,0,1,2,0,차대차 - 추돌 - 주정차중,안전운전불이행,건조,맑음,교차로 - 교차로부근,승용,남,39세,상해없음,승용,남,47세,중상
2011050600100641,2011년 5월 6일 23시,금요일,인천광역시 계양구 효성동,경상사고,0,0,1,0,차대차 - 기타,중앙선침범,건조,맑음,단일로 - 기타,이륜,남,17세,상해없음,이륜,남,18세,경상
2011050700100051,2011년 5월 7일 01시,토요일,인천광역시 남동구 논현동,중상사고,0,4,0,0,차대차 - 측면직각충돌,안전운전불이행,건조,맑음,교차로 - 교차로안,승용,남,37세,상해없음,승용,남,48세,중상
2011050700100052,2011년 5월 7일 01시,토요일,인천광역시 부평구,중상사고,0,1,0,0,차대사람 - 횡단중,보행자보호의무위반,습기,맑음,단일로 - 횡단보도상,이륜,남,29세,상해없음,보행자,남,59세,중상
2011050700100053,2011년 5월 7일 01시,토요일,인천광역시 부평구 구산동,경상사고,0,0,2,0,차대차 - 추돌 - 주정차중,안전운전불이행,습기,비,교차로 - 교차로부근,승용,남,25세,상해없음,승용,여,27세,경상
2011050700100096,2011년 5월 7일 03시,토요일,인천광역시 남구 주안동,경상사고,0,0,4,0,차대차 - 기타,안전운전불이행,기타,비,기타 - 기타,승용,남,34세,상해없음,승용,남,27세,경상
2011050700100097,2011년 5월 7일 03시,토요일,인천광역시 계양구 계산동,경상사고,0,0,2,0,차대차 - 추돌 - 진행중,안전운전불이행,건조,맑음,단일로 - 기타,승용,남,55세,상해없음,승용,남,63세,경상
2011050700100098,2011년 5월 7일 03시,토요일,인천광역시 부평구 갈산동,경상사고,0,0,1,0,차대차 - 측면직각충돌,안전운전불이행,건조,맑음,기타 - 기타,승용,남,31세,상해없음,승용,남,28세,기타불명
2011050700100169,2011년 5월 7일 06시,토요일,인천광역시 서구 백석동,부상신고사고,0,0,0,7,차대차 - 측면직각충돌,안전운전불이행,건조,맑음,교차로 - 교차로부근,승용,남,52세,상해없음,승합,남,35세,부상신고
2011050700100212,2011년 5월 7일 08시,토요일,인천광역시 남구 주안동,경상사고,0,0,1,0,차대차 - 측면직각충돌,교차로운행방법위반,건조,맑음,교차로 - 교차로부근,승용,남,61세,상해없음,이륜,남,31세,경상
2011050700100213,2011년 5월 7일 08시,토요일,인천광역시 부평구 부평동,중상사고,0,1,0,0,차대차 - 추돌 - 진행중,안전거리미확보,건조,맑음,단일로 - 기타,승용,남,56세,상해없음,자전거,남,55세,중상
2011050700100239,2011년 5월 7일 09시,토요일,인천광역시 부평구 일신동,중상사고,0,1,1,0,차대차 - 측면직각충돌,안전운전불이행,건조,맑음,단일로 - 기타,승용,여,54세,상해없음,화물,남,50세,경상
2011050700100255,2011년 5월 7일 10시,토요일,인천광역시 계양구 서운동,중상사고,0,1,0,0,차대차 - 측면직각충돌,교차로운행방법위반,습기,맑음,교차로 - 교차로안,화물,남,40세,상해없음,승용,남,47세,중상
2011050700100283,2011년 5월 7일 11시,토요일,인천광역시 계양구 효성동,중상사고,0,1,2,0,차대사람 - 기타,안전운전불이행,건조,맑음,기타 - 기타,승용,남,70세,상해없음,보행자,남,28세,경상
2011050700100326,2011년 5월 7일 12시,토요일,인천광역시 남구 용현동,중상사고,0,1,0,0,차대차 - 측면직각충돌,안전거리미확보,건조,맑음,단일로 - 기타,화물,남,26세,상해없음,원동기,남,17세,중상
2011050700100327,2011년 5월 7일 12시,토요일,인천광역시 서구 가정동,중상사고,0,1,5,0,차대차 - 측면직각충돌,안전거리미확보,건조,맑음,단일로 - 기타,승용,남,51세,상해없음,승용,남,54세,경상
2011050700100328,2011년 5월 7일 12시,토요일,인천광역시 부평구 부평동,경상사고,0,0,1,0,차대사람 - 차도통행중,안전운전불이행,건조,맑음,단일로 - 기타,이륜,기타불명,기타불명,기타불명,보행자,여,54세,경상
2011050700100368,2011년 5월 7일 13시,토요일,인천광역시 부평구 산곡동,중상사고,0,1,0,0,차대사람 - 기타,안전운전불이행,건조,맑음,단일로 - 기타,이륜,남,22세,상해없음,보행자,남,6세,중상
2011050700100369,2011년 5월 7일 13시,토요일,인천광역시 남동구 논현동,경상사고,0,0,1,0,차대차 - 기타,안전운전불이행,건조,맑음,교차로 - 교차로부근,승용,남,51세,상해없음,이륜,남,32세,경상
2011050700100370,2011년 5월 7일 13시,토요일,인천광역시 서구 가좌동,경상사고,0,0,2,0,차대차 - 측면직각충돌,안전운전불이행,건조,맑음,교차로 - 교차로부근,승용,여,38세,상해없음,승용,남,47세,경상
2011050700100371,2011년 5월 7일 13시,토요일,인천광역시 계양구 병방동,경상사고,0,0,1,0,차대차 - 측면직각충돌,안전운전불이행,건조,맑음,단일로 - 기타,승합,남,39세,상해없음,승용,남,40세,경상
2011050700100372,2011년 5월 7일 13시,토요일,인천광역시 부평구 부평동,중상사고,0,1,0,0,차대사람 - 횡단중,안전운전불이행,건조,맑음,단일로 - 기타,원동기,남,27세,상해없음,보행자,여,83세,중상
2011050700100430,2011년 5월 7일 14시,토요일,인천광역시 남구 용현동,경상사고,0,0,1,0,차대차 - 측면직각충돌,안전운전불이행,건조,맑음,교차로 - 교차로안,승용,남,64세,상해없음,이륜,남,47세,경상
2011050700100431,2011년 5월 7일 14시,토요일,인천광역시 남동구 만수동,경상사고,0,0,1,0,차대차 - 측면직각충돌,교차로운행방법위반,건조,맑음,교차로 - 교차로안,승용,남,38세,상해없음,이륜,남,24세,경상
2011050700100432,2011년 5월 7일 14시,토요일,인천광역시 서구 가정동,중상사고,0,1,0,0,차대차 - 측면직각충돌,교차로운행방법위반,건조,맑음,교차로 - 교차로안,승용,여,47세,상해없음,원동기,남,50세,중상
2011050700100606,2011년 5월 7일 18시,토요일,인천광역시 남동구 구월동,경상사고,0,0,2,0,차대차 - 추돌 - 진행중,안전운전불이행,건조,맑음,교차로 - 교차로부근,화물,남,58세,상해없음,화물,남,49세,경상
2011050700100607,2011년 5월 7일 18시,토요일,인천광역시 남동구 만수동,경상사고,0,0,4,0,차대차 - 측면직각충돌,교차로운행방법위반,건조,맑음,교차로 - 교차로부근,승용,남,23세,상해없음,승용,여,41세,경상
2011050700100643,2011년 5월 7일 19시,토요일,인천광역시 남동구 만수동,경상사고,0,0,1,0,차대사람 - 횡단중,안전운전불이행,건조,맑음,단일로 - 횡단보도상,기타불명,기타불명,기타불명,기타불명,보행자,남,12세,경상
2011050700100678,2011년 5월 7일 20시,토요일,인천광역시 남구 주안동,경상사고,0,0,1,0,차대사람 - 기타,안전운전불이행,건조,맑음,단일로 - 기타,화물,남,41세,상해없음,보행자,남,48세,경상
2011050700100679,2011년 5월 7일 20시,토요일,인천광역시 남동구 논현동,중상사고,0,1,0,0,차대차 - 측면직각충돌,신호위반,건조,맑음,교차로 - 교차로안,이륜,남,42세,중상,승용,남,53세,상해없음
2011050700100680,2011년 5월 7일 20시,토요일,인천광역시 서구 검암동,경상사고,0,0,1,0,차대차 - 측면직각충돌,교차로운행방법위반,건조,흐림,교차로 - 교차로안,승용,남,69세,상해없음,원동기,남,23세,경상
2011050700100681,2011년 5월 7일 20시,토요일,인천광역시 강화군 화도면,경상사고,0,0,1,0,차대차 - 추돌 - 진행중,중앙선침범,건조,맑음,단일로 - 기타,승용,남,22세,상해없음,승용,여,35세,경상
2011050700100708,2011년 5월 7일 21시,토요일,인천광역시 남구 도화동,경상사고,0,0,1,0,차대차 - 기타,중앙선침범,건조,맑음,교차로 - 교차로부근,승용,남,32세,기타불명,승용,여,48세,경상
2011050700100709,2011년 5월 7일 21시,토요일,인천광역시 계양구 서운동,중상사고,0,1,0,0,차대차 - 추돌 - 주정차중,안전운전불이행,건조,맑음,교차로 - 교차로부근,승용,여,39세,상해없음,승용,남,63세,중상
2011050800100018,2011년 5월 8일 00시,일요일,인천광역시 부평구 일신동,경상사고,0,0,1,0,차대차 - 추돌 - 주정차중,안전운전불이행,건조,맑음,단일로 - 횡단보도부근,승용,남,36세,상해없음,승용,남,41세,경상
2011050800100059,2011년 5월 8일 04시,일요일,인천광역시 연수구 선학동,중상사고,0,1,0,0,차량단독 - 공작물충돌,안전운전불이행,건조,맑음,단일로 - 터널,이륜,남,60세,중상,,,,
2011050800100086,2011년 5월 8일 06시,일요일,인천광역시 중구 항동7가,경상사고,0,0,10,0,차대차 - 추돌 - 주정차중,안전운전불이행,건조,맑음,교차로 - 교차로부근,승용,남,35세,상해없음,승용,남,56세,경상
2011050800100098,2011년 5월 8일 07시,일요일,인천광역시 남동구 간석동,경상사고,0,0,1,0,차대차 - 정면충돌,안전운전불이행,건조,맑음,교차로 - 교차로부근,승용,남,24세,상해없음,승용,남,56세,상해없음
2011050800100120,2011년 5월 8일 09시,일요일,인천광역시 남동구 고잔동,경상사고,0,0,1,0,차대차 - 측면직각충돌,신호위반,건조,맑음,교차로 - 교차로안,승용,남,52세,상해없음,승용,남,28세,경상
2011050800100121,2011년 5월 8일 09시,일요일,인천광역시 남동구 간석동,경상사고,0,0,1,0,차대사람 - 보도통행중,안전운전불이행,건조,맑음,단일로 - 횡단보도상,기타불명,기타불명,기타불명,기타불명,보행자,남,25세,경상
2011050800100150,2011년 5월 8일 10시,일요일,인천광역시 서구 가좌동,부상신고사고,0,0,0,1,차대차 - 추돌 - 진행중,안전운전불이행,건조,맑음,단일로 - 기타,승용,남,25세,기타불명,승용,남,43세,부상신고
2011050800100177,2011년 5월 8일 11시,일요일,인천광역시 계양구 계산동,경상사고,0,0,5,0,차대차 - 측면직각충돌,안전운전불이행,건조,맑음,단일로 - 기타,승용,남,56세,상해없음,화물,남,40세,기타불명
2011050800100208,2011년 5월 8일 12시,일요일,인천광역시 남구 주안동,중상사고,0,1,0,0,차대사람 - 보도통행중,안전운전불이행,건조,맑음,단일로 - 기타,승용,여,32세,상해없음,보행자,여,29세,중상
2011050800100209,2011년 5월 8일 12시,일요일,인천광역시 남구 주안동,중상사고,0,1,0,0,차대사람 - 기타,안전운전불이행,건조,맑음,단일로 - 기타,승용,여,32세,상해없음,보행자,여,29세,중상
2011050800100210,2011년 5월 8일 12시,일요일,인천광역시 부평구 부평동,경상사고,0,0,1,0,차대사람 - 길가장자리구역통행중,안전운전불이행,건조,맑음,단일로 - 기타,승용,남,51세,상해없음,보행자,남,17세,경상
2011050800100211,2011년 5월 8일 12시,일요일,인천광역시 서구 불로동,경상사고,0,0,1,0,차대차 - 기타,안전거리미확보,건조,맑음,단일로 - 기타,승용,남,41세,상해없음,이륜,남,47세,경상
2011050800100248,2011년 5월 8일 13시,일요일,인천광역시 중구 선린동,경상사고,0,0,1,0,차대차 - 추돌 - 주정차중,안전운전불이행,건조,맑음,단일로 - 기타,승용,남,36세,상해없음,승용,남,34세,상해없음
2011050800100249,2011년 5월 8일 13시,일요일,인천광역시 계양구 서운동,중상사고,0,2,0,0,차대차 - 측면직각충돌,안전거리미확보,건조,맑음,단일로 - 기타,승용,여,48세,상해없음,승용,여,42세,중상
2011050800100281,2011년 5월 8일 14시,일요일,인천광역시 부평구 십정동,경상사고,0,0,3,0,차대차 - 측면직각충돌,안전운전불이행,건조,맑음,단일로 - 기타,승용,남,54세,상해없음,승용,여,40세,경상
2011050800100311,2011년 5월 8일 15시,일요일,인천광역시 부평구 부평동,경상사고,0,0,1,0,차대사람 - 횡단중,안전운전불이행,건조,맑음,단일로 - 기타,승용,여,43세,상해없음,보행자,남,57세,경상
2011050800100347,2011년 5월 8일 16시,일요일,인천광역시 부평구 부평동,중상사고,0,1,2,0,차대차 - 추돌 - 진행중,안전운전불이행,건조,맑음,교차로 - 교차로부근,승용,남,68세,상해없음,화물,남,54세,상해없음
2011050800100385,2011년 5월 8일 17시,일요일,인천광역시 강화군 화도면,중상사고,0,1,0,0,차대차 - 기타,안전운전불이행,건조,맑음,단일로 - 기타,승용,여,47세,상해없음,농기계,남,80세,중상
2011050800100416,2011년 5월 8일 18시,일요일,인천광역시 부평구 삼산동,경상사고,0,0,2,0,차대차 - 추돌 - 주정차중,안전운전불이행,건조,맑음,교차로 - 교차로부근,승용,남,57세,상해없음,화물,남,20세,경상
2011050800100442,2011년 5월 8일 19시,일요일,인천광역시 계양구 계산동,중상사고,0,1,0,0,차대차 - 기타,안전운전불이행,건조,맑음,교차로 - 교차로안,승용,남,54세,상해없음,이륜,남,21세,중상
2011050800100443,2011년 5월 8일 19시,일요일,인천광역시 연수구 동춘동,경상사고,0,0,3,0,차대차 - 추돌 - 주정차중,안전운전불이행,건조,맑음,교차로 - 교차로부근,화물,여,52세,상해없음,승용,남,38세,경상
2011050800100475,2011년 5월 8일 20시,일요일,인천광역시 부평구 부개동,사망사고,1,1,0,0,차대차 - 추돌 - 주정차중,안전운전불이행,건조,맑음,단일로 - 기타,승용,여,56세,중상,승용,남,26세,기타불명
2011050800100508,2011년 5월 8일 21시,일요일,인천광역시 남구 주안동,중상사고,0,1,0,0,차대사람 - 횡단중,안전운전불이행,건조,맑음,단일로 - 기타,승용,남,30세,상해없음,보행자,남,69세,중상
2011050800100509,2011년 5월 8일 21시,일요일,인천광역시 계양구 효성동,경상사고,0,0,6,0,차대차 - 추돌 - 주정차중,안전운전불이행,건조,맑음,교차로 - 교차로부근,화물,남,31세,상해없음,승용,남,39세,경상
2011050800100539,2011년 5월 8일 22시,일요일,인천광역시 남동구 만수동,경상사고,0,0,1,0,차대차 - 추돌 - 진행중,안전운전불이행,습기,비,교차로 - 교차로안,승용,남,40세,상해없음,승용,남,57세,경상
2011050800100566,2011년 5월 8일 23시,일요일,인천광역시 부평구 부평동,경상사고,0,0,1,0,차대차 - 측면직각충돌,안전운전불이행,건조,맑음,교차로 - 교차로부근,승용,남,54세,상해없음,승용,남,45세,경상
2011050900100017,2011년 5월 9일 01시,월요일,인천광역시 남동구 논현동,중상사고,0,1,0,0,차대차 - 추돌 - 주정차중,안전운전불이행,건조,맑음,교차로 - 교차로부근,승용,남,51세,상해없음,승용,남,46세,중상
2011050900100063,2011년 5월 9일 06시,월요일,인천광역시 남구 숭의동,중상사고,0,1,0,0,차대차 - 정면충돌,중앙선침범,습기,흐림,단일로 - 기타,승합,남,42세,상해없음,승용,남,55세,중상
2011050900100086,2011년 5월 9일 07시,월요일,인천광역시 남동구 논현동,중상사고,0,1,0,0,차대차 - 정면충돌,안전운전불이행,습기,흐림,교차로 - 교차로안,승용,남,27세,상해없음,자전거,여,51세,중상
2011050900100087,2011년 5월 9일 07시,월요일,인천광역시 부평구 삼산동,경상사고,0,0,1,0,차대차 - 측면직각충돌,안전운전불이행,건조,맑음,단일로 - 횡단보도상,자전거,여,66세,경상,승용,남,42세,상해없음
2011050900100108,2011년 5월 9일 08시,월요일,인천광역시 남구 숭의동,경상사고,0,0,2,0,차대차 - 기타,안전거리미확보,건조,맑음,교차로 - 교차로안,승용,남,25세,상해없음,승용,남,49세,경상
2011050900100158,2011년 5월 9일 10시,월요일,인천광역시 강화군 강화읍,경상사고,0,0,1,0,차대사람 - 기타,안전운전불이행,습기,비,기타 - 기타,승합,남,49세,상해없음,보행자,여,20세,경상
2011050900100220,2011년 5월 9일 12시,월요일,인천광역시 남구 용현동,경상사고,0,0,1,0,차대사람 - 기타,안전운전불이행,건조,맑음,교차로 - 교차로부근,승용,남,40세,상해없음,보행자,여,15세,경상
2011050900100221,2011년 5월 9일 12시,월요일,인천광역시 부평구 삼산동,경상사고,0,0,1,0,차대차 - 측면직각충돌,안전거리미확보,건조,맑음,단일로 - 교량,승용,남,34세,상해없음,승합,남,46세,경상
2011050900100292,2011년 5월 9일 14시,월요일,인천광역시 계양구 오류동,경상사고,0,0,1,0,차대차 - 측면직각충돌,안전거리미확보,건조,맑음,단일로 - 기타,승용,남,36세,상해없음,승용,남,53세,경상
2011050900100362,2011년 5월 9일 16시,월요일,인천광역시 중구 신흥동3가,중상사고,0,1,1,0,차대차 - 추돌 - 주정차중,안전운전불이행,습기,흐림,단일로 - 교량,화물,남,48세,상해없음,화물,남,35세,중상
2011050900100393,2011년 5월 9일 17시,월요일,인천광역시 남구 관교동,경상사고,0,0,1,0,차대차 - 기타,안전거리미확보,습기,비,단일로 - 기타,화물,남,62세,상해없음,승용,남,37세,경상
2011050900100394,2011년 5월 9일 17시,월요일,인천광역시 부평구 부평동,중상사고,0,1,0,0,차대차 - 기타,안전거리미확보,습기,맑음,단일로 - 기타,승용,남,32세,상해없음,승합,남,45세,상해없음
2011050900100424,2011년 5월 9일 18시,월요일,인천광역시 남동구 간석동,경상사고,0,0,1,0,차대차 - 측면직각충돌,신호위반,습기,비,단일로 - 횡단보도상,승용,여,48세,상해없음,이륜,남,38세,경상
2011050900100475,2011년 5월 9일 19시,월요일,인천광역시 동구 금곡동,중상사고,0,1,0,0,차대차 - 기타,안전운전불이행,기타,맑음,기타 - 기타,승용,남,46세,상해없음,승용,남,54세,중상
2011050900100476,2011년 5월 9일 19시,월요일,인천광역시 남동구 구월동,중상사고,0,1,0,0,차대사람 - 횡단중,안전운전불이행,습기,비,교차로 - 교차로부근,승용,남,32세,상해없음,보행자,여,79세,중상
2011050900100477,2011년 5월 9일 19시,월요일,인천광역시 연수구 연수동,중상사고,0,1,0,0,차대사람 - 횡단중,안전운전불이행,건조,맑음,단일로 - 기타,승용,여,57세,상해없음,보행자,남,56세,중상
2011050900100516,2011년 5월 9일 20시,월요일,인천광역시 남동구 남촌동,중상사고,0,1,0,0,차대사람 - 횡단중,보행자보호의무위반,습기,비,단일로 - 횡단보도상,승용,남,25세,상해없음,보행자,여,53세,중상
2011050900100517,2011년 5월 9일 20시,월요일,인천광역시 서구 검암동,경상사고,0,0,1,0,차대차 - 정면충돌,중앙선침범,습기,비,교차로 - 교차로부근,승용,남,59세,상해없음,승용,남,45세,경상
2011050900100556,2011년 5월 9일 21시,월요일,인천광역시 부평구 산곡동,경상사고,0,0,1,0,차대차 - 추돌 - 진행중,안전거리미확보,건조,맑음,단일로 - 기타,승용,남,22세,상해없음,승용,여,40세,경상
2011050900100557,2011년 5월 9일 21시,월요일,인천광역시 서구 석남동,중상사고,0,1,0,0,차대사람 - 기타,안전운전불이행,습기,비,교차로 - 교차로부근,승용,남,39세,상해없음,보행자,남,22세,중상
2011050900100558,2011년 5월 9일 21시,월요일,인천광역시 서구 연희동,중상사고,0,1,2,0,차대차 - 정면충돌,안전운전불이행,습기,비,교차로 - 교차로부근,기타불명,기타불명,기타불명,기타불명,승용,남,23세,중상
2011050900100602,2011년 5월 9일 22시,월요일,인천광역시 남구 용현동,경상사고,0,0,2,0,차대차 - 측면직각충돌,신호위반,습기,비,교차로 - 교차로안,승용,여,63세,상해없음,승용,남,60세,경상
2011050900100603,2011년 5월 9일 22시,월요일,인천광역시 남동구 논현동,중상사고,0,2,0,0,차대사람 - 횡단중,신호위반,건조,맑음,단일로 - 횡단보도상,원동기,남,18세,상해없음,보행자,여,57세,중상
2011050900100604,2011년 5월 9일 22시,월요일,인천광역시 부평구 부평동,부상신고사고,0,0,0,1,차대차 - 측면직각충돌,안전거리미확보,건조,맑음,교차로 - 교차로안,이륜,남,18세,부상신고,승용,남,26세,상해없음
2011050900100649,2011년 5월 9일 23시,월요일,인천광역시 남동구 간석동,경상사고,0,0,1,0,차대사람 - 횡단중,안전운전불이행,건조,맑음,교차로 - 교차로부근,승용,남,26세,상해없음,보행자,남,37세,경상
2011050900100650,2011년 5월 9일 23시,월요일,인천광역시 남동구 간석동,경상사고,0,0,1,0,차대차 - 측면직각충돌,신호위반,건조,맑음,교차로 - 교차로안,승용,남,53세,상해없음,승용,남,67세,경상
2011050900100651,2011년 5월 9일 23시,월요일,인천광역시 서구 가좌동,경상사고,0,0,1,0,차대사람 - 기타,안전운전불이행,건조,맑음,단일로 - 횡단보도부근,승합,남,33세,상해없음,보행자,남,30세,경상
2011051000100028,2011년 5월 10일 00시,화요일,인천광역시 남구 주안동,경상사고,0,0,2,0,차대차 - 측면직각충돌,교차로운행방법위반,습기,비,교차로 - 교차로안,승용,여,49세,상해없음,이륜,남,17세,경상
2011051000100029,2011년 5월 10일 00시,화요일,인천광역시 남동구 구월동,경상사고,0,0,1,0,차대차 - 측면직각충돌,기타,습기,비,교차로 - 교차로안,승용,여,43세,상해없음,화물,남,42세,경상
2011051000100060,2011년 5월 10일 01시,화요일,인천광역시 연수구 청학동,경상사고,0,0,1,0,차대차 - 추돌 - 진행중,안전거리미확보,습기,비,단일로 - 기타,승용,남,43세,상해없음,승용,남,53세,경상
2011051000100087,2011년 5월 10일 02시,화요일,인천광역시 서구 가좌동,경상사고,0,0,1,0,차대차 - 기타,안전운전불이행,건조,흐림,교차로 - 교차로안,승용,남,29세,상해없음,화물,남,44세,경상
2011051000100130,2011년 5월 10일 05시,화요일,인천광역시 부평구 삼산동,경상사고,0,0,3,0,차대차 - 측면직각충돌,신호위반,건조,맑음,교차로 - 교차로안,승용,남,51세,상해없음,승용,남,34세,경상
2011051000100146,2011년 5월 10일 06시,화요일,인천광역시 서구 연희동,경상사고,0,0,1,0,차대차 - 추돌 - 주정차중,안전거리미확보,건조,맑음,단일로 - 횡단보도부근,화물,남,28세,상해없음,승용,여,38세,경상
2011051000100147,2011년 5월 10일 06시,화요일,인천광역시 연수구 동춘동,경상사고,0,0,1,0,차대차 - 측면직각충돌,교차로운행방법위반,건조,맑음,교차로 - 교차로안,승합,남,54세,상해없음,승용,남,44세,경상
2011051000100157,2011년 5월 10일 07시,화요일,인천광역시 부평구 청천동,중상사고,0,1,0,0,차대차 - 측면직각충돌,신호위반,건조,맑음,교차로 - 교차로안,승용,남,29세,상해없음,승용,남,41세,중상
2011051000100158,2011년 5월 10일 07시,화요일,인천광역시 서구 가좌동,경상사고,0,0,1,1,차대차 - 측면직각충돌,안전거리미확보,습기,비,단일로 - 기타,승용,남,51세,부상신고,승용,남,23세,경상
2011051000100180,2011년 5월 10일 08시,화요일,인천광역시 계양구 효성동,중상사고,0,1,0,0,차대사람 - 길가장자리구역통행중,안전운전불이행,건조,맑음,단일로 - 기타,화물,남,40세,상해없음,보행자,남,65세,중상
2011051000100196,2011년 5월 10일 09시,화요일,인천광역시 남동구 구월동,경상사고,0,0,2,0,차대차 - 측면직각충돌,안전운전불이행,건조,맑음,단일로 - 기타,승용,남,34세,상해없음,승용,남,53세,경상
2011051000100218,2011년 5월 10일 10시,화요일,인천광역시 남동구 간석동,경상사고,0,0,2,0,차대차 - 기타,교차로운행방법위반,건조,맑음,교차로 - 교차로안,승용,남,71세,상해없음,승용,남,44세,경상
2011051000100234,2011년 5월 10일 11시,화요일,인천광역시 서구 가좌동,경상사고,0,0,1,0,차대사람 - 기타,안전운전불이행,습기,비,단일로 - 기타,기타불명,기타불명,기타불명,기타불명,보행자,남,64세,경상
2011051000100235,2011년 5월 10일 11시,화요일,인천광역시 서구 석남동,경상사고,0,0,1,0,차대차 - 측면직각충돌,신호위반,건조,맑음,교차로 - 교차로안,승용,남,59세,상해없음,승용,남,48세,경상
2011051000100288,2011년 5월 10일 13시,화요일,인천광역시 계양구 계산동,중상사고,0,1,0,0,차대차 - 측면직각충돌,안전운전불이행,습기,흐림,교차로 - 교차로부근,승용,남,30세,상해없음,원동기,남,22세,중상
2011051000100289,2011년 5월 10일 13시,화요일,인천광역시 강화군 양도면,사망사고,1,1,0,0,차대차 - 기타,안전운전불이행,습기,비,기타 - 기타,이륜,남,78세,사망,자전거,남,51세,중상
2011051000100312,2011년 5월 10일 14시,화요일,인천광역시 남동구 만수동,중상사고,0,1,0,0,차대사람 - 횡단중,보행자보호의무위반,건조,맑음,교차로 - 교차로안,승용,남,34세,상해없음,보행자,여,56세,중상
2011051000100386,2011년 5월 10일 17시,화요일,인천광역시 남구 숭의동,중상사고,0,3,2,0,차대차 - 측면직각충돌,신호위반,건조,맑음,교차로 - 교차로안,승용,남,49세,상해없음,승용,남,59세,중상
2011051000100387,2011년 5월 10일 17시,화요일,인천광역시 서구 가정동,경상사고,0,0,1,0,차대차 - 기타,안전운전불이행,건조,흐림,단일로 - 기타,승용,남,46세,기타불명,승용,남,44세,경상
2011051000100418,2011년 5월 10일 18시,화요일,인천광역시 남동구 장수동,중상사고,0,1,0,0,차대차 - 추돌 - 진행중,안전거리미확보,건조,맑음,교차로 - 교차로부근,화물,남,56세,상해없음,승용,여,58세,중상
2011051000100461,2011년 5월 10일 19시,화요일,인천광역시 부평구 산곡동,경상사고,0,0,1,0,차대차 - 추돌 - 진행중,안전거리미확보,습기,비,교차로 - 교차로부근,승용,남,42세,상해없음,승용,여,33세,경상