사고번호,사고일시,요일,시군구,사고내용,사망자수,중상자수,경상자수,부상신고자수,사고유형,법규위반,노면상태,기상상태,도로형태,가해운전자 차종,가해운전자 성별,가해운전자 연령,가해운전자 상해정도,피해운전자 차종,피해운전자 성별,피해운전자 연령,피해운전자 상해정도
2011051000100462,2011년 5월 10일 19시,화요일,인천광역시 서구 가좌동,경상사고,0,0,1,1,차대차 - 측면직각충돌,안전운전불이행,건조,맑음,교차로 - 교차로부근,승용,여,42세,부상신고,승용,남,51세,경상
2011051000100463,2011년 5월 10일 19시,화요일,인천광역시 연수구 선학동,중상사고,0,1,0,0,차대사람 - 차도통행중,안전운전불이행,습기,비,교차로 - 교차로안,승용,남,31세,상해없음,보행자,여,44세,중상
2011051000100512,2011년 5월 10일 20시,화요일,인천광역시 남구 주안동,중상사고,0,1,0,0,차대사람 - 횡단중,안전운전불이행,건조,맑음,단일로 - 기타,승용,남,59세,상해없음,보행자,여,36세,중상
2011051000100513,2011년 5월 10일 20시,화요일,인천광역시 남동구 만수동,중상사고,0,1,0,0,차대사람 - 횡단중,안전운전불이행,건조,맑음,단일로 - 기타,이륜,남,17세,상해없음,보행자,여,32세,중상
2011051000100514,2011년 5월 10일 20시,화요일,인천광역시 서구 가정동,중상사고,0,1,0,0,차대사람 - 횡단중,안전운전불이행,습기,비,교차로 - 교차로부근,승용,남,51세,상해없음,보행자,남,37세,중상
2011051000100567,2011년 5월 10일 21시,화요일,인천광역시 부평구 십정동,경상사고,0,0,1,0,차대사람 - 횡단중,보행자보호의무위반,습기,비,교차로 - 교차로부근,승용,남,26세,상해없음,보행자,여,47세,경상
2011051000100569,2011년 5월 10일 21시,화요일,인천광역시 부평구 삼산동,중상사고,0,1,1,0,차대사람 - 차도통행중,안전운전불이행,습기,비,기타 - 기타,승용,여,32세,상해없음,보행자,남,11세,중상
2011051100100021,2011년 5월 11일 00시,수요일,인천광역시 부평구 부평동,중상사고,0,2,0,0,차대사람 - 횡단중,안전운전불이행,건조,맑음,단일로 - 횡단보도상,승용,남,35세,상해없음,보행자,남,53세,중상
2011051100100040,2011년 5월 11일 01시,수요일,인천광역시 서구 당하동,중상사고,0,1,0,0,차대차 - 추돌 - 주정차중,안전운전불이행,습기,비,교차로 - 교차로부근,승용,여,26세,상해없음,승용,남,42세,중상
2011051100100093,2011년 5월 11일 05시,수요일,인천광역시 연수구 옥련동,중상사고,0,1,2,0,차대차 - 추돌 - 진행중,안전거리미확보,습기,비,단일로 - 기타,승용,남,66세,상해없음,승용,남,47세,경상
2011051100100171,2011년 5월 11일 08시,수요일,인천광역시 연수구 청학동,중상사고,0,2,0,0,차대차 - 측면직각충돌,안전거리미확보,습기,비,기타 - 기타,승합,여,42세,상해없음,승용,남,54세,중상
2011051100100215,2011년 5월 11일 09시,수요일,인천광역시 남구 주안동,경상사고,0,0,1,0,차대사람 - 횡단중,보행자보호의무위반,건조,맑음,단일로 - 횡단보도상,승용,여,35세,상해없음,보행자,남,23세,경상
2011051100100244,2011년 5월 11일 10시,수요일,인천광역시 계양구 작전동,중상사고,0,1,0,0,차대사람 - 기타,안전운전불이행,건조,맑음,단일로 - 기타,승용,남,39세,상해없음,보행자,남,67세,중상
2011051100100339,2011년 5월 11일 14시,수요일,인천광역시 남구 관교동,중상사고,0,1,0,0,차대차 - 측면직각충돌,교차로운행방법위반,건조,맑음,교차로 - 교차로안,승용,여,48세,상해없음,자전거,남,58세,중상
2011051100100340,2011년 5월 11일 14시,수요일,인천광역시 서구 왕길동,경상사고,0,0,1,0,차대사람 - 횡단중,신호위반,건조,맑음,단일로 - 횡단보도상,기타불명,기타불명,기타불명,기타불명,보행자,남,10세,경상
2011051100100410,2011년 5월 11일 16시,수요일,인천광역시 연수구 선학동,경상사고,0,0,1,0,차대차 - 기타,안전운전불이행,건조,맑음,교차로 - 교차로부근,승용,여,43세,상해없음,자전거,여,52세,경상
2011051100100438,2011년 5월 11일 17시,수요일,인천광역시 서구 가좌동,중상사고,0,1,0,0,차대차 - 추돌 - 진행중,신호위반,건조,맑음,교차로 - 교차로안,승용,남,44세,상해없음,승용,남,51세,중상
2011051100100439,2011년 5월 11일 17시,수요일,인천광역시 계양구 계산동,경상사고,0,0,1,0,차량단독 - 기타,기타,건조,맑음,교차로 - 교차로안,승합,남,50세,상해없음,,,,
2011051100100440,2011년 5월 11일 17시,수요일,인천광역시 부평구 삼산동,중상사고,0,1,0,0,차대사람 - 기타,안전운전불이행,건조,맑음,단일로 - 기타,승용,여,52세,상해없음,보행자,여,76세,중상
2011051100100514,2011년 5월 11일 19시,수요일,인천광역시 남동구 간석동,경상사고,0,0,1,0,차대차 - 기타,안전운전불이행,건조,맑음,단일로 - 기타,승용,남,56세,상해없음,승용,남,56세,경상
2011051100100516,2011년 5월 11일 19시,수요일,인천광역시 연수구 옥련동,경상사고,0,0,1,0,차대사람 - 횡단중,안전운전불이행,건조,맑음,기타 - 기타,승용,남,43세,상해없음,보행자,남,9세,경상
2011051100100611,2011년 5월 11일 21시,수요일,인천광역시 동구 송림동,경상사고,0,0,4,0,차대차 - 추돌 - 주정차중,안전운전불이행,건조,맑음,교차로 - 교차로부근,승용,여,29세,상해없음,승용,여,41세,경상
2011051100100612,2011년 5월 11일 21시,수요일,인천광역시 계양구 작전동,경상사고,0,0,1,0,차대사람 - 횡단중,신호위반,건조,맑음,단일로 - 횡단보도상,원동기,기타불명,기타불명,기타불명,보행자,남,9세,경상
2011051100100613,2011년 5월 11일 21시,수요일,인천광역시 계양구 효성동,중상사고,0,1,0,0,차대차 - 추돌 - 주정차중,안전운전불이행,습기,흐림,단일로 - 기타,승용,남,55세,상해없음,승용,남,71세,중상
2011051100100614,2011년 5월 11일 21시,수요일,인천광역시 부평구 부평동,중상사고,0,1,0,0,차대사람 - 길가장자리구역통행중,안전운전불이행,건조,맑음,교차로 - 교차로안,승용,남,36세,상해없음,보행자,여,42세,중상
2011051100100615,2011년 5월 11일 21시,수요일,인천광역시 부평구 구산동,중상사고,0,1,0,0,차대차 - 측면직각충돌,교차로운행방법위반,건조,맑음,교차로 - 교차로부근,화물,남,35세,상해없음,원동기,남,46세,중상
2011051100100647,2011년 5월 11일 22시,수요일,인천광역시 서구 당하동,중상사고,0,1,0,0,차대사람 - 횡단중,신호위반,건조,맑음,단일로 - 횡단보도상,승용,여,42세,상해없음,보행자,여,24세,중상
2011051100100673,2011년 5월 11일 23시,수요일,인천광역시 남구 주안동,사망사고,1,0,0,0,차대사람 - 기타,안전운전불이행,건조,맑음,단일로 - 기타,승합,남,53세,상해없음,보행자,남,55세,사망
2011051100100674,2011년 5월 11일 23시,수요일,인천광역시 남동구 만수동,경상사고,0,0,1,0,차대사람 - 보도통행중,기타,기타,맑음,기타 - 기타,이륜,남,18세,상해없음,보행자,여,41세,경상
2011051200100040,2011년 5월 12일 01시,목요일,인천광역시 서구 심곡동,경상사고,0,0,1,0,차대사람 - 길가장자리구역통행중,안전운전불이행,건조,맑음,단일로 - 기타,승용,남,42세,상해없음,보행자,남,51세,경상
2011051200100061,2011년 5월 12일 02시,목요일,인천광역시 남구 주안동,중상사고,0,2,2,0,차대차 - 정면충돌,중앙선침범,건조,맑음,단일로 - 기타,화물,남,29세,상해없음,승용,남,44세,중상
2011051200100139,2011년 5월 12일 07시,목요일,인천광역시 남동구 고잔동,경상사고,0,0,1,0,차대차 - 측면직각충돌,안전거리미확보,건조,맑음,단일로 - 기타,승용,남,54세,상해없음,원동기,남,46세,경상
2011051200100140,2011년 5월 12일 07시,목요일,인천광역시 계양구 계산동,중상사고,0,1,0,0,차대차 - 추돌 - 진행중,안전거리미확보,건조,맑음,교차로 - 교차로안,건설기계,남,49세,상해없음,승용,남,52세,중상
2011051200100176,2011년 5월 12일 08시,목요일,인천광역시 남구 주안동,경상사고,0,0,1,0,차대사람 - 기타,안전운전불이행,건조,맑음,기타 - 기타,승합,남,36세,상해없음,보행자,여,26세,경상
2011051200100213,2011년 5월 12일 09시,목요일,인천광역시 서구 왕길동,중상사고,0,1,0,0,차대사람 - 횡단중,보행자보호의무위반,건조,맑음,단일로 - 횡단보도상,승용,여,36세,상해없음,보행자,여,67세,중상
2011051200100214,2011년 5월 12일 09시,목요일,인천광역시 계양구 계산동,중상사고,0,1,0,0,차대차 - 측면직각충돌,안전운전불이행,건조,맑음,교차로 - 교차로부근,화물,남,60세,상해없음,승용,남,53세,중상
2011051200100295,2011년 5월 12일 12시,목요일,인천광역시 계양구 임학동,중상사고,0,1,1,0,차대차 - 측면직각충돌,안전운전불이행,건조,맑음,교차로 - 교차로부근,승합,남,40세,상해없음,승용,남,60세,중상
2011051200100353,2011년 5월 12일 14시,목요일,인천광역시 서구 가정동,중상사고,0,2,12,1,차대차 - 측면직각충돌,안전운전불이행,건조,맑음,교차로 - 교차로안,승합,남,55세,상해없음,승용,여,52세,중상
2011051200100388,2011년 5월 12일 15시,목요일,인천광역시 남동구 간석동,중상사고,0,1,0,0,차대사람 - 횡단중,안전운전불이행,건조,맑음,단일로 - 횡단보도부근,승용,여,36세,상해없음,보행자,여,68세,중상
2011051200100417,2011년 5월 12일 16시,목요일,인천광역시 남구 주안동,경상사고,0,0,1,0,차대사람 - 기타,불법유턴,건조,맑음,기타 - 기타,승용,남,50세,상해없음,보행자,여,80세,경상
2011051200100418,2011년 5월 12일 16시,목요일,인천광역시 강화군 교동면,경상사고,0,0,2,0,차대차 - 기타,안전운전불이행,건조,맑음,단일로 - 기타,화물,남,60세,상해없음,원동기,남,74세,경상
2011051200100548,2011년 5월 12일 20시,목요일,인천광역시 남동구 간석동,경상사고,0,0,1,0,차대차 - 측면직각충돌,안전운전불이행,건조,맑음,교차로 - 교차로안,승합,남,47세,상해없음,이륜,남,35세,경상
2011051200100549,2011년 5월 12일 20시,목요일,인천광역시 계양구 효성동,경상사고,0,0,1,0,차대사람 - 길가장자리구역통행중,안전운전불이행,건조,맑음,교차로 - 교차로부근,승합,남,57세,상해없음,보행자,남,17세,경상
2011051200100550,2011년 5월 12일 20시,목요일,인천광역시 연수구 청학동,경상사고,0,0,1,0,차대차 - 추돌 - 진행중,교차로운행방법위반,건조,맑음,교차로 - 교차로안,승용,남,34세,상해없음,이륜,남,29세,경상
2011051200100614,2011년 5월 12일 22시,목요일,인천광역시 서구 당하동,경상사고,0,0,2,0,차대차 - 추돌 - 주정차중,중앙선침범,건조,맑음,교차로 - 교차로부근,승용,남,45세,상해없음,승용,남,38세,경상
2011051200100615,2011년 5월 12일 22시,목요일,인천광역시 부평구 삼산동,경상사고,0,0,2,0,차대차 - 추돌 - 주정차중,안전운전불이행,건조,맑음,단일로 - 기타,승용,남,54세,상해없음,승용,남,51세,경상
2011051200100640,2011년 5월 12일 23시,목요일,인천광역시 남동구 간석동,경상사고,0,0,1,0,차대차 - 기타,신호위반,건조,맑음,교차로 - 교차로안,승합,남,38세,상해없음,승용,남,54세,상해없음
2011051200100641,2011년 5월 12일 23시,목요일,인천광역시 연수구 선학동,중상사고,0,1,0,0,차대차 - 측면직각충돌,신호위반,건조,맑음,교차로 - 교차로안,승용,남,28세,상해없음,승용,남,26세,중상
2011051300100025,2011년 5월 13일 00시,금요일,인천광역시 서구 검암동,중상사고,0,1,0,0,차대차 - 정면충돌,안전운전불이행,건조,맑음,교차로 - 교차로안,승용,남,26세,상해없음,이륜,남,16세,중상
2011051300100118,2011년 5월 13일 07시,금요일,인천광역시 부평구,경상사고,0,0,1,0,차대사람 - 길가장자리구역통행중,안전운전불이행,건조,맑음,단일로 - 기타,화물,남,54세,상해없음,보행자,여,17세,경상
2011051300100119,2011년 5월 13일 07시,금요일,인천광역시 부평구 부평동,중상사고,0,1,0,0,차량단독 - 공작물충돌,중앙선침범,건조,맑음,단일로 - 기타,승용,남,47세,상해없음,,,,
2011051300100159,2011년 5월 13일 08시,금요일,인천광역시 서구 공촌동,경상사고,0,0,1,0,차대차 - 측면직각충돌,안전운전불이행,건조,맑음,교차로 - 교차로안,화물,남,58세,상해없음,승용,남,49세,경상
2011051300100185,2011년 5월 13일 09시,금요일,인천광역시 계양구 계산동,중상사고,0,1,1,0,차대차 - 추돌 - 주정차중,안전운전불이행,건조,맑음,교차로 - 교차로부근,승용,남,32세,상해없음,승용,여,46세,중상
2011051300100186,2011년 5월 13일 09시,금요일,인천광역시 부평구 일신동,중상사고,0,1,0,0,차대차 - 기타,안전운전불이행,건조,맑음,단일로 - 기타,특수,남,50세,상해없음,승용,여,30세,중상
2011051300100244,2011년 5월 13일 11시,금요일,인천광역시 서구 가좌동,중상사고,0,1,0,0,차대사람 - 횡단중,신호위반,건조,맑음,기타 - 기타,승용,여,67세,상해없음,보행자,여,61세,중상
2011051300100245,2011년 5월 13일 11시,금요일,인천광역시 계양구 효성동,경상사고,0,0,1,0,차대차 - 기타,안전운전불이행,건조,맑음,단일로 - 기타,승용,남,41세,상해없음,승용,남,40세,경상
2011051300100271,2011년 5월 13일 12시,금요일,인천광역시 서구 가좌동,경상사고,0,0,1,0,차대차 - 기타,안전운전불이행,건조,맑음,단일로 - 기타,승합,남,41세,상해없음,승용,남,33세,상해없음
2011051300100301,2011년 5월 13일 13시,금요일,인천광역시 계양구 동양동,중상사고,0,1,0,0,차대차 - 추돌 - 진행중,안전운전불이행,건조,맑음,단일로 - 기타,화물,남,42세,상해없음,자전거,여,58세,중상
2011051300100333,2011년 5월 13일 14시,금요일,인천광역시 부평구 청천동,중상사고,0,1,0,0,차대사람 - 횡단중,보행자보호의무위반,건조,맑음,단일로 - 횡단보도상,기타불명,기타불명,기타불명,기타불명,보행자,여,50세,중상
2011051300100368,2011년 5월 13일 15시,금요일,인천광역시 남동구 구월동,중상사고,0,1,3,0,차대차 - 추돌 - 진행중,안전운전불이행,건조,맑음,교차로 - 교차로부근,승용,남,41세,상해없음,승용,남,61세,경상
2011051300100403,2011년 5월 13일 16시,금요일,인천광역시 남구 도화동,경상사고,0,0,1,0,차대차 - 추돌 - 주정차중,안전운전불이행,건조,맑음,단일로 - 기타,승용,남,60세,상해없음,승용,남,36세,경상
2011051300100404,2011년 5월 13일 16시,금요일,인천광역시 서구 가좌동,경상사고,0,0,3,0,차대차 - 측면직각충돌,교차로운행방법위반,건조,맑음,교차로 - 교차로안,화물,남,32세,경상,승용,여,41세,경상
2011051300100444,2011년 5월 13일 17시,금요일,인천광역시 남구 주안동,경상사고,0,0,1,0,차대차 - 기타,안전운전불이행,건조,맑음,단일로 - 기타,승용,남,40세,상해없음,승용,여,56세,경상
2011051300100521,2011년 5월 13일 19시,금요일,인천광역시 남구 도화동,중상사고,0,1,0,0,차대사람 - 차도통행중,안전운전불이행,건조,맑음,단일로 - 기타,승용,남,57세,상해없음,보행자,남,33세,중상
2011051300100522,2011년 5월 13일 19시,금요일,인천광역시 연수구 송도동,중상사고,0,1,0,0,차대사람 - 보도통행중,보행자보호의무위반,건조,맑음,단일로 - 기타,승용,남,41세,상해없음,보행자,남,12세,중상
2011051300100574,2011년 5월 13일 20시,금요일,인천광역시 남구 주안동,경상사고,0,0,4,0,차대차 - 추돌 - 주정차중,안전운전불이행,건조,맑음,단일로 - 기타,승용,남,58세,상해없음,승용,남,27세,경상
2011051300100606,2011년 5월 13일 21시,금요일,인천광역시 부평구 삼산동,경상사고,0,0,1,0,차대사람 - 횡단중,신호위반,건조,맑음,단일로 - 횡단보도상,이륜,남,16세,상해없음,보행자,남,12세,경상
2011051300100641,2011년 5월 13일 22시,금요일,인천광역시 남구 숭의동,중상사고,0,1,0,0,차대차 - 정면충돌,중앙선침범,건조,맑음,교차로 - 교차로부근,승용,남,63세,기타불명,승용,여,49세,중상
2011051300100642,2011년 5월 13일 22시,금요일,인천광역시 남구 관교동,경상사고,0,0,1,0,차대차 - 추돌 - 진행중,안전거리미확보,건조,맑음,단일로 - 기타,승용,남,51세,상해없음,승용,남,56세,경상
2011051300100643,2011년 5월 13일 22시,금요일,인천광역시 계양구 작전동,경상사고,0,0,1,0,차대차 - 추돌 - 주정차중,안전운전불이행,건조,맑음,교차로 - 교차로부근,승용,남,37세,상해없음,승용,남,40세,경상
2011051300100677,2011년 5월 13일 23시,금요일,인천광역시 부평구 산곡동,경상사고,0,0,1,0,차대차 - 측면직각충돌,안전운전불이행,건조,맑음,단일로 - 기타,승용,남,50세,상해없음,이륜,남,22세,경상
2011051300100678,2011년 5월 13일 23시,금요일,인천광역시 중구 운남동,경상사고,0,0,2,0,차대차 - 추돌 - 주정차중,안전운전불이행,건조,맑음,단일로 - 기타,승용,남,22세,상해없음,승용,여,43세,경상
2011051400100027,2011년 5월 14일 00시,토요일,인천광역시 남구 주안동,경상사고,0,0,1,0,차대사람 - 기타,기타,건조,맑음,단일로 - 기타,승용,여,48세,상해없음,보행자,여,58세,경상
2011051400100028,2011년 5월 14일 00시,토요일,인천광역시 계양구 작전동,중상사고,0,1,0,0,차대차 - 측면직각충돌,차로위반,건조,맑음,단일로 - 기타,이륜,남,15세,상해없음,승용,남,46세,상해없음
2011051400100089,2011년 5월 14일 02시,토요일,인천광역시 남구 도화동,중상사고,0,2,0,0,차대차 - 측면직각충돌,안전운전불이행,건조,맑음,교차로 - 교차로부근,승용,남,33세,상해없음,승용,남,47세,중상
2011051400100090,2011년 5월 14일 02시,토요일,인천광역시 남구 주안동,경상사고,0,0,1,0,차대사람 - 기타,안전운전불이행,기타,기타,기타 - 기타,승용,남,24세,상해없음,보행자,여,20세,경상
2011051400100091,2011년 5월 14일 02시,토요일,인천광역시 남구 주안동,경상사고,0,0,1,0,차대사람 - 기타,안전운전불이행,기타,비,기타 - 기타,승용,남,24세,상해없음,보행자,여,20세,경상
2011051400100113,2011년 5월 14일 04시,토요일,인천광역시 부평구 부평동,경상사고,0,0,2,0,차대차 - 측면직각충돌,안전운전불이행,건조,맑음,교차로 - 교차로안,승용,남,40세,상해없음,승용,남,47세,경상
2011051400100127,2011년 5월 14일 05시,토요일,인천광역시 부평구 산곡동,중상사고,0,1,0,0,차대차 - 측면직각충돌,신호위반,건조,맑음,교차로 - 교차로안,승용,남,51세,상해없음,자전거,남,85세,중상
2011051400100137,2011년 5월 14일 06시,토요일,인천광역시 남동구 간석동,중상사고,0,1,0,0,차대차 - 측면직각충돌,교차로운행방법위반,건조,맑음,교차로 - 교차로안,화물,남,30세,상해없음,원동기,남,56세,중상
2011051400100180,2011년 5월 14일 08시,토요일,인천광역시 강화군 하점면,중상사고,0,1,0,0,차대차 - 추돌 - 진행중,안전운전불이행,건조,맑음,단일로 - 기타,승용,남,56세,상해없음,승용,여,43세,중상
2011051400100181,2011년 5월 14일 08시,토요일,인천광역시 연수구 청학동,경상사고,0,0,4,0,차대차 - 추돌 - 주정차중,안전운전불이행,건조,맑음,단일로 - 기타,승용,남,51세,상해없음,승용,남,48세,경상
2011051400100212,2011년 5월 14일 09시,토요일,인천광역시 남동구 구월동,경상사고,0,0,1,0,차대차 - 기타,안전운전불이행,건조,맑음,교차로 - 교차로안,승용,남,39세,상해없음,승용,남,51세,경상
2011051400100213,2011년 5월 14일 09시,토요일,인천광역시 연수구 송도동,중상사고,0,3,1,0,차대차 - 추돌 - 주정차중,안전운전불이행,건조,맑음,교차로 - 교차로부근,승합,남,43세,상해없음,승용,남,37세,중상
2011051400100214,2011년 5월 14일 09시,토요일,인천광역시 연수구 청학동,경상사고,0,0,1,0,차대차 - 측면직각충돌,교차로운행방법위반,건조,맑음,교차로 - 교차로안,승용,여,40세,상해없음,승용,남,57세,경상
2011051400100215,2011년 5월 14일 09시,토요일,인천광역시 부평구 부평동,경상사고,0,0,1,0,차대차 - 측면직각충돌,중앙선침범,건조,맑음,단일로 - 횡단보도상,승용,남,44세,상해없음,승용,남,39세,경상
2011051400100250,2011년 5월 14일 10시,토요일,인천광역시 남구 주안동,경상사고,0,0,2,0,차대차 - 추돌 - 진행중,안전운전불이행,건조,맑음,단일로 - 기타,승용,남,22세,상해없음,승용,남,60세,경상
2011051400100252,2011년 5월 14일 10시,토요일,인천광역시 서구 가정동,경상사고,0,0,3,0,차대차 - 측면직각충돌,차로위반,건조,맑음,교차로 - 교차로안,승합,남,46세,상해없음,승용,여,54세,경상
2011051400100253,2011년 5월 14일 10시,토요일,인천광역시 계양구 작전동,경상사고,0,0,1,1,차대차 - 측면직각충돌,중앙선침범,건조,맑음,교차로 - 교차로부근,승용,기타불명,기타불명,기타불명,승용,남,39세,부상신고
2011051400100278,2011년 5월 14일 11시,토요일,인천광역시 남구 도화동,중상사고,0,1,0,0,차대사람 - 횡단중,안전운전불이행,건조,맑음,단일로 - 기타,승용,남,71세,상해없음,보행자,여,14세,중상
2011051400100343,2011년 5월 14일 13시,토요일,인천광역시 남구 주안동,경상사고,0,0,1,0,차대사람 - 기타,신호위반,건조,맑음,단일로 - 기타,승용,남,48세,상해없음,보행자,남,45세,경상
2011051400100344,2011년 5월 14일 13시,토요일,인천광역시 연수구 연수동,경상사고,0,0,1,0,차대차 - 측면직각충돌,교차로운행방법위반,건조,맑음,교차로 - 교차로안,승용,남,38세,상해없음,승용,남,60세,경상
2011051400100377,2011년 5월 14일 14시,토요일,인천광역시 남구 문학동,경상사고,0,0,1,0,차대차 - 기타,안전운전불이행,건조,맑음,단일로 - 기타,승용,남,56세,상해없음,이륜,남,43세,경상
2011051400100378,2011년 5월 14일 14시,토요일,인천광역시 남구 숭의동,경상사고,0,0,1,0,차대차 - 측면직각충돌,안전거리미확보,건조,맑음,교차로 - 교차로안,승용,남,38세,상해없음,승용,남,58세,경상
2011051400100413,2011년 5월 14일 15시,토요일,인천광역시 동구 송현동,경상사고,0,0,1,0,차대사람 - 기타,안전운전불이행,건조,맑음,단일로 - 기타,이륜,남,27세,상해없음,보행자,남,2세,경상
2011051400100414,2011년 5월 14일 15시,토요일,인천광역시 계양구 병방동,중상사고,0,1,0,0,차대사람 - 보도통행중,기타,건조,맑음,단일로 - 기타,승용,남,29세,상해없음,보행자,남,57세,중상
2011051400100415,2011년 5월 14일 15시,토요일,인천광역시 연수구 동춘동,중상사고,0,1,0,0,차대사람 - 차도통행중,안전운전불이행,건조,맑음,단일로 - 기타,승용,여,56세,상해없음,보행자,여,10세,중상
2011051400100452,2011년 5월 14일 16시,토요일,인천광역시 남구 주안동,중상사고,0,1,0,0,차대사람 - 길가장자리구역통행중,안전운전불이행,건조,맑음,단일로 - 기타,화물,남,25세,상해없음,보행자,남,71세,중상
2011051400100490,2011년 5월 14일 17시,토요일,인천광역시 부평구 십정동,부상신고사고,0,0,0,1,차량단독 - 기타,안전운전불이행,건조,맑음,단일로 - 기타,승합,남,52세,상해없음,,,,
2011051400100491,2011년 5월 14일 17시,토요일,인천광역시 남동구 만수동,경상사고,0,0,1,0,차대사람 - 횡단중,신호위반,건조,맑음,단일로 - 횡단보도상,승용,남,58세,상해없음,보행자,남,53세,경상
2011051400100492,2011년 5월 14일 17시,토요일,인천광역시 연수구 선학동,경상사고,0,0,1,0,차대차 - 측면직각충돌,안전거리미확보,건조,맑음,단일로 - 기타,화물,남,38세,상해없음,승용,남,48세,상해없음
2011051400100536,2011년 5월 14일 18시,토요일,인천광역시 남동구 서창동,경상사고,0,0,1,0,차대차 - 기타,안전거리미확보,건조,맑음,단일로 - 기타,승용,남,34세,상해없음,승용,남,39세,경상
2011051400100574,2011년 5월 14일 19시,토요일,인천광역시 부평구 청천동,경상사고,0,0,1,0,차대사람 - 기타,안전운전불이행,건조,맑음,단일로 - 기타,승용,남,52세,상해없음,보행자,남,14세,경상
2011051400100575,2011년 5월 14일 19시,토요일,인천광역시 서구 석남동,경상사고,0,0,1,0,차대차 - 추돌 - 진행중,신호위반,건조,맑음,기타 - 기타,승용,남,45세,상해없음,원동기,남,29세,경상
2011051400100613,2011년 5월 14일 20시,토요일,인천광역시 남구 도화동,경상사고,0,0,4,0,차대차 - 추돌 - 주정차중,안전운전불이행,건조,맑음,교차로 - 교차로부근,화물,남,58세,상해없음,승용,남,58세,경상
2011051400100614,2011년 5월 14일 20시,토요일,인천광역시 남동구 논현동,중상사고,0,1,0,0,차대차 - 기타,안전운전불이행,건조,맑음,교차로 - 교차로안,승용,남,64세,상해없음,이륜,남,51세,중상
2011051400100615,2011년 5월 14일 20시,토요일,인천광역시 부평구 부개동,경상사고,0,0,1,0,차대차 - 측면직각충돌,중앙선침범,건조,맑음,단일로 - 기타,승용,남,58세,상해없음,원동기,남,19세,경상
2011051400100649,2011년 5월 14일 21시,토요일,인천광역시 강화군 선원면,부상신고사고,0,0,0,1,차대차 - 기타,안전운전불이행,건조,맑음,기타 - 기타,이륜,남,17세,부상신고,승용,남,54세,상해없음
2011051400100677,2011년 5월 14일 22시,토요일,인천광역시 서구 원당동,중상사고,0,1,0,0,차대차 - 정면충돌,중앙선침범,건조,맑음,교차로 - 교차로부근,승용,남,44세,상해없음,승용,남,38세,중상
2011051400100678,2011년 5월 14일 22시,토요일,인천광역시 계양구 임학동,중상사고,0,1,0,0,차대사람 - 횡단중,보행자보호의무위반,건조,맑음,단일로 - 횡단보도상,원동기,남,16세,상해없음,보행자,남,13세,중상
2011051400100703,2011년 5월 14일 23시,토요일,인천광역시 부평구 부평동,경상사고,0,0,2,0,차대차 - 추돌 - 주정차중,안전운전불이행,건조,맑음,교차로 - 교차로부근,승용,남,64세,상해없음,승용,여,24세,경상
2011051400100704,2011년 5월 14일 23시,토요일,인천광역시 서구 가좌동,경상사고,0,0,2,1,차대차 - 추돌 - 주정차중,안전운전불이행,건조,맑음,단일로 - 기타,승용,남,51세,부상신고,승용,여,42세,경상
2011051500100022,2011년 5월 15일 00시,일요일,인천광역시 남구 용현동,중상사고,0,1,0,0,차대차 - 측면직각충돌,안전운전불이행,건조,맑음,단일로 - 기타,기타불명,기타불명,기타불명,기타불명,승용,여,46세,중상
2011051500100023,2011년 5월 15일 00시,일요일,인천광역시 부평구 산곡동,중상사고,0,1,0,0,차대사람 - 횡단중,안전운전불이행,건조,맑음,교차로 - 교차로안,승용,남,22세,상해없음,보행자,여,60세,중상
2011051500100024,2011년 5월 15일 00시,일요일,인천광역시 연수구 연수동,경상사고,0,0,2,0,차대차 - 측면직각충돌,안전운전불이행,건조,맑음,교차로 - 교차로부근,승용,남,51세,상해없음,승합,남,29세,경상
2011051500100053,2011년 5월 15일 01시,일요일,인천광역시 옹진군 영흥면,경상사고,0,0,4,0,차대차 - 추돌 - 주정차중,안전운전불이행,건조,맑음,교차로 - 교차로부근,승용,여,37세,상해없음,승용,여,39세,경상
2011051500100054,2011년 5월 15일 01시,일요일,인천광역시 부평구 효성동,경상사고,0,0,1,0,차대차 - 측면직각충돌,안전거리미확보,건조,맑음,단일로 - 교량,승용,남,20세,상해없음,승용,남,43세,경상
2011051500100073,2011년 5월 15일 02시,일요일,인천광역시 남구 주안동,경상사고,0,0,1,0,차대차 - 추돌 - 진행중,안전거리미확보,건조,맑음,기타 - 기타,승용,남,34세,상해없음,승용,남,54세,경상
2011051500100074,2011년 5월 15일 02시,일요일,인천광역시 연수구 옥련동,중상사고,0,1,1,0,차대차 - 측면직각충돌,신호위반,건조,맑음,교차로 - 교차로안,승용,남,35세,상해없음,승용,남,48세,중상
2011051500100122,2011년 5월 15일 05시,일요일,인천광역시 중구 사동,중상사고,0,1,0,0,차량단독 - 공작물충돌,안전운전불이행,기타,맑음,단일로 - 기타,승용,남,24세,상해없음,,,,
2011051500100164,2011년 5월 15일 09시,일요일,인천광역시 동구 송림동,경상사고,0,0,4,0,차대차 - 추돌 - 진행중,안전운전불이행,건조,맑음,교차로 - 교차로부근,승합,남,43세,상해없음,승용,여,44세,경상
2011051500100233,2011년 5월 15일 12시,일요일,인천광역시 서구 경서동,경상사고,0,0,2,0,차대차 - 측면직각충돌,안전거리미확보,건조,맑음,단일로 - 기타,승용,남,25세,상해없음,승용,남,48세,경상