사고번호,사고일시,요일,시군구,사고내용,사망자수,중상자수,경상자수,부상신고자수,사고유형,법규위반,노면상태,기상상태,도로형태,가해운전자 차종,가해운전자 성별,가해운전자 연령,가해운전자 상해정도,피해운전자 차종,피해운전자 성별,피해운전자 연령,피해운전자 상해정도
2011051900100332,2011년 5월 19일 14시,목요일,인천광역시 서구 가좌동,경상사고,0,0,1,0,차대차 - 기타,안전운전불이행,건조,맑음,단일로 - 기타,화물,남,70세,상해없음,승용,남,41세,경상
2011051900100356,2011년 5월 19일 15시,목요일,인천광역시 동구 화수동,중상사고,0,1,0,0,차대사람 - 횡단중,안전운전불이행,건조,흐림,단일로 - 횡단보도부근,승용,남,45세,상해없음,보행자,여,13세,중상
2011051900100357,2011년 5월 19일 15시,목요일,인천광역시 남구 주안동,경상사고,0,0,1,0,차대차 - 측면직각충돌,신호위반,건조,맑음,교차로 - 교차로안,승용,남,67세,상해없음,승용,남,67세,경상
2011051900100358,2011년 5월 19일 15시,목요일,인천광역시 남구 용현동,중상사고,0,1,0,0,차대차 - 기타,안전거리미확보,건조,맑음,단일로 - 기타,자전거,남,66세,중상,승용,남,24세,상해없음
2011051900100359,2011년 5월 19일 15시,목요일,인천광역시 서구 백석동,경상사고,0,0,1,0,차대차 - 측면직각충돌,중앙선침범,건조,맑음,단일로 - 기타,승용,남,40세,상해없음,승용,남,46세,경상
2011051900100386,2011년 5월 19일 16시,목요일,인천광역시 남동구 간석동,중상사고,0,2,1,0,차대차 - 기타,안전운전불이행,건조,맑음,단일로 - 기타,승용,여,53세,상해없음,이륜,남,16세,중상
2011051900100387,2011년 5월 19일 16시,목요일,인천광역시 연수구 동춘동,중상사고,0,1,0,0,차대차 - 측면직각충돌,교차로운행방법위반,건조,맑음,교차로 - 교차로안,화물,남,63세,상해없음,자전거,남,24세,중상
2011051900100426,2011년 5월 19일 17시,목요일,인천광역시 중구 항동1가,경상사고,0,0,1,0,차대차 - 추돌 - 진행중,안전운전불이행,건조,맑음,교차로 - 교차로부근,승용,남,50세,경상,화물,남,69세,상해없음
2011051900100427,2011년 5월 19일 17시,목요일,인천광역시 부평구 구산동,경상사고,0,0,3,0,차대차 - 추돌 - 진행중,안전운전불이행,건조,맑음,단일로 - 기타,승용,여,48세,경상,화물,남,48세,경상
2011051900100458,2011년 5월 19일 18시,목요일,인천광역시 남동구 논현동,경상사고,0,0,1,0,차대차 - 측면직각충돌,신호위반,건조,맑음,교차로 - 교차로안,원동기,남,25세,경상,승용,남,45세,상해없음
2011051900100484,2011년 5월 19일 19시,목요일,인천광역시 중구 운남동,중상사고,0,5,0,0,차대차 - 측면직각충돌,교차로운행방법위반,건조,맑음,교차로 - 교차로안,승용,여,44세,상해없음,승용,남,27세,중상
2011051900100485,2011년 5월 19일 19시,목요일,인천광역시 강화군 강화읍,경상사고,0,0,1,0,차대차 - 기타,안전운전불이행,건조,맑음,기타 - 기타,승용,여,20세,상해없음,승용,남,28세,경상
2011051900100486,2011년 5월 19일 19시,목요일,인천광역시 연수구 동춘동,중상사고,0,2,0,0,차대차 - 측면직각충돌,신호위반,건조,흐림,교차로 - 교차로안,승합,남,28세,중상,화물,남,49세,중상
2011051900100523,2011년 5월 19일 20시,목요일,인천광역시 계양구 효성동,경상사고,0,0,1,0,차대사람 - 기타,안전운전불이행,건조,맑음,교차로 - 교차로부근,승용,남,55세,상해없음,보행자,남,4세,경상
2011051900100524,2011년 5월 19일 20시,목요일,인천광역시 부평구 부평동,경상사고,0,0,1,0,차대차 - 기타,안전운전불이행,건조,맑음,단일로 - 기타,승용,남,38세,상해없음,원동기,남,33세,경상
2011051900100556,2011년 5월 19일 21시,목요일,인천광역시 남구 주안동,경상사고,0,0,1,0,차대차 - 기타,안전운전불이행,건조,맑음,단일로 - 기타,기타불명,기타불명,기타불명,기타불명,이륜,남,29세,경상
2011051900100557,2011년 5월 19일 21시,목요일,인천광역시 서구 백석동,중상사고,0,1,0,0,차대차 - 측면직각충돌,신호위반,건조,맑음,교차로 - 교차로안,화물,남,19세,상해없음,승용,남,29세,중상
2011052000100015,2011년 5월 20일 00시,금요일,인천광역시 서구 가정동,경상사고,0,0,1,0,차대사람 - 길가장자리구역통행중,안전운전불이행,건조,맑음,단일로 - 기타,승용,남,27세,기타불명,보행자,남,45세,경상
2011052000100036,2011년 5월 20일 01시,금요일,인천광역시 서구 가정동,부상신고사고,0,0,0,1,차대사람 - 기타,안전운전불이행,습기,비,단일로 - 기타,승용,남,52세,상해없음,보행자,남,17세,부상신고
2011052000100079,2011년 5월 20일 03시,금요일,인천광역시 남구 관교동,중상사고,0,1,0,0,차대차 - 측면직각충돌,신호위반,습기,비,교차로 - 교차로안,화물,남,37세,상해없음,승용,남,51세,중상
2011052000100145,2011년 5월 20일 07시,금요일,인천광역시 계양구 작전동,경상사고,0,0,3,0,차대차 - 측면직각충돌,안전운전불이행,습기,비,단일로 - 기타,승용,남,51세,상해없음,승용,남,37세,경상
2011052000100214,2011년 5월 20일 09시,금요일,인천광역시 중구 항동7가,경상사고,0,0,1,0,차대차 - 측면직각충돌,안전거리미확보,건조,맑음,교차로 - 교차로안,화물,남,33세,상해없음,화물,남,30세,경상
2011052000100215,2011년 5월 20일 09시,금요일,인천광역시 남동구 간석동,경상사고,0,0,1,0,차대차 - 측면직각충돌,안전운전불이행,습기,비,교차로 - 교차로부근,승합,남,64세,상해없음,자전거,여,50세,경상
2011052000100216,2011년 5월 20일 09시,금요일,인천광역시 연수구 선학동,경상사고,0,0,2,0,차대차 - 측면직각충돌,직진우회전진행방해,습기,비,교차로 - 교차로안,승용,남,55세,상해없음,승용,남,67세,상해없음
2011052000100235,2011년 5월 20일 10시,금요일,인천광역시 남동구 논현동,경상사고,0,0,2,0,차대차 - 측면직각충돌,교차로운행방법위반,건조,맑음,교차로 - 교차로부근,승용,여,43세,상해없음,승용,남,34세,경상
2011052000100268,2011년 5월 20일 11시,금요일,인천광역시 남구 학익동,중상사고,0,1,2,0,차대차 - 측면직각충돌,직진우회전진행방해,습기,비,교차로 - 교차로안,승용,남,59세,상해없음,승용,남,40세,경상
2011052000100287,2011년 5월 20일 12시,금요일,인천광역시 남동구 간석동,경상사고,0,0,1,0,차대사람 - 기타,안전운전불이행,습기,비,기타 - 기타,화물,남,49세,상해없음,보행자,남,10세,경상
2011052000100309,2011년 5월 20일 13시,금요일,인천광역시 남구 도화동,경상사고,0,0,1,0,차대차 - 기타,안전운전불이행,기타,비,기타 - 기타,화물,남,26세,상해없음,승용,여,41세,경상
2011052000100310,2011년 5월 20일 13시,금요일,인천광역시 남동구 장수동,중상사고,0,1,0,0,차대차 - 측면직각충돌,안전운전불이행,습기,비,교차로 - 교차로안,승용,여,49세,상해없음,승용,남,36세,중상
2011052000100341,2011년 5월 20일 14시,금요일,인천광역시 남동구 만수동,중상사고,0,1,1,0,차대차 - 기타,차로위반,습기,비,단일로 - 기타,승용,남,48세,중상,승용,여,49세,경상
2011052000100342,2011년 5월 20일 14시,금요일,인천광역시 계양구 용종동,중상사고,0,1,1,0,차대차 - 추돌 - 주정차중,안전운전불이행,건조,맑음,단일로 - 기타,승용,남,67세,상해없음,승합,남,34세,중상
2011052000100494,2011년 5월 20일 18시,금요일,인천광역시 부평구 산곡동,경상사고,0,0,2,0,차대차 - 정면충돌,안전운전불이행,습기,비,교차로 - 교차로부근,원동기,남,15세,경상,승용,남,61세,상해없음
2011052000100536,2011년 5월 20일 19시,금요일,인천광역시 남구 주안동,부상신고사고,0,0,0,1,차대사람 - 횡단중,보행자보호의무위반,건조,맑음,단일로 - 횡단보도상,승용,남,34세,상해없음,보행자,여,14세,부상신고
2011052000100537,2011년 5월 20일 19시,금요일,인천광역시 남구 학익동,경상사고,0,0,1,1,차대차 - 기타,차로위반,건조,맑음,단일로 - 기타,승용,여,41세,부상신고,승용,여,31세,경상
2011052000100538,2011년 5월 20일 19시,금요일,인천광역시 서구 가좌동,경상사고,0,0,2,0,차대차 - 측면직각충돌,안전운전불이행,건조,맑음,교차로 - 교차로안,승용,남,50세,상해없음,승용,남,47세,경상
2011052000100539,2011년 5월 20일 19시,금요일,인천광역시 연수구 연수동,경상사고,0,0,1,0,차대차 - 기타,안전운전불이행,건조,맑음,단일로 - 기타,승용,남,61세,상해없음,자전거,남,7세,경상
2011052000100588,2011년 5월 20일 20시,금요일,인천광역시 서구 가좌동,경상사고,0,0,1,0,차대차 - 기타,안전운전불이행,건조,맑음,교차로 - 교차로부근,승용,남,31세,기타불명,승용,남,60세,상해없음
2011052000100618,2011년 5월 20일 21시,금요일,인천광역시 남구 학익동,중상사고,0,1,0,0,차대사람 - 기타,안전운전불이행,습기,비,단일로 - 기타,승용,남,41세,상해없음,보행자,남,32세,중상
2011052000100619,2011년 5월 20일 21시,금요일,인천광역시 남구 용현동,중상사고,0,1,0,0,차대차 - 측면직각충돌,신호위반,건조,흐림,교차로 - 교차로안,원동기,남,48세,상해없음,원동기,남,58세,중상
2011052000100620,2011년 5월 20일 21시,금요일,인천광역시 부평구 십정동,경상사고,0,0,1,0,차대차 - 측면직각충돌,안전운전불이행,건조,맑음,단일로 - 기타,승용,남,54세,상해없음,화물,남,51세,경상
2011052000100621,2011년 5월 20일 21시,금요일,인천광역시 계양구 효성동,경상사고,0,0,1,0,차대사람 - 차도통행중,안전운전불이행,습기,비,단일로 - 기타,승합,남,54세,상해없음,보행자,남,6세,경상
2011052000100650,2011년 5월 20일 22시,금요일,인천광역시 남동구 논현동,경상사고,0,0,1,0,차대차 - 측면직각충돌,안전운전불이행,습기,비,단일로 - 기타,승용,남,60세,상해없음,승용,남,53세,경상
2011052000100687,2011년 5월 20일 23시,금요일,인천광역시 남구 주안동,경상사고,0,0,3,0,차대차 - 측면직각충돌,안전운전불이행,습기,비,교차로 - 교차로부근,승용,여,29세,상해없음,승용,남,47세,경상
2011052000100688,2011년 5월 20일 23시,금요일,인천광역시 남동구 간석동,경상사고,0,0,2,0,차대차 - 추돌 - 주정차중,안전운전불이행,습기,비,교차로 - 교차로부근,승용,남,33세,상해없음,승용,남,33세,경상
2011052000100689,2011년 5월 20일 23시,금요일,인천광역시 서구 석남동,경상사고,0,0,2,0,차대차 - 기타,안전운전불이행,건조,맑음,단일로 - 기타,승용,남,38세,상해없음,승용,남,30세,경상
2011052100100023,2011년 5월 21일 00시,토요일,인천광역시 연수구 선학동,경상사고,0,0,1,0,차량단독 - 기타,안전운전불이행,건조,맑음,단일로 - 기타,승합,남,45세,상해없음,,,,
2011052100100064,2011년 5월 21일 01시,토요일,인천광역시 서구 가정동,경상사고,0,0,1,0,차대사람 - 횡단중,보행자보호의무위반,습기,비,단일로 - 횡단보도상,승용,남,43세,상해없음,보행자,남,57세,경상
2011052100100090,2011년 5월 21일 02시,토요일,인천광역시 부평구 산곡동,경상사고,0,0,1,0,차대차 - 추돌 - 주정차중,안전운전불이행,건조,맑음,교차로 - 교차로부근,승용,남,29세,상해없음,승용,남,49세,경상
2011052100100127,2011년 5월 21일 04시,토요일,인천광역시 연수구 선학동,사망사고,1,1,0,0,차대차 - 정면충돌,중앙선침범,건조,흐림,단일로 - 기타,승용,남,27세,사망,승합,남,47세,중상
2011052100100148,2011년 5월 21일 05시,토요일,인천광역시 부평구 청천동,경상사고,0,0,1,0,차대차 - 추돌 - 주정차중,안전운전불이행,건조,흐림,단일로 - 기타,승용,남,30세,상해없음,승용,남,33세,경상
2011052100100149,2011년 5월 21일 05시,토요일,인천광역시 남동구 구월동,경상사고,0,0,1,0,차대차 - 추돌 - 주정차중,안전운전불이행,건조,맑음,교차로 - 교차로부근,화물,남,37세,상해없음,승합,남,40세,경상
2011052100100165,2011년 5월 21일 06시,토요일,인천광역시 부평구 갈산동,경상사고,0,0,1,0,차대차 - 측면직각충돌,차로위반,건조,맑음,단일로 - 기타,승용,남,28세,상해없음,승용,남,46세,경상
2011052100100190,2011년 5월 21일 07시,토요일,인천광역시 남구 학익동,경상사고,0,0,2,0,차대사람 - 횡단중,보행자보호의무위반,건조,맑음,단일로 - 횡단보도상,승용,남,40세,상해없음,보행자,여,55세,경상
2011052100100227,2011년 5월 21일 08시,토요일,인천광역시 동구 송현동,중상사고,0,1,0,0,차대사람 - 횡단중,안전운전불이행,건조,맑음,교차로 - 교차로부근,승용,남,43세,상해없음,보행자,여,18세,중상
2011052100100228,2011년 5월 21일 08시,토요일,인천광역시 계양구 방축동,경상사고,0,0,1,0,차대사람 - 길가장자리구역통행중,안전운전불이행,건조,맑음,단일로 - 기타,승용,남,59세,상해없음,보행자,여,18세,경상
2011052100100253,2011년 5월 21일 09시,토요일,인천광역시 동구 송림동,경상사고,0,0,1,0,차대차 - 측면직각충돌,안전운전불이행,건조,맑음,교차로 - 교차로안,화물,기타불명,기타불명,기타불명,원동기,남,24세,경상
2011052100100297,2011년 5월 21일 11시,토요일,인천광역시 남동구 구월동,경상사고,0,0,1,0,차대차 - 측면직각충돌,안전거리미확보,습기,비,교차로 - 교차로부근,승용,남,34세,상해없음,이륜,남,16세,경상
2011052100100384,2011년 5월 21일 13시,토요일,인천광역시 중구 항동7가,경상사고,0,0,1,0,차대사람 - 차도통행중,안전운전불이행,건조,맑음,교차로 - 교차로부근,승용,남,55세,상해없음,보행자,여,60세,경상
2011052100100385,2011년 5월 21일 13시,토요일,인천광역시 남구 관교동,경상사고,0,0,1,0,차대사람 - 횡단중,안전운전불이행,건조,맑음,단일로 - 횡단보도상,승용,남,47세,상해없음,보행자,남,12세,경상
2011052100100386,2011년 5월 21일 13시,토요일,인천광역시 남동구 구월동,경상사고,0,0,1,0,차대차 - 측면직각충돌,안전거리미확보,습기,비,단일로 - 기타,승용,남,54세,상해없음,승용,여,56세,경상
2011052100100387,2011년 5월 21일 13시,토요일,인천광역시 계양구 계산동,중상사고,0,1,0,0,차대차 - 추돌 - 진행중,신호위반,습기,비,단일로 - 기타,승용,남,52세,상해없음,이륜,남,32세,중상
2011052100100423,2011년 5월 21일 14시,토요일,인천광역시 중구 사동,중상사고,0,4,3,0,차대차 - 추돌 - 진행중,안전운전불이행,습기,흐림,교차로 - 교차로부근,화물,남,56세,상해없음,승용,남,27세,중상
2011052100100424,2011년 5월 21일 14시,토요일,인천광역시 남동구 구월동,부상신고사고,0,0,0,1,차대사람 - 기타,안전운전불이행,건조,맑음,교차로 - 교차로안,승용,남,40세,상해없음,보행자,남,61세,부상신고
2011052100100425,2011년 5월 21일 14시,토요일,인천광역시 부평구 청천동,경상사고,0,0,1,0,차대차 - 추돌 - 진행중,안전거리미확보,건조,맑음,단일로 - 기타,승용,남,46세,상해없음,승용,여,41세,경상
2011052100100470,2011년 5월 21일 15시,토요일,인천광역시 남구 주안동,중상사고,0,1,0,0,차대차 - 추돌 - 주정차중,안전운전불이행,건조,맑음,교차로 - 교차로부근,승용,남,53세,상해없음,승용,남,30세,중상
2011052100100471,2011년 5월 21일 15시,토요일,인천광역시 부평구 산곡동,중상사고,0,1,0,0,차대차 - 측면직각충돌,교차로운행방법위반,습기,비,교차로 - 교차로안,승용,남,32세,상해없음,자전거,남,54세,중상
2011052100100510,2011년 5월 21일 16시,토요일,인천광역시 중구 항동7가,경상사고,0,0,2,0,차대차 - 추돌 - 진행중,안전운전불이행,습기,흐림,단일로 - 기타,승용,남,32세,상해없음,승용,여,34세,경상
2011052100100511,2011년 5월 21일 16시,토요일,인천광역시 연수구 연수동,경상사고,0,0,2,0,차대차 - 추돌 - 주정차중,불법유턴,습기,비,단일로 - 기타,승용,남,44세,상해없음,승용,남,43세,경상
2011052100100554,2011년 5월 21일 17시,토요일,인천광역시 남동구 구월동,중상사고,0,1,0,0,차량단독 - 기타,기타,건조,맑음,단일로 - 기타,승합,남,62세,상해없음,,,,
2011052100100555,2011년 5월 21일 17시,토요일,인천광역시 남동구 논현동,경상사고,0,0,1,0,차대차 - 측면직각충돌,안전운전불이행,습기,비,단일로 - 횡단보도상,화물,남,41세,상해없음,자전거,남,10세,경상
2011052100100628,2011년 5월 21일 19시,토요일,인천광역시 남구 숭의동,경상사고,0,0,1,0,차대차 - 측면직각충돌,안전운전불이행,건조,맑음,단일로 - 기타,화물,남,28세,상해없음,이륜,남,17세,경상
2011052100100629,2011년 5월 21일 19시,토요일,인천광역시 남구 주안동,경상사고,0,0,1,0,차대사람 - 기타,안전운전불이행,건조,맑음,단일로 - 기타,승용,남,45세,상해없음,보행자,남,51세,경상
2011052100100630,2011년 5월 21일 19시,토요일,인천광역시 남동구 고잔동,중상사고,0,1,1,0,차대차 - 추돌 - 진행중,안전거리미확보,건조,맑음,단일로 - 기타,승용,남,44세,상해없음,승용,남,56세,중상
2011052100100631,2011년 5월 21일 19시,토요일,인천광역시 남동구 구월동,경상사고,0,0,1,0,차대차 - 기타,안전운전불이행,건조,맑음,단일로 - 기타,승용,남,36세,상해없음,화물,남,50세,경상
2011052100100666,2011년 5월 21일 20시,토요일,인천광역시 남동구 간석동,중상사고,0,1,2,0,차대차 - 측면직각충돌,신호위반,건조,맑음,교차로 - 교차로안,승용,남,40세,상해없음,승용,남,29세,중상
2011052100100667,2011년 5월 21일 20시,토요일,인천광역시 남동구 만수동,중상사고,0,1,0,0,차대사람 - 기타,안전운전불이행,건조,맑음,교차로 - 교차로안,승용,남,58세,상해없음,보행자,남,56세,중상
2011052100100668,2011년 5월 21일 20시,토요일,인천광역시 부평구 부개동,중상사고,0,1,0,0,차대사람 - 횡단중,안전운전불이행,건조,맑음,교차로 - 교차로부근,승용,여,61세,상해없음,보행자,남,62세,중상
2011052100100706,2011년 5월 21일 21시,토요일,인천광역시 남동구 남촌동,경상사고,0,0,2,0,차대차 - 추돌 - 주정차중,안전운전불이행,건조,맑음,단일로 - 기타,승용,남,53세,기타불명,승용,여,30세,경상
2011052100100707,2011년 5월 21일 21시,토요일,인천광역시 남동구 간석동,경상사고,0,0,1,0,차대차 - 추돌 - 주정차중,안전운전불이행,습기,비,교차로 - 교차로부근,승용,남,57세,기타불명,승용,남,24세,경상
2011052100100708,2011년 5월 21일 21시,토요일,인천광역시 부평구 부개동,경상사고,0,0,1,0,차대사람 - 기타,안전운전불이행,건조,맑음,교차로 - 교차로부근,승용,남,34세,상해없음,보행자,남,32세,경상
2011052100100743,2011년 5월 21일 22시,토요일,인천광역시 남동구 남촌동,경상사고,0,0,1,0,차대차 - 기타,안전운전불이행,건조,맑음,단일로 - 기타,화물,남,42세,상해없음,승용,남,36세,경상
2011052100100744,2011년 5월 21일 22시,토요일,인천광역시 강화군 강화읍,경상사고,0,0,1,0,차대차 - 추돌 - 주정차중,안전운전불이행,건조,맑음,교차로 - 교차로부근,승용,남,38세,상해없음,승용,남,45세,상해없음
2011052100100777,2011년 5월 21일 23시,토요일,인천광역시 남동구 간석동,경상사고,0,0,1,0,차대차 - 기타,차로위반,건조,맑음,단일로 - 기타,승용,남,30세,상해없음,승용,남,50세,경상
2011052100100778,2011년 5월 21일 23시,토요일,인천광역시 서구 왕길동,중상사고,0,1,0,0,차대사람 - 기타,안전운전불이행,건조,맑음,단일로 - 기타,승용,여,57세,상해없음,보행자,여,55세,중상
2011052200100035,2011년 5월 22일 00시,일요일,인천광역시 부평구 산곡동,중상사고,0,1,0,0,차대차 - 측면직각충돌,차로위반,건조,맑음,단일로 - 기타,승용,남,60세,상해없음,이륜,남,17세,중상
2011052200100036,2011년 5월 22일 00시,일요일,인천광역시 부평구 청천동,중상사고,0,2,0,0,차대차 - 기타,안전운전불이행,건조,맑음,단일로 - 기타,승용,여,38세,상해없음,승용,남,28세,중상
2011052200100082,2011년 5월 22일 02시,일요일,인천광역시 부평구 산곡동,경상사고,0,0,1,0,차대차 - 추돌 - 진행중,안전운전불이행,건조,흐림,교차로 - 교차로부근,화물,남,32세,상해없음,승용,남,52세,상해없음
2011052200100083,2011년 5월 22일 02시,일요일,인천광역시 부평구 산곡동,중상사고,0,2,1,0,차대차 - 추돌 - 주정차중,안전운전불이행,건조,맑음,단일로 - 기타,승용,남,53세,상해없음,승용,남,51세,상해없음
2011052200100084,2011년 5월 22일 02시,일요일,인천광역시 부평구 부평동,경상사고,0,0,3,0,차대차 - 측면직각충돌,안전거리미확보,건조,흐림,교차로 - 교차로부근,승용,남,21세,상해없음,승용,남,50세,경상
2011052200100085,2011년 5월 22일 02시,일요일,인천광역시 서구 신현동,경상사고,0,0,1,0,차대사람 - 횡단중,안전운전불이행,건조,맑음,단일로 - 기타,승용,남,46세,상해없음,보행자,남,45세,경상
2011052200100102,2011년 5월 22일 03시,일요일,인천광역시 남동구 간석동,중상사고,0,1,1,0,차대차 - 기타,안전운전불이행,건조,맑음,단일로 - 기타,승용,남,55세,상해없음,승용,여,33세,경상
2011052200100119,2011년 5월 22일 04시,일요일,인천광역시 남동구 장수동,사망사고,1,0,0,0,차대차 - 측면직각충돌,안전운전불이행,건조,맑음,교차로 - 교차로부근,승합,남,56세,상해없음,이륜,남,16세,사망
2011052200100120,2011년 5월 22일 04시,일요일,인천광역시 서구 석남동,중상사고,0,4,0,1,차대차 - 정면충돌,교차로운행방법위반,건조,맑음,교차로 - 교차로안,승합,남,44세,부상신고,승용,남,55세,중상
2011052200100169,2011년 5월 22일 07시,일요일,인천광역시 남동구 간석동,경상사고,0,0,2,0,차대차 - 기타,안전운전불이행,건조,맑음,교차로 - 교차로부근,승용,남,44세,기타불명,승합,남,66세,경상
2011052200100207,2011년 5월 22일 09시,일요일,인천광역시 계양구 효성동,경상사고,0,0,1,0,차대사람 - 횡단중,안전운전불이행,건조,맑음,교차로 - 교차로안,승용,여,33세,상해없음,보행자,남,38세,경상
2011052200100269,2011년 5월 22일 12시,일요일,인천광역시 계양구 용종동,경상사고,0,0,1,0,차대차 - 추돌 - 진행중,안전운전불이행,건조,맑음,단일로 - 기타,승용,남,46세,상해없음,이륜,남,51세,경상
2011052200100333,2011년 5월 22일 14시,일요일,인천광역시 남구 학익동,경상사고,0,0,1,0,차대차 - 측면직각충돌,안전운전불이행,건조,맑음,단일로 - 기타,원동기,남,17세,상해없음,승용,남,54세,상해없음
2011052200100397,2011년 5월 22일 16시,일요일,인천광역시 남동구 만수동,경상사고,0,0,1,0,차대차 - 측면직각충돌,교차로운행방법위반,건조,맑음,교차로 - 교차로안,원동기,남,22세,상해없음,특수,남,24세,경상
2011052200100398,2011년 5월 22일 16시,일요일,인천광역시 남동구 서창동,중상사고,0,1,0,0,차대사람 - 횡단중,보행자보호의무위반,건조,맑음,교차로 - 교차로부근,화물,남,47세,상해없음,보행자,여,71세,중상
2011052200100399,2011년 5월 22일 16시,일요일,인천광역시 서구 신현동,경상사고,0,0,1,0,차대차 - 기타,신호위반,건조,맑음,단일로 - 횡단보도상,승합,남,59세,상해없음,자전거,남,11세,경상
2011052200100426,2011년 5월 22일 17시,일요일,인천광역시 남구 주안동,경상사고,0,0,1,0,차대사람 - 횡단중,안전운전불이행,건조,맑음,단일로 - 기타,승용,남,46세,상해없음,보행자,남,8세,경상
2011052200100427,2011년 5월 22일 17시,일요일,인천광역시 서구 심곡동,경상사고,0,0,4,0,차대차 - 추돌 - 주정차중,안전운전불이행,건조,맑음,단일로 - 기타,승용,남,28세,상해없음,승용,남,34세,경상
2011052200100527,2011년 5월 22일 20시,일요일,인천광역시 남구 도화동,부상신고사고,0,0,0,1,차대사람 - 기타,신호위반,기타,기타,기타 - 기타,승용,여,29세,기타불명,보행자,여,63세,부상신고
2011052200100557,2011년 5월 22일 21시,일요일,인천광역시 남구 관교동,중상사고,0,1,0,0,차대사람 - 기타,안전운전불이행,건조,맑음,교차로 - 교차로부근,승용,남,63세,상해없음,보행자,남,65세,중상
2011052200100558,2011년 5월 22일 21시,일요일,인천광역시 남구 주안동,경상사고,0,0,1,0,차대차 - 추돌 - 주정차중,안전운전불이행,건조,맑음,교차로 - 교차로부근,승용,여,40세,상해없음,승용,남,30세,경상
2011052200100559,2011년 5월 22일 21시,일요일,인천광역시 계양구 작전동,경상사고,0,0,1,0,차대차 - 추돌 - 주정차중,안전운전불이행,건조,맑음,단일로 - 기타,승용,남,50세,상해없음,이륜,남,30세,경상
2011052200100578,2011년 5월 22일 22시,일요일,인천광역시 남구 숭의동,경상사고,0,0,1,0,차대차 - 정면충돌,중앙선침범,건조,맑음,기타 - 기타,승용,남,29세,상해없음,승용,남,31세,경상
2011052200100579,2011년 5월 22일 22시,일요일,인천광역시 남동구 만수동,경상사고,0,0,1,0,차대차 - 추돌 - 주정차중,안전운전불이행,건조,맑음,단일로 - 기타,승용,남,38세,상해없음,승용,남,56세,경상
2011052200100590,2011년 5월 22일 23시,일요일,인천광역시 남동구 남촌동,중상사고,0,1,0,0,차대차 - 측면직각충돌,교차로운행방법위반,건조,맑음,교차로 - 교차로안,원동기,남,15세,상해없음,원동기,남,54세,중상
2011052300100018,2011년 5월 23일 00시,월요일,인천광역시 계양구 작전동,경상사고,0,0,1,0,차대차 - 추돌 - 주정차중,안전운전불이행,건조,맑음,단일로 - 기타,승용,남,21세,상해없음,승용,남,46세,경상
2011052300100031,2011년 5월 23일 01시,월요일,인천광역시 남구 학익동,경상사고,0,0,1,0,차대차 - 추돌 - 주정차중,안전운전불이행,건조,맑음,교차로 - 교차로부근,승용,남,46세,상해없음,승용,남,33세,경상
2011052300100042,2011년 5월 23일 02시,월요일,인천광역시 연수구 동춘동,중상사고,0,1,0,0,차대차 - 측면직각충돌,안전거리미확보,건조,맑음,단일로 - 기타,이륜,남,16세,상해없음,특수,남,35세,상해없음
2011052300100097,2011년 5월 23일 07시,월요일,인천광역시 남구 용현동,경상사고,0,0,1,0,차대사람 - 기타,안전운전불이행,건조,맑음,교차로 - 교차로부근,승용,여,49세,상해없음,보행자,여,36세,경상
2011052300100098,2011년 5월 23일 07시,월요일,인천광역시 남동구 구월동,중상사고,0,2,1,0,차대차 - 추돌 - 진행중,안전거리미확보,건조,맑음,단일로 - 기타,승용,남,32세,중상,승용,남,57세,경상
2011052300100099,2011년 5월 23일 07시,월요일,인천광역시 남동구 고잔동,경상사고,0,0,1,0,차대차 - 측면직각충돌,교차로운행방법위반,건조,맑음,교차로 - 교차로안,승용,남,32세,상해없음,승용,남,33세,경상
2011052300100162,2011년 5월 23일 09시,월요일,인천광역시 연수구 선학동,중상사고,0,1,0,0,차대차 - 기타,안전운전불이행,건조,맑음,단일로 - 기타,승용,여,52세,상해없음,승용,남,50세,상해없음
2011052300100163,2011년 5월 23일 09시,월요일,인천광역시 서구 석남동,중상사고,0,1,1,0,차대차 - 기타,안전운전불이행,건조,맑음,단일로 - 기타,승용,남,33세,중상,승용,남,52세,경상
2011052300100194,2011년 5월 23일 10시,월요일,인천광역시 남동구 논현동,경상사고,0,0,1,0,차대차 - 측면직각충돌,신호위반,건조,맑음,교차로 - 교차로안,건설기계,남,36세,상해없음,화물,남,32세,경상
2011052300100245,2011년 5월 23일 12시,월요일,인천광역시 남동구 간석동,경상사고,0,0,1,0,차대사람 - 횡단중,보행자보호의무위반,건조,맑음,단일로 - 횡단보도상,승용,여,56세,상해없음,보행자,여,34세,경상
2011052300100311,2011년 5월 23일 14시,월요일,인천광역시 부평구 산곡동,경상사고,0,0,1,0,차대사람 - 기타,안전운전불이행,건조,맑음,단일로 - 기타,승합,남,26세,상해없음,보행자,여,64세,경상
2011052300100312,2011년 5월 23일 14시,월요일,인천광역시 부평구 삼산동,중상사고,0,1,0,0,차대사람 - 기타,안전운전불이행,건조,맑음,단일로 - 기타,승용,남,27세,상해없음,보행자,여,80세,중상