사고번호,사고일시,요일,시군구,사고내용,사망자수,중상자수,경상자수,부상신고자수,사고유형,법규위반,노면상태,기상상태,도로형태,가해운전자 차종,가해운전자 성별,가해운전자 연령,가해운전자 상해정도,피해운전자 차종,피해운전자 성별,피해운전자 연령,피해운전자 상해정도
2011052300100348,2011년 5월 23일 15시,월요일,인천광역시 남구 주안동,중상사고,0,1,0,0,차대차 - 측면직각충돌,직진우회전진행방해,건조,맑음,교차로 - 교차로안,승용,여,50세,상해없음,이륜,남,31세,중상
2011052300100381,2011년 5월 23일 16시,월요일,인천광역시 남동구 간석동,중상사고,0,1,0,0,차대사람 - 횡단중,안전운전불이행,건조,맑음,단일로 - 기타,승용,남,47세,상해없음,보행자,여,75세,중상
2011052300100382,2011년 5월 23일 16시,월요일,인천광역시 남동구 만수동,중상사고,0,1,0,0,차대사람 - 횡단중,안전운전불이행,건조,맑음,단일로 - 기타,화물,남,46세,상해없음,보행자,남,13세,중상
2011052300100469,2011년 5월 23일 18시,월요일,인천광역시 중구 전동,중상사고,0,1,0,0,차대차 - 측면직각충돌,교차로운행방법위반,건조,맑음,교차로 - 교차로안,이륜,남,16세,상해없음,승용,여,53세,상해없음
2011052300100470,2011년 5월 23일 18시,월요일,인천광역시 남구 주안동,경상사고,0,0,1,0,차대사람 - 기타,안전운전불이행,건조,맑음,단일로 - 기타,승용,남,58세,상해없음,보행자,남,27세,경상
2011052300100471,2011년 5월 23일 18시,월요일,인천광역시 남동구 만수동,경상사고,0,0,4,0,차대차 - 측면직각충돌,안전운전불이행,건조,맑음,교차로 - 교차로안,승용,남,44세,상해없음,승용,남,63세,경상
2011052300100472,2011년 5월 23일 18시,월요일,인천광역시 계양구 효성동,경상사고,0,0,2,0,차대차 - 추돌 - 주정차중,안전거리미확보,건조,맑음,단일로 - 기타,화물,남,55세,상해없음,승합,여,32세,경상
2011052300100501,2011년 5월 23일 19시,월요일,인천광역시 동구 송림동,경상사고,0,0,1,0,차대차 - 측면직각충돌,안전운전불이행,건조,맑음,단일로 - 기타,승합,남,54세,상해없음,원동기,남,16세,경상
2011052300100502,2011년 5월 23일 19시,월요일,인천광역시 남동구 만수동,경상사고,0,0,1,0,차대차 - 추돌 - 주정차중,안전운전불이행,건조,맑음,교차로 - 교차로부근,승용,남,48세,상해없음,승용,남,32세,경상
2011052300100503,2011년 5월 23일 19시,월요일,인천광역시 남동구 간석동,경상사고,0,0,1,0,차대차 - 기타,안전운전불이행,건조,맑음,단일로 - 기타,화물,남,48세,상해없음,자전거,남,70세,경상
2011052300100529,2011년 5월 23일 20시,월요일,인천광역시 부평구 청천동,경상사고,0,0,1,0,차대차 - 기타,기타,건조,맑음,교차로 - 교차로부근,승합,남,46세,상해없음,이륜,남,19세,상해없음
2011052300100568,2011년 5월 23일 21시,월요일,인천광역시 중구 신포동,경상사고,0,0,1,0,차대차 - 기타,안전운전불이행,건조,맑음,단일로 - 기타,승용,기타불명,기타불명,기타불명,승용,남,43세,경상
2011052300100569,2011년 5월 23일 21시,월요일,인천광역시 남구 주안동,경상사고,0,0,1,0,차대차 - 기타,안전거리미확보,건조,맑음,단일로 - 기타,승용,남,29세,상해없음,화물,남,41세,상해없음
2011052300100570,2011년 5월 23일 21시,월요일,인천광역시 남동구 간석동,중상사고,0,5,0,0,차대차 - 추돌 - 주정차중,안전운전불이행,건조,맑음,단일로 - 기타,승용,남,33세,상해없음,승용,남,39세,중상
2011052300100571,2011년 5월 23일 21시,월요일,인천광역시 계양구 방축동,경상사고,0,0,1,0,차대사람 - 길가장자리구역통행중,안전운전불이행,건조,맑음,단일로 - 기타,원동기,기타불명,기타불명,기타불명,보행자,여,16세,경상
2011052300100604,2011년 5월 23일 22시,월요일,인천광역시 남동구 남촌동,중상사고,0,1,0,0,차대차 - 기타,신호위반,건조,맑음,교차로 - 교차로안,승용,여,63세,상해없음,승용,남,26세,중상
2011052300100605,2011년 5월 23일 22시,월요일,인천광역시 연수구 옥련동,중상사고,0,2,0,0,차대차 - 측면직각충돌,안전운전불이행,건조,맑음,교차로 - 교차로안,승용,남,54세,상해없음,승용,여,56세,중상
2011052400100021,2011년 5월 24일 00시,화요일,인천광역시 서구 가정동,경상사고,0,0,1,0,차대차 - 추돌 - 주정차중,안전운전불이행,건조,맑음,교차로 - 교차로부근,승용,남,37세,상해없음,승용,여,59세,경상
2011052400100096,2011년 5월 24일 06시,화요일,인천광역시 부평구 산곡동,경상사고,0,0,2,0,차대차 - 측면직각충돌,중앙선침범,건조,맑음,단일로 - 기타,승용,남,64세,상해없음,승용,남,45세,경상
2011052400100097,2011년 5월 24일 06시,화요일,인천광역시 서구 가좌동,경상사고,0,0,2,0,차대차 - 추돌 - 진행중,신호위반,건조,맑음,교차로 - 교차로안,화물,남,37세,상해없음,승용,남,47세,경상
2011052400100098,2011년 5월 24일 06시,화요일,인천광역시 계양구 귤현동,경상사고,0,0,1,0,차대차 - 기타,안전운전불이행,건조,맑음,단일로 - 기타,승용,남,44세,상해없음,화물,남,48세,경상
2011052400100099,2011년 5월 24일 06시,화요일,인천광역시 계양구 계산동,경상사고,0,0,1,0,차대차 - 기타,안전거리미확보,건조,맑음,단일로 - 기타,승합,남,48세,상해없음,승합,남,46세,경상
2011052400100100,2011년 5월 24일 06시,화요일,인천광역시 연수구 청학동,경상사고,0,0,1,0,차대차 - 추돌 - 진행중,교차로운행방법위반,건조,맑음,교차로 - 교차로안,승용,기타불명,기타불명,기타불명,승용,여,58세,경상
2011052400100125,2011년 5월 24일 07시,화요일,인천광역시 서구 석남동,경상사고,0,0,1,0,차대사람 - 횡단중,안전운전불이행,건조,맑음,단일로 - 횡단보도상,승용,기타불명,기타불명,기타불명,보행자,남,14세,경상
2011052400100277,2011년 5월 24일 13시,화요일,인천광역시 중구 경동,중상사고,0,1,2,0,차대차 - 추돌 - 진행중,안전운전불이행,건조,맑음,교차로 - 교차로부근,승용,남,39세,상해없음,승용,남,34세,중상
2011052400100349,2011년 5월 24일 15시,화요일,인천광역시 남구 용현동,사망사고,1,0,0,0,차대차 - 측면직각충돌,신호위반,건조,맑음,교차로 - 교차로안,승용,남,41세,상해없음,이륜,남,36세,사망
2011052400100387,2011년 5월 24일 16시,화요일,인천광역시 중구 북성동1가,경상사고,0,0,3,0,차대차 - 추돌 - 주정차중,안전거리미확보,건조,맑음,단일로 - 기타,승용,남,25세,상해없음,승용,남,26세,경상
2011052400100388,2011년 5월 24일 16시,화요일,인천광역시 서구 가좌동,경상사고,0,0,2,0,차대차 - 기타,안전운전불이행,건조,맑음,단일로 - 기타,승용,여,55세,경상,화물,남,27세,경상
2011052400100425,2011년 5월 24일 17시,화요일,인천광역시 연수구 송도동,경상사고,0,0,1,0,차대차 - 측면직각충돌,신호위반,건조,맑음,교차로 - 교차로안,승용,남,25세,상해없음,승용,남,47세,경상
2011052400100426,2011년 5월 24일 17시,화요일,인천광역시 부평구 삼산동,경상사고,0,0,1,0,차대사람 - 횡단중,안전운전불이행,건조,맑음,교차로 - 교차로부근,승용,여,40세,상해없음,보행자,여,55세,경상
2011052400100459,2011년 5월 24일 18시,화요일,인천광역시 중구 전동,중상사고,0,1,0,0,차대사람 - 차도통행중,안전운전불이행,건조,맑음,단일로 - 기타,승용,남,18세,상해없음,보행자,여,68세,중상
2011052400100460,2011년 5월 24일 18시,화요일,인천광역시 남동구 만수동,중상사고,0,1,0,0,차대사람 - 횡단중,안전운전불이행,건조,맑음,단일로 - 횡단보도상,승용,남,41세,상해없음,보행자,남,11세,중상
2011052400100499,2011년 5월 24일 19시,화요일,인천광역시 서구 마전동,경상사고,0,0,1,0,차대사람 - 차도통행중,안전운전불이행,건조,맑음,기타 - 기타,승용,여,41세,상해없음,보행자,여,59세,경상
2011052400100520,2011년 5월 24일 20시,화요일,인천광역시 중구 송월동1가,중상사고,0,1,0,0,차대사람 - 차도통행중,안전운전불이행,건조,맑음,단일로 - 기타,이륜,남,62세,상해없음,보행자,남,57세,중상
2011052400100521,2011년 5월 24일 20시,화요일,인천광역시 남동구 간석동,중상사고,0,1,3,0,차대차 - 측면직각충돌,차로위반,건조,맑음,단일로 - 기타,승용,여,50세,경상,승용,여,43세,경상
2011052400100555,2011년 5월 24일 21시,화요일,인천광역시 남구 주안동,중상사고,0,1,0,0,차대사람 - 횡단중,안전운전불이행,건조,맑음,교차로 - 교차로안,승용,남,50세,상해없음,보행자,여,40세,중상
2011052400100589,2011년 5월 24일 22시,화요일,인천광역시 남동구 구월동,경상사고,0,0,1,0,차대사람 - 횡단중,보행자보호의무위반,건조,맑음,단일로 - 기타,승용,남,53세,상해없음,보행자,남,2세,경상
2011052400100590,2011년 5월 24일 22시,화요일,인천광역시 남동구 논현동,중상사고,0,1,0,0,차대차 - 기타,안전운전불이행,건조,맑음,단일로 - 기타,원동기,남,26세,중상,승용,남,28세,상해없음
2011052400100591,2011년 5월 24일 22시,화요일,인천광역시 서구 왕길동,경상사고,0,0,1,0,차대차 - 기타,중앙선침범,건조,맑음,단일로 - 기타,승용,남,42세,상해없음,승용,여,61세,상해없음
2011052400100616,2011년 5월 24일 23시,화요일,인천광역시 남동구 고잔동,중상사고,0,1,1,0,차대차 - 측면직각충돌,기타,건조,맑음,단일로 - 기타,승용,남,31세,상해없음,자전거,남,35세,중상
2011052400100617,2011년 5월 24일 23시,화요일,인천광역시 계양구 계산동,경상사고,0,0,1,0,차대차 - 추돌 - 진행중,교차로운행방법위반,건조,맑음,단일로 - 기타,승용,남,55세,상해없음,승용,남,56세,상해없음
2011052500100014,2011년 5월 25일 00시,수요일,인천광역시 남구 주안동,경상사고,0,0,2,0,차대차 - 측면직각충돌,신호위반,건조,맑음,단일로 - 기타,승용,남,30세,상해없음,승용,남,29세,경상
2011052500100015,2011년 5월 25일 00시,수요일,인천광역시 강화군 불은면,중상사고,0,1,0,0,차량단독 - 공작물충돌,안전운전불이행,건조,맑음,단일로 - 기타,승용,여,36세,중상,,,,
2011052500100036,2011년 5월 25일 02시,수요일,인천광역시 서구 가좌동,경상사고,0,0,1,0,차대사람 - 기타,안전운전불이행,건조,맑음,교차로 - 교차로부근,승용,남,33세,상해없음,보행자,여,40세,경상
2011052500100052,2011년 5월 25일 04시,수요일,인천광역시 부평구 산곡동,중상사고,0,3,0,0,차대차 - 측면직각충돌,신호위반,건조,맑음,교차로 - 교차로안,승용,여,46세,상해없음,승합,여,56세,중상
2011052500100073,2011년 5월 25일 06시,수요일,인천광역시 남구 주안동,경상사고,0,0,1,0,차대사람 - 기타,안전운전불이행,건조,맑음,단일로 - 기타,승용,남,30세,상해없음,보행자,남,36세,경상
2011052500100074,2011년 5월 25일 06시,수요일,인천광역시 부평구 십정동,중상사고,0,2,0,0,차대차 - 측면직각충돌,신호위반,건조,맑음,교차로 - 교차로안,승용,남,61세,상해없음,승용,남,47세,중상
2011052500100101,2011년 5월 25일 07시,수요일,인천광역시 남동구 만수동,사망사고,1,0,1,0,차량단독 - 공작물충돌,중앙선침범,건조,맑음,교차로 - 교차로부근,승용,남,25세,사망,,,,
2011052500100137,2011년 5월 25일 08시,수요일,인천광역시 남구 도화동,중상사고,0,1,0,0,차대사람 - 차도통행중,안전운전불이행,건조,맑음,단일로 - 기타,승용,남,40세,상해없음,보행자,여,6세,중상
2011052500100164,2011년 5월 25일 09시,수요일,인천광역시 남동구 구월동,경상사고,0,0,1,0,차대사람 - 횡단중,안전운전불이행,건조,맑음,교차로 - 교차로부근,승용,남,27세,상해없음,보행자,남,61세,경상
2011052500100210,2011년 5월 25일 11시,수요일,인천광역시 남구 용현동,중상사고,0,1,0,0,차대사람 - 기타,안전운전불이행,건조,맑음,기타 - 기타,화물,남,30세,상해없음,보행자,남,35세,중상
2011052500100211,2011년 5월 25일 11시,수요일,인천광역시 부평구 부평동,중상사고,0,1,0,0,차대사람 - 기타,안전운전불이행,건조,맑음,단일로 - 기타,승용,남,55세,상해없음,보행자,남,68세,중상
2011052500100257,2011년 5월 25일 13시,수요일,인천광역시 남동구 구월동,중상사고,0,1,0,0,차량단독 - 기타,기타,건조,맑음,교차로 - 교차로부근,승합,남,66세,상해없음,,,,
2011052500100306,2011년 5월 25일 15시,수요일,인천광역시 남동구 고잔동,중상사고,0,1,0,0,차대차 - 측면직각충돌,중앙선침범,건조,맑음,단일로 - 기타,승용,남,40세,상해없음,화물,남,51세,중상
2011052500100335,2011년 5월 25일 16시,수요일,인천광역시 중구 인현동,경상사고,0,0,3,0,차대차 - 측면직각충돌,신호위반,건조,맑음,교차로 - 교차로안,승용,여,44세,상해없음,승용,남,69세,경상
2011052500100336,2011년 5월 25일 16시,수요일,인천광역시 남동구 만수동,경상사고,0,0,1,0,차대사람 - 차도통행중,안전운전불이행,건조,맑음,단일로 - 기타,기타불명,기타불명,기타불명,기타불명,보행자,여,15세,경상
2011052500100377,2011년 5월 25일 17시,수요일,인천광역시 동구 송현동,경상사고,0,0,1,0,차대차 - 측면직각충돌,안전운전불이행,건조,맑음,교차로 - 교차로부근,승용,남,37세,상해없음,자전거,남,60세,경상
2011052500100378,2011년 5월 25일 17시,수요일,인천광역시 서구 경서동,중상사고,0,1,0,0,차대차 - 추돌 - 진행중,안전거리미확보,건조,맑음,단일로 - 횡단보도부근,자전거,남,61세,중상,승용,남,51세,상해없음
2011052500100450,2011년 5월 25일 19시,수요일,인천광역시 부평구 산곡동,중상사고,0,1,0,0,차량단독 - 공작물충돌,안전운전불이행,건조,맑음,단일로 - 기타,승합,남,50세,중상,,,,
2011052500100495,2011년 5월 25일 20시,수요일,인천광역시 옹진군 영흥면,중상사고,0,1,1,0,차대차 - 추돌 - 진행중,중앙선침범,건조,맑음,교차로 - 교차로안,승합,남,45세,상해없음,승용,남,38세,경상
2011052500100496,2011년 5월 25일 20시,수요일,인천광역시 부평구 부평동,경상사고,0,0,1,0,차대차 - 측면직각충돌,안전운전불이행,건조,맑음,교차로 - 교차로안,승용,남,57세,상해없음,이륜,남,18세,경상
2011052500100497,2011년 5월 25일 20시,수요일,인천광역시 부평구 부평동,경상사고,0,0,1,0,차대차 - 측면직각충돌,안전운전불이행,건조,맑음,교차로 - 교차로부근,승용,남,51세,상해없음,승용,남,28세,경상
2011052500100498,2011년 5월 25일 20시,수요일,인천광역시 부평구 부평동,경상사고,0,0,1,0,차대사람 - 차도통행중,안전운전불이행,건조,맑음,단일로 - 기타,화물,남,63세,상해없음,보행자,남,16세,경상
2011052500100535,2011년 5월 25일 21시,수요일,인천광역시 남구 주안동,부상신고사고,0,0,0,1,차대차 - 기타,안전운전불이행,건조,맑음,단일로 - 기타,이륜,남,18세,상해없음,승합,남,49세,상해없음
2011052500100536,2011년 5월 25일 21시,수요일,인천광역시 남구 도화동,경상사고,0,0,1,0,차대차 - 기타,안전거리미확보,건조,맑음,교차로 - 교차로부근,승용,남,31세,상해없음,승용,남,57세,경상
2011052500100537,2011년 5월 25일 21시,수요일,인천광역시 남구 주안동,경상사고,0,0,1,0,차대사람 - 기타,안전운전불이행,건조,맑음,단일로 - 기타,기타불명,기타불명,기타불명,기타불명,보행자,남,17세,경상
2011052500100576,2011년 5월 25일 22시,수요일,인천광역시 부평구 산곡동,중상사고,0,1,2,0,차대차 - 추돌 - 주정차중,안전운전불이행,건조,맑음,단일로 - 기타,승용,남,32세,상해없음,승용,여,41세,경상
2011052500100577,2011년 5월 25일 22시,수요일,인천광역시 부평구 산곡동,중상사고,0,1,0,0,차대차 - 측면직각충돌,교차로운행방법위반,건조,맑음,교차로 - 교차로안,승용,남,44세,상해없음,승합,여,43세,중상
2011052500100578,2011년 5월 25일 22시,수요일,인천광역시 남동구 논현동,중상사고,0,1,0,0,차대차 - 측면직각충돌,신호위반,건조,맑음,교차로 - 교차로부근,승용,남,26세,상해없음,이륜,남,17세,중상
2011052500100579,2011년 5월 25일 22시,수요일,인천광역시 남동구 간석동,경상사고,0,0,1,0,차대차 - 추돌 - 주정차중,안전운전불이행,건조,맑음,단일로 - 기타,승용,남,36세,상해없음,화물,남,38세,경상
2011052500100580,2011년 5월 25일 22시,수요일,인천광역시 서구 심곡동,경상사고,0,0,1,0,차대차 - 측면직각충돌,안전운전불이행,건조,맑음,단일로 - 기타,승합,남,61세,상해없음,화물,남,46세,경상
2011052500100611,2011년 5월 25일 23시,수요일,인천광역시 부평구 십정동,중상사고,0,2,1,0,차대차 - 추돌 - 주정차중,안전운전불이행,건조,맑음,단일로 - 기타,승용,남,38세,상해없음,승용,남,64세,중상
2011052600100014,2011년 5월 26일 00시,목요일,인천광역시 부평구 부개동,중상사고,0,1,0,0,차대차 - 측면직각충돌,안전운전불이행,건조,맑음,교차로 - 교차로안,승용,여,58세,상해없음,승용,남,47세,상해없음
2011052600100056,2011년 5월 26일 03시,목요일,인천광역시 남구 주안동,중상사고,0,1,0,0,차대사람 - 횡단중,보행자보호의무위반,건조,맑음,단일로 - 횡단보도상,기타불명,기타불명,기타불명,기타불명,보행자,남,63세,중상
2011052600100080,2011년 5월 26일 06시,목요일,인천광역시 남동구 구월동,경상사고,0,0,1,0,차대사람 - 기타,안전운전불이행,건조,맑음,단일로 - 기타,승용,남,48세,상해없음,보행자,남,38세,경상
2011052600100081,2011년 5월 26일 06시,목요일,인천광역시 계양구 작전동,중상사고,0,2,1,0,차대차 - 측면직각충돌,교차로운행방법위반,건조,맑음,교차로 - 교차로안,승용,남,56세,상해없음,승용,남,30세,중상
2011052600100107,2011년 5월 26일 07시,목요일,인천광역시 부평구 부평동,경상사고,0,0,2,0,차대차 - 추돌 - 주정차중,안전운전불이행,건조,맑음,단일로 - 횡단보도부근,승용,남,52세,기타불명,승용,여,52세,경상
2011052600100192,2011년 5월 26일 11시,목요일,인천광역시 서구 연희동,중상사고,0,1,0,0,차대차 - 측면직각충돌,신호위반,건조,맑음,교차로 - 교차로안,화물,남,50세,상해없음,이륜,남,52세,중상
2011052600100280,2011년 5월 26일 14시,목요일,인천광역시 동구 금곡동,중상사고,0,1,0,0,차대차 - 추돌 - 주정차중,안전운전불이행,건조,맑음,교차로 - 교차로부근,화물,남,45세,상해없음,승용,남,40세,상해없음
2011052600100281,2011년 5월 26일 14시,목요일,인천광역시 계양구 계산동,경상사고,0,0,1,0,차대차 - 추돌 - 주정차중,안전운전불이행,건조,맑음,단일로 - 기타,승용,남,61세,상해없음,이륜,남,61세,경상
2011052600100317,2011년 5월 26일 15시,목요일,인천광역시 남구 문학동,중상사고,0,1,0,0,차대사람 - 기타,안전운전불이행,건조,맑음,단일로 - 기타,승용,남,46세,상해없음,보행자,여,7세,중상
2011052600100350,2011년 5월 26일 16시,목요일,인천광역시 남동구 간석동,부상신고사고,0,0,0,1,차대차 - 추돌 - 진행중,안전거리미확보,건조,맑음,단일로 - 기타,이륜,남,69세,부상신고,승용,남,43세,상해없음
2011052600100351,2011년 5월 26일 16시,목요일,인천광역시 서구 석남동,중상사고,0,1,0,0,차대사람 - 기타,안전운전불이행,건조,맑음,단일로 - 기타,승합,남,29세,상해없음,보행자,여,53세,중상
2011052600100378,2011년 5월 26일 17시,목요일,인천광역시 남동구 고잔동,경상사고,0,0,3,0,차대차 - 기타,교차로운행방법위반,건조,맑음,교차로 - 교차로안,승용,남,41세,상해없음,승용,남,34세,경상
2011052600100379,2011년 5월 26일 17시,목요일,인천광역시 강화군 강화읍,중상사고,0,1,0,0,차대사람 - 길가장자리구역통행중,보행자보호의무위반,건조,맑음,단일로 - 기타,승용,여,21세,상해없음,보행자,여,12세,중상
2011052600100380,2011년 5월 26일 17시,목요일,인천광역시 부평구 부개동,중상사고,0,1,0,0,차대사람 - 횡단중,안전운전불이행,건조,맑음,단일로 - 횡단보도상,승용,남,40세,상해없음,보행자,남,10세,중상
2011052600100412,2011년 5월 26일 18시,목요일,인천광역시 남동구 남촌동,중상사고,0,1,0,0,차대사람 - 횡단중,안전운전불이행,건조,맑음,교차로 - 교차로부근,화물,남,54세,상해없음,보행자,남,76세,중상
2011052600100413,2011년 5월 26일 18시,목요일,인천광역시 서구 가정동,경상사고,0,0,3,0,차대차 - 추돌 - 진행중,안전운전불이행,건조,맑음,단일로 - 기타,승용,남,51세,상해없음,화물,남,64세,경상
2011052600100443,2011년 5월 26일 19시,목요일,인천광역시 연수구 연수동,경상사고,0,0,1,0,차대차 - 기타,안전운전불이행,건조,맑음,단일로 - 기타,승용,여,42세,상해없음,자전거,남,65세,경상
2011052600100476,2011년 5월 26일 20시,목요일,인천광역시 부평구 부개동,중상사고,0,1,0,0,차대사람 - 횡단중,신호위반,건조,맑음,단일로 - 횡단보도상,화물,남,49세,상해없음,보행자,남,35세,중상
2011052600100512,2011년 5월 26일 21시,목요일,인천광역시 남동구 간석동,부상신고사고,0,0,0,1,차대차 - 측면직각충돌,안전거리미확보,건조,맑음,단일로 - 기타,승용,남,51세,상해없음,이륜,남,19세,부상신고
2011052600100513,2011년 5월 26일 21시,목요일,인천광역시 계양구 병방동,경상사고,0,0,2,0,차대차 - 측면직각충돌,안전운전불이행,건조,맑음,단일로 - 기타,승용,남,54세,상해없음,승용,남,50세,경상
2011052600100514,2011년 5월 26일 21시,목요일,인천광역시 계양구 작전동,경상사고,0,0,1,0,차대차 - 측면직각충돌,안전운전불이행,건조,맑음,교차로 - 교차로부근,승용,기타불명,기타불명,기타불명,자전거,남,15세,경상
2011052700100014,2011년 5월 27일 00시,금요일,인천광역시 남동구 만수동,경상사고,0,0,5,0,차대차 - 기타,안전운전불이행,건조,맑음,단일로 - 기타,기타불명,기타불명,기타불명,기타불명,승합,여,26세,경상
2011052700100173,2011년 5월 27일 08시,금요일,인천광역시 남동구 구월동,중상사고,0,1,0,0,차대사람 - 기타,신호위반,건조,맑음,교차로 - 교차로안,원동기,남,64세,상해없음,보행자,남,35세,중상
2011052700100174,2011년 5월 27일 08시,금요일,인천광역시 부평구 부평동,경상사고,0,0,1,0,차량단독 - 기타,안전운전불이행,건조,맑음,단일로 - 기타,승합,남,51세,기타불명,,,,
2011052700100175,2011년 5월 27일 08시,금요일,인천광역시 연수구 선학동,중상사고,0,1,3,0,차대차 - 추돌 - 주정차중,안전운전불이행,건조,맑음,단일로 - 교량,승용,남,53세,중상,승용,남,43세,경상
2011052700100198,2011년 5월 27일 09시,금요일,인천광역시 부평구 산곡동,중상사고,0,1,0,0,차대차 - 측면직각충돌,차로위반,건조,맑음,단일로 - 기타,승용,남,62세,상해없음,이륜,남,50세,중상
2011052700100199,2011년 5월 27일 09시,금요일,인천광역시 연수구 선학동,경상사고,0,0,1,0,차량단독 - 기타,기타,건조,맑음,단일로 - 기타,승합,남,45세,상해없음,,,,
2011052700100304,2011년 5월 27일 13시,금요일,인천광역시 남구 주안동,경상사고,0,0,3,0,차대차 - 추돌 - 진행중,안전거리미확보,건조,맑음,단일로 - 기타,승용,남,51세,상해없음,승합,남,37세,경상
2011052700100341,2011년 5월 27일 14시,금요일,인천광역시 남구 주안동,부상신고사고,0,0,0,1,차대사람 - 횡단중,안전운전불이행,건조,맑음,단일로 - 기타,승용,기타불명,기타불명,기타불명,보행자,여,10세,부상신고
2011052700100342,2011년 5월 27일 14시,금요일,인천광역시 부평구 청천동,경상사고,0,0,1,0,차대사람 - 보도통행중,기타,건조,맑음,기타 - 기타,화물,남,40세,상해없음,보행자,여,56세,경상
2011052700100343,2011년 5월 27일 14시,금요일,인천광역시 남동구 구월동,경상사고,0,0,1,0,차대사람 - 보도통행중,안전운전불이행,건조,맑음,단일로 - 횡단보도부근,기타불명,기타불명,기타불명,기타불명,보행자,남,24세,경상
2011052700100414,2011년 5월 27일 16시,금요일,인천광역시 부평구 부평동,중상사고,0,1,0,0,차량단독 - 기타,안전운전불이행,건조,맑음,기타 - 기타,승합,남,41세,기타불명,,,,
2011052700100456,2011년 5월 27일 17시,금요일,인천광역시 계양구 효성동,경상사고,0,0,1,0,차대사람 - 차도통행중,안전운전불이행,건조,맑음,단일로 - 기타,승용,남,44세,상해없음,보행자,여,56세,경상
2011052700100513,2011년 5월 27일 18시,금요일,인천광역시 중구 신흥동3가,중상사고,0,1,0,0,차대차 - 측면직각충돌,신호위반,건조,맑음,단일로 - 횡단보도상,승용,남,45세,상해없음,자전거,남,13세,중상
2011052700100514,2011년 5월 27일 18시,금요일,인천광역시 남구 숭의동,경상사고,0,0,1,0,차대차 - 추돌 - 주정차중,안전운전불이행,건조,맑음,단일로 - 기타,승용,남,48세,상해없음,승용,남,58세,경상
2011052700100586,2011년 5월 27일 20시,금요일,인천광역시 남구 주안동,경상사고,0,0,1,0,차대차 - 추돌 - 주정차중,안전운전불이행,건조,맑음,단일로 - 기타,승용,남,33세,상해없음,승용,남,37세,경상
2011052700100587,2011년 5월 27일 20시,금요일,인천광역시 계양구 병방동,경상사고,0,0,1,0,차대사람 - 횡단중,신호위반,건조,맑음,단일로 - 횡단보도상,이륜,남,16세,상해없음,보행자,여,57세,경상
2011052700100588,2011년 5월 27일 20시,금요일,인천광역시 연수구 연수동,경상사고,0,0,1,0,차대차 - 기타,신호위반,건조,맑음,단일로 - 횡단보도상,기타불명,기타불명,기타불명,기타불명,자전거,남,37세,경상
2011052700100626,2011년 5월 27일 21시,금요일,인천광역시 남동구 구월동,경상사고,0,0,1,0,차대사람 - 횡단중,안전운전불이행,건조,맑음,교차로 - 교차로부근,승합,남,41세,상해없음,보행자,남,21세,경상
2011052700100627,2011년 5월 27일 21시,금요일,인천광역시 연수구 송도동,경상사고,0,0,4,0,차대차 - 추돌 - 진행중,안전거리미확보,건조,맑음,단일로 - 기타,승용,남,46세,상해없음,승용,남,28세,경상
2011052700100666,2011년 5월 27일 22시,금요일,인천광역시 남구 주안동,경상사고,0,0,1,0,차대차 - 기타,안전거리미확보,건조,맑음,단일로 - 기타,승용,남,35세,상해없음,승용,남,58세,경상
2011052700100667,2011년 5월 27일 22시,금요일,인천광역시 남동구 만수동,중상사고,0,1,3,0,차대차 - 추돌 - 주정차중,안전거리미확보,건조,맑음,단일로 - 기타,승용,남,53세,상해없음,승용,남,62세,중상
2011052800100022,2011년 5월 28일 00시,토요일,인천광역시 남구 용현동,중상사고,0,1,0,0,차대차 - 측면직각충돌,안전거리미확보,건조,맑음,단일로 - 기타,승용,남,42세,상해없음,승용,남,41세,중상
2011052800100023,2011년 5월 28일 00시,토요일,인천광역시 연수구 동춘동,중상사고,0,1,0,0,차대사람 - 기타,안전운전불이행,건조,맑음,교차로 - 교차로안,승용,남,27세,상해없음,보행자,남,65세,중상
2011052800100081,2011년 5월 28일 03시,토요일,인천광역시 계양구 효성동,중상사고,0,1,2,0,차대차 - 측면직각충돌,신호위반,건조,맑음,교차로 - 교차로안,승용,남,29세,상해없음,승용,남,60세,중상
2011052800100129,2011년 5월 28일 06시,토요일,인천광역시 서구 연희동,경상사고,0,0,2,0,차대차 - 추돌 - 주정차중,안전운전불이행,건조,맑음,교차로 - 교차로부근,승용,남,27세,상해없음,승용,남,33세,경상
2011052800100141,2011년 5월 28일 07시,토요일,인천광역시 남구 주안동,경상사고,0,0,1,0,차대사람 - 횡단중,안전운전불이행,건조,맑음,단일로 - 기타,기타불명,기타불명,기타불명,기타불명,보행자,여,74세,경상
2011052800100157,2011년 5월 28일 08시,토요일,인천광역시 남구 학익동,중상사고,0,1,1,0,차대차 - 추돌 - 진행중,안전거리미확보,건조,맑음,기타 - 기타,승용,남,25세,상해없음,승용,남,50세,경상
2011052800100240,2011년 5월 28일 11시,토요일,인천광역시 남동구 만수동,중상사고,0,1,0,0,차대사람 - 기타,안전운전불이행,건조,맑음,단일로 - 기타,승합,남,42세,상해없음,보행자,여,61세,중상
2011052800100241,2011년 5월 28일 11시,토요일,인천광역시 부평구 부개동,경상사고,0,0,1,0,차대차 - 기타,안전운전불이행,건조,맑음,교차로 - 교차로부근,승용,남,30세,상해없음,이륜,남,35세,경상