사고번호,사고일시,요일,시군구,사고내용,사망자수,중상자수,경상자수,부상신고자수,사고유형,법규위반,노면상태,기상상태,도로형태,가해운전자 차종,가해운전자 성별,가해운전자 연령,가해운전자 상해정도,피해운전자 차종,피해운전자 성별,피해운전자 연령,피해운전자 상해정도
2011052800100316,2011년 5월 28일 13시,토요일,인천광역시 남구 숭의동,경상사고,0,0,1,0,차대차 - 추돌 - 주정차중,안전거리미확보,건조,맑음,단일로 - 기타,승용,남,55세,상해없음,승용,남,56세,상해없음
2011052800100317,2011년 5월 28일 13시,토요일,인천광역시 남동구 장수동,중상사고,0,1,0,0,차대차 - 측면직각충돌,신호위반,건조,맑음,교차로 - 교차로안,승용,여,29세,상해없음,승용,남,50세,중상
2011052800100352,2011년 5월 28일 14시,토요일,인천광역시 부평구 십정동,중상사고,0,3,0,1,차대차 - 정면충돌,신호위반,건조,맑음,교차로 - 교차로안,승합,남,57세,중상,화물,남,43세,중상
2011052800100353,2011년 5월 28일 14시,토요일,인천광역시 남동구 남촌동,중상사고,0,2,1,0,차대차 - 측면직각충돌,안전운전불이행,건조,맑음,단일로 - 기타,승용,남,26세,상해없음,승용,남,37세,중상
2011052800100354,2011년 5월 28일 14시,토요일,인천광역시 서구 가좌동,경상사고,0,0,1,0,차대사람 - 기타,기타,건조,맑음,기타 - 기타,화물,남,37세,상해없음,보행자,남,36세,경상
2011052800100355,2011년 5월 28일 14시,토요일,인천광역시 서구 석남동,중상사고,0,1,0,0,차대사람 - 횡단중,안전운전불이행,건조,맑음,교차로 - 교차로안,화물,남,40세,상해없음,보행자,남,71세,중상
2011052800100391,2011년 5월 28일 15시,토요일,인천광역시 부평구 십정동,경상사고,0,0,2,0,차대차 - 추돌 - 주정차중,안전운전불이행,건조,맑음,교차로 - 교차로부근,승용,남,39세,상해없음,승용,남,49세,경상
2011052800100392,2011년 5월 28일 15시,토요일,인천광역시 남동구 구월동,중상사고,0,1,0,0,차대사람 - 횡단중,안전운전불이행,건조,맑음,단일로 - 기타,승용,남,41세,상해없음,보행자,남,70세,중상
2011052800100393,2011년 5월 28일 15시,토요일,인천광역시 연수구 옥련동,경상사고,0,0,1,0,차대차 - 측면직각충돌,안전거리미확보,건조,맑음,단일로 - 기타,승용,남,37세,상해없음,승용,여,36세,경상
2011052800100394,2011년 5월 28일 15시,토요일,인천광역시 부평구 부평동,부상신고사고,0,0,0,1,차대사람 - 횡단중,안전운전불이행,건조,맑음,교차로 - 교차로안,승용,남,41세,상해없음,보행자,남,11세,부상신고
2011052800100416,2011년 5월 28일 16시,토요일,인천광역시 서구 마전동,경상사고,0,0,1,0,차대차 - 기타,안전운전불이행,건조,맑음,단일로 - 기타,승합,남,51세,상해없음,승합,남,54세,경상
2011052800100455,2011년 5월 28일 17시,토요일,인천광역시 남동구 장수동,경상사고,0,0,2,0,차대차 - 추돌 - 진행중,안전거리미확보,건조,맑음,단일로 - 기타,승합,남,48세,상해없음,화물,남,35세,경상
2011052800100491,2011년 5월 28일 18시,토요일,인천광역시 부평구 산곡동,경상사고,0,0,2,0,차대차 - 추돌 - 진행중,안전거리미확보,건조,맑음,교차로 - 교차로안,승용,남,55세,상해없음,승용,여,53세,경상
2011052800100529,2011년 5월 28일 19시,토요일,인천광역시 동구 만석동,경상사고,0,0,1,0,차대사람 - 차도통행중,안전운전불이행,건조,맑음,교차로 - 교차로안,원동기,남,53세,상해없음,보행자,여,19세,경상
2011052800100530,2011년 5월 28일 19시,토요일,인천광역시 계양구 작전동,경상사고,0,0,1,0,차대차 - 추돌 - 진행중,안전운전불이행,건조,맑음,단일로 - 기타,승용,남,40세,상해없음,승용,남,30세,경상
2011052800100564,2011년 5월 28일 20시,토요일,인천광역시 남동구 장수동,중상사고,0,1,0,0,차대차 - 추돌 - 주정차중,안전운전불이행,건조,맑음,단일로 - 기타,승용,남,42세,중상,승용,남,44세,상해없음
2011052800100623,2011년 5월 28일 22시,토요일,인천광역시 부평구 부평동,중상사고,0,4,2,0,차대차 - 추돌 - 주정차중,안전운전불이행,건조,맑음,단일로 - 기타,승용,남,47세,상해없음,승용,남,35세,중상
2011052800100624,2011년 5월 28일 22시,토요일,인천광역시 계양구 서운동,중상사고,0,2,4,0,차대차 - 추돌 - 진행중,안전운전불이행,건조,맑음,단일로 - 기타,승용,남,22세,상해없음,승용,여,28세,중상
2011052900100053,2011년 5월 29일 02시,일요일,인천광역시 중구 사동,경상사고,0,0,4,0,차대차 - 기타,중앙선침범,기타,맑음,교차로 - 교차로부근,승용,남,36세,상해없음,승용,여,39세,경상
2011052900100054,2011년 5월 29일 02시,일요일,인천광역시 남동구 간석동,경상사고,0,0,1,0,차대사람 - 횡단중,안전운전불이행,건조,맑음,단일로 - 기타,승용,남,57세,상해없음,보행자,여,60세,경상
2011052900100082,2011년 5월 29일 04시,일요일,인천광역시 남구 숭의동,경상사고,0,0,2,0,차대차 - 측면직각충돌,교차로운행방법위반,건조,맑음,교차로 - 교차로안,승용,여,54세,상해없음,승용,남,66세,상해없음
2011052900100103,2011년 5월 29일 06시,일요일,인천광역시 남구 숭의동,경상사고,0,0,4,0,차대차 - 추돌 - 주정차중,안전운전불이행,건조,맑음,교차로 - 교차로부근,승용,남,19세,상해없음,승용,여,54세,경상
2011052900100138,2011년 5월 29일 08시,일요일,인천광역시 부평구 부평동,중상사고,0,1,0,0,차대사람 - 보도통행중,안전운전불이행,건조,맑음,교차로 - 교차로안,승용,남,34세,상해없음,보행자,여,71세,중상
2011052900100139,2011년 5월 29일 08시,일요일,인천광역시 계양구 효성동,중상사고,0,1,0,0,차대차 - 측면직각충돌,안전운전불이행,건조,맑음,교차로 - 교차로안,기타불명,기타불명,기타불명,기타불명,자전거,여,32세,중상
2011052900100140,2011년 5월 29일 08시,일요일,인천광역시 부평구 삼산동,사망사고,1,0,0,0,차대차 - 측면직각충돌,신호위반,기타,맑음,교차로 - 교차로안,이륜,남,73세,사망,승용,남,42세,상해없음
2011052900100161,2011년 5월 29일 09시,일요일,인천광역시 부평구 삼산동,경상사고,0,0,1,0,차대차 - 측면직각충돌,교차로운행방법위반,건조,맑음,단일로 - 기타,승용,여,44세,상해없음,승합,남,42세,경상
2011052900100178,2011년 5월 29일 10시,일요일,인천광역시 남동구 논현동,경상사고,0,0,1,0,차대사람 - 보도통행중,보행자보호의무위반,건조,맑음,단일로 - 횡단보도상,승용,여,50세,상해없음,보행자,남,4세,경상
2011052900100246,2011년 5월 29일 13시,일요일,인천광역시 중구 덕교동,경상사고,0,0,1,0,차대사람 - 기타,안전운전불이행,건조,맑음,단일로 - 기타,승용,기타불명,기타불명,기타불명,보행자,남,46세,경상
2011052900100276,2011년 5월 29일 14시,일요일,인천광역시 부평구 청천동,경상사고,0,0,2,0,차대차 - 측면직각충돌,안전거리미확보,건조,맑음,단일로 - 기타,화물,남,60세,상해없음,승용,남,34세,경상
2011052900100315,2011년 5월 29일 15시,일요일,인천광역시 부평구 부평동,경상사고,0,0,1,0,차대차 - 측면직각충돌,중앙선침범,건조,맑음,단일로 - 기타,승용,남,29세,상해없음,이륜,남,19세,경상
2011052900100316,2011년 5월 29일 15시,일요일,인천광역시 남구 학익동,경상사고,0,0,1,0,차대차 - 기타,안전거리미확보,건조,맑음,단일로 - 기타,승용,남,54세,상해없음,승용,남,25세,경상
2011052900100352,2011년 5월 29일 16시,일요일,인천광역시 남동구 만수동,중상사고,0,3,7,0,차대차 - 기타,안전운전불이행,건조,맑음,교차로 - 교차로안,승용,남,62세,상해없음,승용,남,29세,경상
2011052900100391,2011년 5월 29일 17시,일요일,인천광역시 남구 주안동,경상사고,0,0,1,0,차대사람 - 기타,보행자보호의무위반,건조,맑음,단일로 - 횡단보도상,자전거,남,15세,상해없음,보행자,여,41세,경상
2011052900100446,2011년 5월 29일 19시,일요일,인천광역시 남동구 논현동,중상사고,0,1,0,0,차대차 - 추돌 - 주정차중,안전운전불이행,건조,맑음,단일로 - 기타,화물,남,40세,상해없음,승용,여,51세,중상
2011052900100447,2011년 5월 29일 19시,일요일,인천광역시 남동구 구월동,경상사고,0,0,3,0,차대차 - 기타,차로위반,건조,맑음,단일로 - 기타,승용,남,64세,상해없음,승용,남,32세,경상
2011052900100485,2011년 5월 29일 20시,일요일,인천광역시 남구 도화동,경상사고,0,0,1,0,차대차 - 기타,안전거리미확보,건조,맑음,단일로 - 기타,승용,여,45세,상해없음,승용,여,38세,상해없음
2011052900100486,2011년 5월 29일 20시,일요일,인천광역시 남동구 구월동,경상사고,0,0,1,0,차대차 - 추돌 - 주정차중,안전운전불이행,건조,맑음,단일로 - 기타,화물,남,58세,상해없음,승용,남,26세,경상
2011052900100513,2011년 5월 29일 21시,일요일,인천광역시 중구 신흥동3가,경상사고,0,0,1,0,차대차 - 기타,안전거리미확보,건조,맑음,교차로 - 교차로부근,승용,남,51세,상해없음,승용,남,49세,경상
2011052900100514,2011년 5월 29일 21시,일요일,인천광역시 서구 석남동,경상사고,0,0,2,0,차대차 - 측면직각충돌,안전운전불이행,건조,맑음,단일로 - 기타,화물,남,36세,상해없음,승용,남,38세,경상
2011052900100515,2011년 5월 29일 21시,일요일,인천광역시 부평구 삼산동,경상사고,0,0,1,0,차대차 - 측면직각충돌,안전운전불이행,건조,맑음,교차로 - 교차로부근,승용,여,28세,상해없음,이륜,남,16세,경상
2011052900100537,2011년 5월 29일 22시,일요일,인천광역시 서구 가정동,중상사고,0,1,0,0,차대차 - 측면직각충돌,안전거리미확보,건조,맑음,단일로 - 기타,승용,남,24세,상해없음,이륜,남,48세,중상
2011052900100562,2011년 5월 29일 23시,일요일,인천광역시 서구 석남동,부상신고사고,0,0,0,1,차대차 - 정면충돌,신호위반,건조,맑음,단일로 - 기타,이륜,남,49세,부상신고,승용,남,44세,상해없음
2011053000100009,2011년 5월 30일 00시,월요일,인천광역시 남구 주안동,경상사고,0,0,1,0,차대차 - 정면충돌,안전운전불이행,건조,맑음,교차로 - 교차로부근,승용,남,27세,상해없음,승용,남,52세,경상
2011053000100010,2011년 5월 30일 00시,월요일,인천광역시 계양구 계산동,경상사고,0,0,3,0,차대차 - 추돌 - 주정차중,안전운전불이행,건조,맑음,단일로 - 기타,승용,남,27세,상해없음,승용,남,53세,경상
2011053000100011,2011년 5월 30일 00시,월요일,인천광역시 연수구 연수동,경상사고,0,0,1,0,차대사람 - 횡단중,안전운전불이행,건조,맑음,교차로 - 교차로안,이륜,남,48세,상해없음,보행자,남,25세,경상
2011053000100084,2011년 5월 30일 07시,월요일,인천광역시 남동구 논현동,중상사고,0,1,0,0,차대차 - 정면충돌,안전운전불이행,건조,맑음,단일로 - 기타,승용,남,43세,상해없음,자전거,남,52세,중상
2011053000100130,2011년 5월 30일 08시,월요일,인천광역시 남구 도화동,경상사고,0,0,1,0,차대차 - 기타,차로위반,건조,맑음,단일로 - 기타,화물,남,50세,상해없음,승용,남,38세,상해없음
2011053000100164,2011년 5월 30일 09시,월요일,인천광역시 남구 문학동,경상사고,0,0,1,0,차대차 - 측면직각충돌,안전운전불이행,건조,맑음,교차로 - 교차로안,승용,남,50세,상해없음,자전거,여,42세,경상
2011053000100165,2011년 5월 30일 09시,월요일,인천광역시 부평구 청천동,중상사고,0,1,0,0,차대차 - 측면직각충돌,안전운전불이행,건조,맑음,교차로 - 교차로안,승합,남,52세,상해없음,이륜,남,42세,중상
2011053000100244,2011년 5월 30일 12시,월요일,인천광역시 남동구 간석동,중상사고,0,1,2,0,차대차 - 측면직각충돌,안전운전불이행,건조,맑음,단일로 - 기타,승용,남,57세,상해없음,승용,남,27세,경상
2011053000100275,2011년 5월 30일 13시,월요일,인천광역시 남구 도화동,중상사고,0,1,5,0,차대차 - 기타,안전거리미확보,건조,맑음,교차로 - 교차로부근,화물,남,25세,상해없음,화물,남,59세,경상
2011053000100309,2011년 5월 30일 14시,월요일,인천광역시 남동구 간석동,중상사고,0,1,0,0,차대사람 - 기타,보행자보호의무위반,건조,맑음,단일로 - 횡단보도상,승용,남,64세,상해없음,보행자,여,24세,중상
2011053000100365,2011년 5월 30일 16시,월요일,인천광역시 남동구 논현동,중상사고,0,1,1,0,차대사람 - 기타,안전운전불이행,건조,맑음,단일로 - 기타,화물,남,45세,상해없음,보행자,여,34세,중상
2011053000100366,2011년 5월 30일 16시,월요일,인천광역시 부평구 부개동,경상사고,0,0,1,0,차대차 - 기타,안전운전불이행,건조,맑음,교차로 - 교차로부근,승용,남,27세,상해없음,승용,남,25세,경상
2011053000100404,2011년 5월 30일 17시,월요일,인천광역시 남구 숭의동,경상사고,0,0,2,0,차대차 - 정면충돌,중앙선침범,건조,맑음,교차로 - 교차로부근,화물,남,59세,상해없음,승합,남,64세,경상
2011053000100405,2011년 5월 30일 17시,월요일,인천광역시 남동구 만수동,중상사고,0,1,0,0,차대사람 - 횡단중,보행자보호의무위반,건조,맑음,교차로 - 교차로안,승용,남,56세,상해없음,보행자,여,18세,중상
2011053000100406,2011년 5월 30일 17시,월요일,인천광역시 부평구 부평동,경상사고,0,0,1,0,차대사람 - 횡단중,신호위반,건조,맑음,단일로 - 횡단보도상,화물,남,37세,상해없음,보행자,여,32세,경상
2011053000100444,2011년 5월 30일 18시,월요일,인천광역시 부평구 산곡동,중상사고,0,1,0,0,차대차 - 기타,안전운전불이행,건조,맑음,교차로 - 교차로안,승용,남,39세,상해없음,자전거,남,73세,중상
2011053000100445,2011년 5월 30일 18시,월요일,인천광역시 서구 심곡동,경상사고,0,0,1,0,차대차 - 기타,안전운전불이행,건조,맑음,단일로 - 기타,화물,남,55세,상해없음,화물,남,27세,경상
2011053000100446,2011년 5월 30일 18시,월요일,인천광역시 서구 가좌동,중상사고,0,1,0,0,차대차 - 추돌 - 진행중,안전운전불이행,건조,맑음,단일로 - 기타,승합,남,56세,상해없음,이륜,남,67세,중상
2011053000100447,2011년 5월 30일 18시,월요일,인천광역시 서구 석남동,경상사고,0,0,1,0,차대차 - 추돌 - 주정차중,안전운전불이행,건조,맑음,기타 - 기타,승용,남,51세,상해없음,승용,남,42세,경상
2011053000100448,2011년 5월 30일 18시,월요일,인천광역시 연수구 옥련동,중상사고,0,1,0,0,차대차 - 기타,안전운전불이행,건조,맑음,교차로 - 교차로부근,화물,남,42세,상해없음,자전거,여,9세,중상
2011053000100551,2011년 5월 30일 21시,월요일,인천광역시 남구 학익동,경상사고,0,0,2,0,차대차 - 추돌 - 주정차중,안전운전불이행,건조,맑음,단일로 - 기타,승용,남,45세,상해없음,승용,남,47세,경상
2011053000100552,2011년 5월 30일 21시,월요일,인천광역시 남구 주안동,경상사고,0,0,1,0,차대차 - 측면직각충돌,안전운전불이행,건조,맑음,단일로 - 기타,승용,남,42세,상해없음,승용,남,33세,기타불명
2011053000100579,2011년 5월 30일 22시,월요일,인천광역시 남동구 간석동,경상사고,0,0,1,0,차대차 - 측면직각충돌,안전거리미확보,건조,맑음,단일로 - 기타,승용,남,65세,상해없음,승용,남,34세,상해없음
2011053000100602,2011년 5월 30일 23시,월요일,인천광역시 남동구 논현동,중상사고,0,1,1,0,차대차 - 기타,신호위반,건조,맑음,교차로 - 교차로안,승용,남,22세,상해없음,승용,남,55세,경상
2011053100100015,2011년 5월 31일 00시,화요일,인천광역시 남구 도화동,경상사고,0,0,2,0,차대차 - 정면충돌,중앙선침범,건조,맑음,교차로 - 교차로부근,승용,남,49세,상해없음,승용,남,50세,경상
2011053100100016,2011년 5월 31일 00시,화요일,인천광역시 남구 용현동,경상사고,0,0,1,0,차량단독 - 기타,안전운전불이행,건조,맑음,단일로 - 기타,승용,남,53세,상해없음,,,,
2011053100100017,2011년 5월 31일 00시,화요일,인천광역시 부평구 청천동,부상신고사고,0,0,0,1,차량단독 - 전도전복,안전운전불이행,건조,맑음,단일로 - 기타,승용,남,35세,부상신고,,,,
2011053100100018,2011년 5월 31일 00시,화요일,인천광역시 남동구 남촌동,중상사고,0,1,1,0,차대차 - 측면직각충돌,안전거리미확보,건조,맑음,단일로 - 기타,승용,남,60세,경상,승용,남,26세,중상
2011053100100070,2011년 5월 31일 04시,화요일,인천광역시 남동구 간석동,중상사고,0,1,0,0,차대사람 - 횡단중,보행자보호의무위반,기타,흐림,단일로 - 횡단보도상,승용,여,64세,상해없음,보행자,여,57세,중상
2011053100100080,2011년 5월 31일 05시,화요일,인천광역시 중구 항동7가,중상사고,0,1,1,0,차대차 - 측면직각충돌,안전운전불이행,습기,비,단일로 - 기타,승용,남,30세,중상,화물,남,45세,경상
2011053100100091,2011년 5월 31일 06시,화요일,인천광역시 계양구 병방동,경상사고,0,0,1,0,차대차 - 추돌 - 주정차중,안전운전불이행,습기,비,교차로 - 교차로부근,승용,남,25세,상해없음,승용,남,45세,경상
2011053100100110,2011년 5월 31일 07시,화요일,인천광역시 남동구 만수동,경상사고,0,0,1,0,차대사람 - 보도통행중,안전운전불이행,습기,비,교차로 - 교차로부근,화물,남,40세,상해없음,보행자,여,15세,경상
2011053100100173,2011년 5월 31일 09시,화요일,인천광역시 남동구 만수동,중상사고,0,1,3,0,차대차 - 측면직각충돌,차로위반,습기,비,단일로 - 기타,화물,남,48세,상해없음,승용,남,53세,중상
2011053100100198,2011년 5월 31일 10시,화요일,인천광역시 연수구 청학동,경상사고,0,0,1,0,차대차 - 측면직각충돌,안전운전불이행,습기,비,교차로 - 교차로부근,승용,여,37세,상해없음,화물,남,43세,경상
2011053100100229,2011년 5월 31일 11시,화요일,인천광역시 남구 관교동,경상사고,0,0,1,0,차대차 - 추돌 - 진행중,안전운전불이행,건조,맑음,단일로 - 기타,승용,남,58세,상해없음,승용,여,39세,경상
2011053100100243,2011년 5월 31일 12시,화요일,인천광역시 남구 주안동,경상사고,0,0,1,0,차대사람 - 기타,안전운전불이행,건조,맑음,단일로 - 기타,승합,남,61세,기타불명,보행자,남,43세,경상
2011053100100282,2011년 5월 31일 14시,화요일,인천광역시 남구 학익동,경상사고,0,0,2,0,차대차 - 기타,안전운전불이행,건조,맑음,기타 - 기타,승용,여,45세,상해없음,승용,여,53세,경상
2011053100100283,2011년 5월 31일 14시,화요일,인천광역시 부평구 산곡동,경상사고,0,0,4,0,차대차 - 기타,불법유턴,건조,흐림,단일로 - 기타,승용,남,26세,상해없음,승용,남,38세,경상
2011053100100350,2011년 5월 31일 16시,화요일,인천광역시 부평구 부개동,경상사고,0,0,1,0,차대차 - 기타,안전운전불이행,건조,맑음,단일로 - 기타,승용,남,58세,상해없음,승용,남,23세,상해없음
2011053100100404,2011년 5월 31일 17시,화요일,인천광역시 남구 주안동,경상사고,0,0,1,0,차대차 - 측면직각충돌,안전운전불이행,습기,비,단일로 - 횡단보도부근,기타불명,기타불명,기타불명,기타불명,승용,남,63세,상해없음
2011053100100405,2011년 5월 31일 17시,화요일,인천광역시 남구 주안동,경상사고,0,0,1,0,차대차 - 기타,중앙선침범,건조,맑음,교차로 - 교차로부근,승용,여,19세,상해없음,승용,여,54세,경상
2011053100100406,2011년 5월 31일 17시,화요일,인천광역시 서구 가정동,경상사고,0,0,4,0,차대차 - 측면직각충돌,안전운전불이행,건조,맑음,단일로 - 기타,화물,남,45세,상해없음,승용,남,35세,경상
2011053100100454,2011년 5월 31일 18시,화요일,인천광역시 중구 남북동,중상사고,0,1,0,0,차량단독 - 전도전복,안전운전불이행,습기,비,단일로 - 기타,승용,여,39세,상해없음,,,,
2011053100100455,2011년 5월 31일 18시,화요일,인천광역시 남구 도화동,경상사고,0,0,1,0,차대차 - 측면직각충돌,교차로운행방법위반,습기,비,교차로 - 교차로안,승용,남,42세,상해없음,승용,남,31세,경상
2011053100100492,2011년 5월 31일 19시,화요일,인천광역시 남구 용현동,경상사고,0,0,1,0,차대차 - 기타,안전거리미확보,습기,비,교차로 - 교차로부근,승용,남,48세,상해없음,승용,남,59세,경상
2011053100100493,2011년 5월 31일 19시,화요일,인천광역시 부평구 산곡동,경상사고,0,0,1,0,차대사람 - 기타,안전운전불이행,건조,맑음,단일로 - 기타,승용,여,61세,상해없음,보행자,남,9세,경상
2011053100100540,2011년 5월 31일 20시,화요일,인천광역시 부평구 십정동,경상사고,0,0,1,0,차대차 - 추돌 - 진행중,안전거리미확보,습기,비,단일로 - 교량,승용,남,23세,상해없음,승용,남,53세,경상
2011053100100541,2011년 5월 31일 20시,화요일,인천광역시 남동구 구월동,경상사고,0,0,1,0,차대사람 - 횡단중,안전운전불이행,건조,맑음,교차로 - 교차로안,화물,여,57세,상해없음,보행자,남,48세,경상
2011053100100542,2011년 5월 31일 20시,화요일,인천광역시 서구 당하동,경상사고,0,0,1,0,차량단독 - 공작물충돌,안전운전불이행,습기,비,단일로 - 기타,승합,남,45세,상해없음,,,,
2011053100100586,2011년 5월 31일 21시,화요일,인천광역시 중구 신흥동3가,중상사고,0,1,0,0,차대사람 - 횡단중,안전운전불이행,건조,흐림,단일로 - 기타,승용,여,41세,상해없음,보행자,여,39세,중상
2011053100100587,2011년 5월 31일 21시,화요일,인천광역시 계양구 용종동,경상사고,0,0,1,0,차대차 - 추돌 - 진행중,안전운전불이행,건조,맑음,단일로 - 기타,화물,남,41세,상해없음,승용,남,41세,상해없음
2011053100100588,2011년 5월 31일 21시,화요일,인천광역시 부평구 갈산동,중상사고,0,1,0,0,차대사람 - 횡단중,안전운전불이행,건조,맑음,단일로 - 횡단보도상,승합,남,42세,상해없음,보행자,남,53세,중상
2011053100100626,2011년 5월 31일 22시,화요일,인천광역시 남동구 만수동,중상사고,0,2,0,0,차대차 - 추돌 - 주정차중,안전운전불이행,건조,맑음,단일로 - 기타,화물,남,46세,상해없음,화물,남,55세,중상
2011053100100627,2011년 5월 31일 22시,화요일,인천광역시 서구 왕길동,경상사고,0,0,1,0,차대사람 - 횡단중,안전운전불이행,습기,비,단일로 - 횡단보도상,승용,남,42세,상해없음,보행자,남,51세,경상
2011053100100665,2011년 5월 31일 23시,화요일,인천광역시 남구 숭의동,중상사고,0,1,0,0,차대차 - 기타,신호위반,습기,비,교차로 - 교차로부근,승용,남,52세,상해없음,승용,남,27세,중상
2011053100100666,2011년 5월 31일 23시,화요일,인천광역시 서구 심곡동,중상사고,0,2,0,0,차대차 - 추돌 - 주정차중,안전운전불이행,습기,비,교차로 - 교차로부근,승용,남,33세,상해없음,승용,남,40세,중상
2011053100100667,2011년 5월 31일 23시,화요일,인천광역시 서구 석남동,중상사고,0,1,3,1,차대차 - 측면직각충돌,안전운전불이행,습기,비,교차로 - 교차로안,승용,남,52세,상해없음,승용,남,59세,중상
2011053100100668,2011년 5월 31일 23시,화요일,인천광역시 남동구 남촌동,중상사고,0,1,0,0,차대차 - 측면직각충돌,안전운전불이행,습기,비,단일로 - 기타,화물,남,51세,상해없음,승용,여,26세,중상
2011053100100669,2011년 5월 31일 23시,화요일,인천광역시 계양구 계산동,중상사고,0,1,1,0,차대차 - 추돌 - 주정차중,안전운전불이행,습기,비,단일로 - 기타,승합,남,44세,상해없음,승용,남,35세,중상
2011060100100035,2011년 6월 1일 00시,수요일,인천광역시 남구 주안동,중상사고,0,1,0,0,차대차 - 기타,안전운전불이행,습기,비,교차로 - 교차로부근,기타불명,기타불명,기타불명,기타불명,승용,남,37세,중상
2011060100100036,2011년 6월 1일 00시,수요일,인천광역시 남동구 구월동,중상사고,0,1,3,0,차대차 - 기타,안전운전불이행,건조,맑음,교차로 - 교차로부근,승용,여,34세,상해없음,승용,남,37세,중상
2011060100100037,2011년 6월 1일 00시,수요일,인천광역시 서구 심곡동,중상사고,0,1,0,0,차대사람 - 기타,안전운전불이행,건조,맑음,교차로 - 교차로부근,승용,남,50세,상해없음,보행자,남,28세,중상
2011060100100062,2011년 6월 1일 01시,수요일,인천광역시 남구 관교동,경상사고,0,0,1,0,차대차 - 기타,안전운전불이행,기타,비,단일로 - 기타,승용,남,48세,상해없음,화물,남,56세,경상
2011060100100063,2011년 6월 1일 01시,수요일,인천광역시 계양구 서운동,경상사고,0,0,1,0,차대차 - 측면직각충돌,안전운전불이행,습기,비,교차로 - 교차로안,승용,남,29세,상해없음,승용,남,30세,경상
2011060100100065,2011년 6월 1일 01시,수요일,인천광역시 서구 가좌동,중상사고,0,2,1,0,차대차 - 측면직각충돌,안전운전불이행,습기,비,단일로 - 기타,승용,남,51세,상해없음,승용,남,54세,중상
2011060100100078,2011년 6월 1일 02시,수요일,인천광역시 부평구 십정동,중상사고,0,2,0,0,차대차 - 측면직각충돌,신호위반,습기,비,교차로 - 교차로안,승용,남,25세,상해없음,승용,남,44세,중상
2011060100100107,2011년 6월 1일 04시,수요일,인천광역시 부평구 청천동,경상사고,0,0,1,0,차대사람 - 차도통행중,안전운전불이행,습기,비,교차로 - 교차로안,승용,남,56세,상해없음,보행자,여,45세,경상
2011060100100108,2011년 6월 1일 04시,수요일,인천광역시 서구 왕길동,중상사고,0,1,0,0,차량단독 - 전도전복,안전운전불이행,습기,비,단일로 - 기타,승용,남,50세,중상,,,,
2011060100100119,2011년 6월 1일 05시,수요일,인천광역시 남동구 수산동,중상사고,0,1,0,0,차대사람 - 보도통행중,보행자보호의무위반,습기,비,단일로 - 횡단보도상,화물,남,62세,상해없음,보행자,여,56세,중상
2011060100100222,2011년 6월 1일 09시,수요일,인천광역시 남구 도화동,경상사고,0,0,1,0,차대차 - 측면직각충돌,안전거리미확보,습기,비,단일로 - 기타,승용,남,48세,상해없음,화물,남,28세,경상
2011060100100223,2011년 6월 1일 09시,수요일,인천광역시 남동구 구월동,경상사고,0,0,1,0,차대사람 - 보도통행중,보행자보호의무위반,기타,맑음,기타 - 기타,기타불명,기타불명,기타불명,기타불명,보행자,남,31세,경상
2011060100100279,2011년 6월 1일 11시,수요일,인천광역시 부평구 부평동,중상사고,0,1,0,0,차대사람 - 횡단중,안전운전불이행,건조,맑음,교차로 - 교차로안,화물,남,25세,상해없음,보행자,여,47세,중상
2011060100100280,2011년 6월 1일 11시,수요일,인천광역시 남동구 장수동,경상사고,0,0,1,0,차대차 - 추돌 - 진행중,안전운전불이행,건조,맑음,기타 - 기타,화물,남,53세,상해없음,화물,남,43세,경상
2011060100100321,2011년 6월 1일 13시,수요일,인천광역시 남구 숭의동,중상사고,0,1,0,0,차대사람 - 기타,안전운전불이행,건조,맑음,기타 - 기타,승용,여,28세,상해없음,보행자,여,84세,중상
2011060100100322,2011년 6월 1일 13시,수요일,인천광역시 남동구 수산동,중상사고,0,1,3,0,차대차 - 추돌 - 주정차중,안전운전불이행,건조,맑음,단일로 - 기타,승용,남,44세,상해없음,승용,남,60세,중상
2011060100100407,2011년 6월 1일 16시,수요일,인천광역시 남동구 구월동,중상사고,0,1,1,0,차대차 - 측면직각충돌,교차로운행방법위반,건조,맑음,교차로 - 교차로안,승용,여,45세,상해없음,승용,여,56세,중상
2011060100100444,2011년 6월 1일 17시,수요일,인천광역시 계양구 효성동,중상사고,0,1,0,0,차대사람 - 기타,안전운전불이행,건조,맑음,교차로 - 교차로부근,화물,남,40세,상해없음,보행자,남,5세,중상
2011060100100477,2011년 6월 1일 18시,수요일,인천광역시 계양구 병방동,중상사고,0,2,1,0,차대차 - 정면충돌,안전운전불이행,건조,맑음,교차로 - 교차로안,승용,남,50세,상해없음,승용,남,54세,중상
2011060100100513,2011년 6월 1일 19시,수요일,인천광역시 중구 율목동,경상사고,0,0,3,0,차대차 - 추돌 - 주정차중,안전운전불이행,건조,맑음,교차로 - 교차로부근,승용,남,58세,상해없음,승용,남,48세,경상
2011060100100514,2011년 6월 1일 19시,수요일,인천광역시 중구 답동,경상사고,0,0,1,0,차대사람 - 횡단중,보행자보호의무위반,건조,맑음,단일로 - 기타,승용,기타불명,기타불명,기타불명,보행자,남,9세,경상