사고번호,사고일시,요일,시군구,사고내용,사망자수,중상자수,경상자수,부상신고자수,사고유형,법규위반,노면상태,기상상태,도로형태,가해운전자 차종,가해운전자 성별,가해운전자 연령,가해운전자 상해정도,피해운전자 차종,피해운전자 성별,피해운전자 연령,피해운전자 상해정도
2011060100100568,2011년 6월 1일 21시,수요일,인천광역시 부평구 십정동,중상사고,0,1,0,0,차대차 - 측면직각충돌,안전운전불이행,건조,맑음,교차로 - 교차로부근,승용,여,29세,상해없음,원동기,남,18세,중상
2011060100100569,2011년 6월 1일 21시,수요일,인천광역시 남동구 구월동,경상사고,0,0,2,0,차대차 - 측면직각충돌,기타,건조,맑음,단일로 - 기타,승용,남,50세,상해없음,이륜,남,18세,경상
2011060100100603,2011년 6월 1일 22시,수요일,인천광역시 남동구 간석동,경상사고,0,0,1,0,차대차 - 기타,안전거리미확보,건조,맑음,교차로 - 교차로부근,화물,남,60세,상해없음,승용,남,34세,경상
2011060200100023,2011년 6월 2일 00시,목요일,인천광역시 서구 마전동,경상사고,0,0,1,0,차대차 - 기타,안전운전불이행,건조,맑음,단일로 - 기타,화물,남,52세,상해없음,자전거,남,46세,경상
2011060200100045,2011년 6월 2일 01시,목요일,인천광역시 남구 숭의동,경상사고,0,0,1,0,차대사람 - 기타,안전운전불이행,건조,흐림,교차로 - 교차로부근,승용,남,27세,상해없음,보행자,여,51세,경상
2011060200100046,2011년 6월 2일 01시,목요일,인천광역시 서구 마전동,경상사고,0,0,1,0,차대차 - 추돌 - 주정차중,안전운전불이행,건조,맑음,단일로 - 기타,승용,남,45세,상해없음,승합,남,41세,경상
2011060200100047,2011년 6월 2일 01시,목요일,인천광역시 부평구 삼산동,경상사고,0,0,1,0,차대사람 - 길가장자리구역통행중,안전운전불이행,건조,맑음,단일로 - 기타,승용,남,34세,상해없음,보행자,남,49세,경상
2011060200100146,2011년 6월 2일 08시,목요일,인천광역시 남구 숭의동,경상사고,0,0,2,0,차대차 - 기타,안전운전불이행,건조,맑음,교차로 - 교차로안,승용,남,26세,상해없음,승용,남,60세,경상
2011060200100147,2011년 6월 2일 08시,목요일,인천광역시 남동구 고잔동,중상사고,0,1,0,0,차대차 - 추돌 - 주정차중,안전운전불이행,건조,맑음,단일로 - 기타,승용,남,27세,기타불명,승용,남,34세,중상
2011060200100175,2011년 6월 2일 09시,목요일,인천광역시 부평구 청천동,경상사고,0,0,1,0,차량단독 - 기타,안전거리미확보,건조,맑음,교차로 - 교차로부근,승합,남,45세,상해없음,,,,
2011060200100176,2011년 6월 2일 09시,목요일,인천광역시 서구 가좌동,경상사고,0,0,2,1,차대차 - 측면직각충돌,안전운전불이행,건조,맑음,교차로 - 교차로안,화물,남,26세,부상신고,승용,남,50세,경상
2011060200100203,2011년 6월 2일 10시,목요일,인천광역시 강화군 강화읍,중상사고,0,2,0,0,차대차 - 기타,안전거리미확보,건조,맑음,교차로 - 교차로부근,승용,남,19세,상해없음,승용,여,39세,중상
2011060200100204,2011년 6월 2일 10시,목요일,인천광역시 남동구 운연동,중상사고,0,2,0,0,차대차 - 기타,안전운전불이행,건조,맑음,단일로 - 기타,화물,남,51세,상해없음,화물,남,48세,상해없음
2011060200100243,2011년 6월 2일 12시,목요일,인천광역시 남구 도화동,경상사고,0,0,4,0,차대차 - 추돌 - 주정차중,안전운전불이행,건조,맑음,교차로 - 교차로부근,승용,남,29세,상해없음,승용,남,46세,경상
2011060200100244,2011년 6월 2일 12시,목요일,인천광역시 부평구 삼산동,중상사고,0,1,0,0,차대차 - 측면직각충돌,신호위반,건조,맑음,단일로 - 횡단보도상,승합,여,44세,상해없음,원동기,남,36세,중상
2011060200100297,2011년 6월 2일 14시,목요일,인천광역시 계양구 작전동,경상사고,0,0,2,0,차대차 - 추돌 - 진행중,안전운전불이행,건조,맑음,단일로 - 기타,화물,남,47세,상해없음,승용,여,40세,경상
2011060200100327,2011년 6월 2일 15시,목요일,인천광역시 중구 신흥동3가,경상사고,0,0,2,0,차대차 - 측면직각충돌,신호위반,건조,맑음,교차로 - 교차로안,화물,남,42세,상해없음,승용,남,61세,경상
2011060200100328,2011년 6월 2일 15시,목요일,인천광역시 부평구 청천동,중상사고,0,1,0,0,차대차 - 추돌 - 진행중,안전거리미확보,건조,맑음,기타 - 기타,화물,여,48세,상해없음,승용,여,36세,중상
2011060200100366,2011년 6월 2일 16시,목요일,인천광역시 남동구 만수동,경상사고,0,0,1,0,차대차 - 추돌 - 진행중,안전거리미확보,건조,맑음,단일로 - 기타,화물,남,36세,상해없음,승용,남,32세,상해없음
2011060200100367,2011년 6월 2일 16시,목요일,인천광역시 남동구 남촌동,경상사고,0,0,1,0,차대차 - 추돌 - 주정차중,안전운전불이행,건조,맑음,교차로 - 교차로부근,승용,남,57세,기타불명,승용,남,44세,경상
2011060200100368,2011년 6월 2일 16시,목요일,인천광역시 강화군 내가면,중상사고,0,3,0,0,차대차 - 측면직각충돌,안전운전불이행,건조,맑음,단일로 - 기타,화물,남,55세,상해없음,승용,남,38세,중상
2011060200100408,2011년 6월 2일 17시,목요일,인천광역시 남구 주안동,중상사고,0,1,0,0,차대사람 - 횡단중,안전운전불이행,건조,맑음,단일로 - 횡단보도상,승용,남,30세,상해없음,보행자,여,82세,중상
2011060200100409,2011년 6월 2일 17시,목요일,인천광역시 강화군 불은면,중상사고,0,2,1,0,차대차 - 정면충돌,안전운전불이행,건조,맑음,교차로 - 교차로안,승용,남,56세,상해없음,승용,남,68세,중상
2011060200100457,2011년 6월 2일 18시,목요일,인천광역시 연수구 연수동,중상사고,0,1,0,0,차대차 - 기타,교차로운행방법위반,건조,맑음,기타 - 기타,승용,남,41세,상해없음,자전거,남,9세,중상
2011060200100527,2011년 6월 2일 20시,목요일,인천광역시 남동구 장수동,경상사고,0,0,1,0,차대차 - 측면직각충돌,중앙선침범,건조,맑음,단일로 - 기타,승용,남,64세,상해없음,이륜,남,57세,경상
2011060200100528,2011년 6월 2일 20시,목요일,인천광역시 부평구,중상사고,0,1,1,0,차대사람 - 길가장자리구역통행중,불법유턴,건조,맑음,교차로 - 교차로안,승용,남,19세,상해없음,보행자,남,18세,경상
2011060200100559,2011년 6월 2일 21시,목요일,인천광역시 부평구 산곡동,경상사고,0,0,1,0,차대차 - 기타,안전운전불이행,건조,맑음,단일로 - 기타,승합,남,47세,상해없음,자전거,남,22세,경상
2011060200100560,2011년 6월 2일 21시,목요일,인천광역시 남동구 구월동,경상사고,0,0,2,0,차대차 - 추돌 - 주정차중,안전운전불이행,건조,맑음,교차로 - 교차로부근,화물,남,52세,상해없음,승용,여,63세,경상
2011060200100562,2011년 6월 2일 21시,목요일,인천광역시 연수구 청학동,중상사고,0,1,0,0,차대차 - 기타,안전운전불이행,건조,맑음,단일로 - 기타,승용,남,70세,상해없음,자전거,남,18세,중상
2011060200100597,2011년 6월 2일 22시,목요일,인천광역시 남동구 고잔동,경상사고,0,0,1,0,차대차 - 측면직각충돌,신호위반,건조,맑음,단일로 - 횡단보도상,승용,여,58세,상해없음,자전거,여,18세,경상
2011060200100624,2011년 6월 2일 23시,목요일,인천광역시 부평구 청천동,경상사고,0,0,1,0,차대차 - 추돌 - 주정차중,안전운전불이행,건조,맑음,교차로 - 교차로부근,승용,남,28세,상해없음,승용,남,56세,경상
2011060200100625,2011년 6월 2일 23시,목요일,인천광역시 부평구 십정동,경상사고,0,0,3,0,차대차 - 추돌 - 주정차중,중앙선침범,건조,맑음,교차로 - 교차로부근,승용,남,43세,상해없음,승용,남,46세,경상
2011060300100019,2011년 6월 3일 00시,금요일,인천광역시 남동구 간석동,중상사고,0,1,0,0,차대사람 - 기타,안전운전불이행,건조,맑음,교차로 - 교차로부근,화물,남,29세,상해없음,보행자,남,31세,중상
2011060300100020,2011년 6월 3일 00시,금요일,인천광역시 서구 가정동,중상사고,0,1,0,0,차대차 - 추돌 - 진행중,안전운전불이행,건조,흐림,단일로 - 기타,화물,남,37세,기타불명,승합,남,40세,중상
2011060300100036,2011년 6월 3일 01시,금요일,인천광역시 남동구 고잔동,경상사고,0,0,1,0,차대차 - 기타,안전운전불이행,습기,안개,교차로 - 교차로부근,승용,남,39세,상해없음,승용,남,41세,경상
2011060300100037,2011년 6월 3일 01시,금요일,인천광역시 서구 당하동,경상사고,0,0,1,0,차대차 - 추돌 - 주정차중,안전운전불이행,건조,맑음,단일로 - 기타,승용,남,43세,상해없음,승용,여,30세,경상
2011060300100038,2011년 6월 3일 01시,금요일,인천광역시 서구 석남동,경상사고,0,0,1,0,차대차 - 추돌 - 진행중,안전운전불이행,건조,맑음,단일로 - 기타,승용,남,25세,상해없음,승용,남,49세,경상
2011060300100058,2011년 6월 3일 03시,금요일,인천광역시 남동구 간석동,중상사고,0,1,1,0,차대차 - 기타,신호위반,건조,맑음,교차로 - 교차로안,승용,남,23세,상해없음,승용,남,50세,중상
2011060300100120,2011년 6월 3일 07시,금요일,인천광역시 부평구 청천동,경상사고,0,0,3,0,차대차 - 추돌 - 주정차중,안전운전불이행,건조,흐림,교차로 - 교차로부근,승용,남,40세,상해없음,승용,남,53세,경상
2011060300100163,2011년 6월 3일 08시,금요일,인천광역시 남동구 만수동,경상사고,0,0,1,0,차대사람 - 기타,안전운전불이행,건조,맑음,단일로 - 기타,승용,여,50세,상해없음,보행자,남,37세,경상
2011060300100164,2011년 6월 3일 08시,금요일,인천광역시 서구 가좌동,경상사고,0,0,1,0,차대차 - 추돌 - 진행중,안전거리미확보,건조,맑음,단일로 - 기타,승용,남,29세,상해없음,승용,남,51세,경상
2011060300100191,2011년 6월 3일 09시,금요일,인천광역시 서구 백석동,경상사고,0,0,1,0,차량단독 - 기타,안전운전불이행,건조,맑음,단일로 - 기타,승합,남,44세,상해없음,,,,
2011060300100225,2011년 6월 3일 10시,금요일,인천광역시 부평구 삼산동,중상사고,0,1,0,0,차대사람 - 차도통행중,기타,건조,맑음,교차로 - 교차로안,승용,남,42세,상해없음,보행자,여,68세,중상
2011060300100285,2011년 6월 3일 12시,금요일,인천광역시 남동구 만수동,중상사고,0,3,0,0,차량단독 - 공작물충돌,안전운전불이행,건조,맑음,교차로 - 교차로부근,승용,여,51세,상해없음,,,,
2011060300100286,2011년 6월 3일 12시,금요일,인천광역시 서구 검암동,경상사고,0,0,2,0,차대차 - 추돌 - 진행중,안전운전불이행,건조,맑음,단일로 - 기타,화물,남,44세,상해없음,승용,여,32세,경상
2011060300100307,2011년 6월 3일 13시,금요일,인천광역시 서구 석남동,중상사고,0,1,0,0,차대사람 - 기타,불법유턴,건조,맑음,단일로 - 기타,화물,남,47세,상해없음,보행자,남,52세,중상
2011060300100308,2011년 6월 3일 13시,금요일,인천광역시 연수구 청학동,경상사고,0,0,1,0,차대사람 - 보도통행중,안전운전불이행,건조,맑음,기타 - 기타,이륜,남,16세,상해없음,보행자,여,7세,경상
2011060300100409,2011년 6월 3일 16시,금요일,인천광역시 남구 주안동,경상사고,0,0,1,0,차대사람 - 횡단중,안전운전불이행,건조,맑음,교차로 - 교차로부근,승용,여,51세,상해없음,보행자,여,8세,경상
2011060300100410,2011년 6월 3일 16시,금요일,인천광역시 남구 숭의동,경상사고,0,0,1,0,차대사람 - 기타,보행자보호의무위반,건조,맑음,단일로 - 횡단보도상,승용,남,49세,상해없음,보행자,남,9세,경상
2011060300100453,2011년 6월 3일 17시,금요일,인천광역시 중구 항동2가,중상사고,0,1,0,0,차대차 - 측면직각충돌,안전운전불이행,건조,맑음,단일로 - 기타,승용,남,25세,상해없음,승용,남,53세,중상
2011060300100454,2011년 6월 3일 17시,금요일,인천광역시 남동구 만수동,중상사고,0,1,0,0,차대사람 - 횡단중,안전운전불이행,건조,맑음,교차로 - 교차로안,승용,남,42세,상해없음,보행자,여,54세,중상
2011060300100455,2011년 6월 3일 17시,금요일,인천광역시 서구 불로동,경상사고,0,0,1,0,차대차 - 측면직각충돌,교차로운행방법위반,건조,맑음,교차로 - 교차로안,승용,남,50세,상해없음,승용,남,60세,경상
2011060300100456,2011년 6월 3일 17시,금요일,인천광역시 연수구 송도동,중상사고,0,1,0,0,차대차 - 측면직각충돌,신호위반,건조,맑음,교차로 - 교차로안,이륜,남,17세,상해없음,승용,남,35세,상해없음
2011060300100499,2011년 6월 3일 18시,금요일,인천광역시 부평구 부평동,중상사고,0,1,0,0,차대사람 - 기타,안전운전불이행,건조,맑음,단일로 - 기타,화물,남,34세,상해없음,보행자,여,4세,중상
2011060300100534,2011년 6월 3일 19시,금요일,인천광역시 남동구 논현동,경상사고,0,0,1,0,차대사람 - 횡단중,안전운전불이행,건조,맑음,단일로 - 기타,승용,여,39세,상해없음,보행자,여,4세,경상
2011060300100535,2011년 6월 3일 19시,금요일,인천광역시 남동구 고잔동,경상사고,0,0,1,0,차대차 - 측면직각충돌,신호위반,건조,맑음,교차로 - 교차로안,승용,남,50세,상해없음,화물,남,36세,경상
2011060300100536,2011년 6월 3일 19시,금요일,인천광역시 남동구 간석동,경상사고,0,0,2,0,차대차 - 추돌 - 진행중,안전거리미확보,건조,맑음,교차로 - 교차로부근,승용,남,38세,상해없음,승용,여,32세,경상
2011060300100578,2011년 6월 3일 20시,금요일,인천광역시 서구 석남동,경상사고,0,0,1,0,차대사람 - 횡단중,보행자보호의무위반,건조,맑음,단일로 - 횡단보도상,승용,남,43세,상해없음,보행자,남,12세,경상
2011060300100619,2011년 6월 3일 21시,금요일,인천광역시 남구 도화동,경상사고,0,0,1,0,차대차 - 추돌 - 진행중,안전거리미확보,건조,맑음,단일로 - 기타,화물,남,66세,상해없음,원동기,남,23세,경상
2011060300100660,2011년 6월 3일 22시,금요일,인천광역시 남구 주안동,경상사고,0,0,1,0,차대차 - 측면직각충돌,신호위반,건조,맑음,교차로 - 교차로안,이륜,남,28세,상해없음,이륜,남,19세,경상
2011060300100661,2011년 6월 3일 22시,금요일,인천광역시 남동구 간석동,경상사고,0,0,1,0,차대차 - 측면직각충돌,안전운전불이행,건조,맑음,단일로 - 기타,승용,여,37세,상해없음,승용,남,52세,경상
2011060300100662,2011년 6월 3일 22시,금요일,인천광역시 연수구 동춘동,경상사고,0,0,2,0,차대차 - 측면직각충돌,안전거리미확보,건조,맑음,단일로 - 횡단보도부근,승용,여,43세,상해없음,승용,남,45세,경상
2011060300100710,2011년 6월 3일 23시,금요일,인천광역시 서구 심곡동,경상사고,0,0,1,0,차대차 - 추돌 - 주정차중,안전운전불이행,습기,비,단일로 - 기타,승용,여,40세,상해없음,승용,남,30세,경상
2011060400100027,2011년 6월 4일 00시,토요일,인천광역시 남동구 만수동,중상사고,0,1,0,0,차대사람 - 기타,안전운전불이행,건조,맑음,단일로 - 기타,기타불명,기타불명,기타불명,기타불명,보행자,여,35세,중상
2011060400100064,2011년 6월 4일 02시,토요일,인천광역시 동구 송현동,중상사고,0,1,0,0,차대차 - 기타,기타,습기,비,단일로 - 횡단보도부근,승용,남,50세,상해없음,이륜,남,25세,중상
2011060400100065,2011년 6월 4일 02시,토요일,인천광역시 남동구 논현동,경상사고,0,0,1,0,차대차 - 측면직각충돌,교차로운행방법위반,습기,비,교차로 - 교차로안,승용,남,57세,상해없음,승용,남,49세,상해없음
2011060400100082,2011년 6월 4일 03시,토요일,인천광역시 서구 석남동,경상사고,0,0,1,0,차대사람 - 기타,안전운전불이행,습기,비,단일로 - 기타,승용,남,53세,상해없음,보행자,여,42세,경상
2011060400100103,2011년 6월 4일 04시,토요일,인천광역시 남구 학익동,경상사고,0,0,1,0,차대차 - 기타,중앙선침범,기타,비,기타 - 기타,승용,남,27세,상해없음,승합,남,61세,경상
2011060400100104,2011년 6월 4일 04시,토요일,인천광역시 남구 주안동,중상사고,0,3,0,0,차대차 - 추돌 - 주정차중,안전운전불이행,건조,맑음,단일로 - 기타,승용,남,33세,상해없음,승용,남,39세,중상
2011060400100134,2011년 6월 4일 06시,토요일,인천광역시 연수구 동춘동,경상사고,0,0,1,1,차대차 - 정면충돌,중앙선침범,습기,흐림,단일로 - 기타,승용,남,52세,부상신고,특수,남,52세,경상
2011060400100135,2011년 6월 4일 06시,토요일,인천광역시 부평구 부개동,경상사고,0,0,2,0,차대차 - 추돌 - 진행중,안전운전불이행,건조,맑음,교차로 - 교차로안,승용,남,57세,상해없음,승용,남,46세,경상
2011060400100217,2011년 6월 4일 10시,토요일,인천광역시 동구 금곡동,경상사고,0,0,1,0,차대차 - 추돌 - 주정차중,안전운전불이행,건조,맑음,단일로 - 기타,승용,기타불명,기타불명,기타불명,화물,남,36세,경상
2011060400100276,2011년 6월 4일 12시,토요일,인천광역시 남구 용현동,중상사고,0,1,0,0,차대차 - 측면직각충돌,안전운전불이행,건조,맑음,교차로 - 교차로안,승용,여,28세,상해없음,이륜,남,48세,중상
2011060400100277,2011년 6월 4일 12시,토요일,인천광역시 남동구 논현동,경상사고,0,0,1,0,차대차 - 측면직각충돌,신호위반,건조,맑음,교차로 - 교차로안,승용,여,33세,상해없음,승용,여,46세,경상
2011060400100318,2011년 6월 4일 13시,토요일,인천광역시 남구 주안동,경상사고,0,0,1,0,차대차 - 측면직각충돌,안전거리미확보,건조,맑음,단일로 - 기타,승용,남,56세,상해없음,승용,남,51세,경상
2011060400100319,2011년 6월 4일 13시,토요일,인천광역시 남동구 구월동,중상사고,0,1,0,0,차대사람 - 기타,안전운전불이행,건조,맑음,단일로 - 횡단보도상,화물,남,57세,상해없음,보행자,여,53세,중상
2011060400100438,2011년 6월 4일 16시,토요일,인천광역시 연수구 옥련동,중상사고,0,1,0,0,차대차 - 측면직각충돌,신호위반,건조,맑음,교차로 - 교차로안,승용,남,41세,상해없음,승용,남,40세,중상
2011060400100439,2011년 6월 4일 16시,토요일,인천광역시 남동구 남촌동,중상사고,0,1,0,0,차대차 - 추돌 - 진행중,안전운전불이행,건조,맑음,단일로 - 기타,승용,남,32세,상해없음,승용,남,29세,중상
2011060400100480,2011년 6월 4일 17시,토요일,인천광역시 옹진군 백령면,경상사고,0,0,2,0,차량단독 - 기타,안전운전불이행,건조,맑음,기타 - 기타,승용,남,28세,경상,,,,
2011060400100481,2011년 6월 4일 17시,토요일,인천광역시 남구 주안동,경상사고,0,0,1,0,차대차 - 측면직각충돌,차로위반,건조,맑음,단일로 - 기타,승용,남,59세,상해없음,승용,남,57세,상해없음
2011060400100482,2011년 6월 4일 17시,토요일,인천광역시 남동구 장수동,중상사고,0,1,0,0,차대차 - 측면직각충돌,안전운전불이행,건조,맑음,기타 - 기타,승용,남,19세,상해없음,화물,여,37세,중상
2011060400100483,2011년 6월 4일 17시,토요일,인천광역시 연수구 옥련동,경상사고,0,0,1,0,차대사람 - 기타,안전운전불이행,건조,맑음,기타 - 기타,기타불명,기타불명,기타불명,기타불명,보행자,남,16세,경상
2011060400100531,2011년 6월 4일 18시,토요일,인천광역시 서구 마전동,경상사고,0,0,1,0,차대사람 - 길가장자리구역통행중,안전운전불이행,건조,맑음,단일로 - 기타,화물,남,49세,상해없음,보행자,여,46세,경상
2011060400100532,2011년 6월 4일 18시,토요일,인천광역시 계양구 병방동,경상사고,0,0,2,0,차대차 - 기타,안전운전불이행,건조,맑음,단일로 - 기타,승용,남,50세,상해없음,승용,여,52세,경상
2011060400100565,2011년 6월 4일 19시,토요일,인천광역시 옹진군 영흥면,경상사고,0,0,1,0,차대차 - 기타,안전운전불이행,건조,맑음,단일로 - 기타,건설기계,남,35세,상해없음,화물,남,48세,경상
2011060400100566,2011년 6월 4일 19시,토요일,인천광역시 남동구 남촌동,경상사고,0,0,3,0,차대차 - 기타,안전거리미확보,건조,맑음,단일로 - 기타,승용,남,55세,상해없음,승용,남,61세,경상
2011060400100567,2011년 6월 4일 19시,토요일,인천광역시 계양구 병방동,중상사고,0,1,0,0,차대차 - 기타,기타,건조,맑음,단일로 - 기타,승용,남,45세,상해없음,이륜,남,35세,중상
2011060400100633,2011년 6월 4일 21시,토요일,인천광역시 계양구 계산동,경상사고,0,0,2,0,차대차 - 추돌 - 주정차중,안전운전불이행,건조,맑음,단일로 - 기타,승합,남,57세,상해없음,승용,남,26세,경상
2011060400100691,2011년 6월 4일 23시,토요일,인천광역시 부평구 갈산동,경상사고,0,0,1,0,차대사람 - 기타,보행자보호의무위반,건조,맑음,단일로 - 횡단보도상,승용,남,43세,상해없음,보행자,남,40세,경상
2011060500100023,2011년 6월 5일 00시,일요일,인천광역시 남동구 구월동,중상사고,0,1,0,0,차대차 - 기타,안전운전불이행,건조,맑음,교차로 - 교차로부근,승용,남,42세,상해없음,원동기,남,54세,중상
2011060500100024,2011년 6월 5일 00시,일요일,인천광역시 서구 백석동,경상사고,0,0,2,1,차대차 - 기타,안전거리미확보,건조,맑음,단일로 - 기타,승용,남,40세,부상신고,승용,남,58세,경상
2011060500100047,2011년 6월 5일 01시,일요일,인천광역시 남동구 구월동,경상사고,0,0,1,0,차대사람 - 차도통행중,안전운전불이행,건조,맑음,단일로 - 기타,승용,남,26세,상해없음,보행자,남,20세,경상
2011060500100102,2011년 6월 5일 04시,일요일,인천광역시 계양구 효성동,중상사고,0,1,0,0,차대사람 - 기타,안전운전불이행,건조,맑음,단일로 - 기타,승용,여,27세,상해없음,보행자,여,72세,중상
2011060500100130,2011년 6월 5일 06시,일요일,인천광역시 연수구 선학동,경상사고,0,0,1,0,차대차 - 측면직각충돌,안전운전불이행,건조,맑음,교차로 - 교차로부근,승용,남,34세,상해없음,승합,남,49세,경상
2011060500100144,2011년 6월 5일 07시,일요일,인천광역시 남동구 고잔동,경상사고,0,0,4,0,차대차 - 추돌 - 진행중,안전운전불이행,건조,맑음,단일로 - 기타,승합,남,30세,상해없음,승용,남,46세,경상
2011060500100145,2011년 6월 5일 07시,일요일,인천광역시 연수구 선학동,중상사고,0,2,0,0,차대차 - 기타,중앙선침범,건조,맑음,단일로 - 교량,승용,남,46세,상해없음,승용,남,27세,중상
2011060500100203,2011년 6월 5일 10시,일요일,인천광역시 남구 주안동,경상사고,0,0,1,0,차대차 - 기타,안전운전불이행,건조,맑음,기타 - 기타,승용,여,34세,상해없음,승용,여,53세,경상
2011060500100252,2011년 6월 5일 12시,일요일,인천광역시 중구 경동,중상사고,0,1,1,0,차대차 - 추돌 - 주정차중,안전운전불이행,건조,맑음,교차로 - 교차로부근,승합,남,20세,상해없음,화물,남,38세,중상
2011060500100253,2011년 6월 5일 12시,일요일,인천광역시 서구 가좌동,경상사고,0,0,1,0,차대차 - 측면직각충돌,신호위반,건조,맑음,교차로 - 교차로안,화물,남,67세,상해없음,승용,남,44세,경상
2011060500100254,2011년 6월 5일 12시,일요일,인천광역시 연수구 옥련동,중상사고,0,2,2,0,차대차 - 측면직각충돌,안전운전불이행,건조,맑음,교차로 - 교차로안,승용,여,53세,경상,승용,남,37세,경상
2011060500100281,2011년 6월 5일 13시,일요일,인천광역시 남구 숭의동,중상사고,0,1,0,0,차대차 - 기타,교차로운행방법위반,건조,맑음,교차로 - 교차로안,승용,남,34세,상해없음,이륜,남,63세,중상
2011060500100351,2011년 6월 5일 15시,일요일,인천광역시 남구 용현동,경상사고,0,0,5,0,차대차 - 추돌 - 주정차중,안전운전불이행,건조,맑음,단일로 - 기타,승용,여,36세,상해없음,승용,남,37세,경상
2011060500100352,2011년 6월 5일 15시,일요일,인천광역시 남구 주안동,경상사고,0,0,1,0,차대차 - 추돌 - 진행중,안전거리미확보,건조,맑음,단일로 - 기타,원동기,남,23세,경상,승용,남,47세,상해없음
2011060500100353,2011년 6월 5일 15시,일요일,인천광역시 부평구 십정동,중상사고,0,1,0,0,차대차 - 측면직각충돌,안전운전불이행,건조,맑음,교차로 - 교차로안,승용,남,59세,상해없음,이륜,남,73세,중상
2011060500100354,2011년 6월 5일 15시,일요일,인천광역시 남동구 간석동,중상사고,0,1,1,0,차대차 - 추돌 - 진행중,안전운전불이행,건조,맑음,단일로 - 기타,승용,남,48세,상해없음,승용,남,48세,경상
2011060500100355,2011년 6월 5일 15시,일요일,인천광역시 강화군 강화읍,경상사고,0,0,1,0,차대차 - 추돌 - 진행중,신호위반,건조,맑음,교차로 - 교차로안,승합,남,45세,상해없음,승용,남,47세,경상
2011060500100399,2011년 6월 5일 16시,일요일,인천광역시 남동구 간석동,경상사고,0,0,4,0,차대차 - 기타,신호위반,건조,맑음,교차로 - 교차로안,승용,여,47세,상해없음,승용,남,39세,경상
2011060500100400,2011년 6월 5일 16시,일요일,인천광역시 남동구 도림동,중상사고,0,1,0,0,차대차 - 추돌 - 진행중,안전거리미확보,건조,맑음,단일로 - 기타,승용,남,57세,상해없음,승용,남,26세,중상
2011060500100430,2011년 6월 5일 17시,일요일,인천광역시 부평구 산곡동,경상사고,0,0,1,0,차대차 - 측면직각충돌,안전운전불이행,건조,맑음,단일로 - 기타,승용,남,61세,상해없음,승용,남,44세,경상
2011060500100431,2011년 6월 5일 17시,일요일,인천광역시 부평구 삼산동,경상사고,0,0,2,0,차대사람 - 횡단중,보행자보호의무위반,건조,맑음,단일로 - 기타,화물,남,54세,상해없음,보행자,여,18세,경상
2011060500100470,2011년 6월 5일 18시,일요일,인천광역시 서구 석남동,중상사고,0,1,0,0,차대차 - 추돌 - 진행중,안전운전불이행,건조,맑음,교차로 - 교차로안,원동기,남,44세,중상,승용,남,51세,상해없음
2011060500100471,2011년 6월 5일 18시,일요일,인천광역시 부평구 삼산동,경상사고,0,0,2,0,차대차 - 측면직각충돌,교차로운행방법위반,건조,맑음,교차로 - 교차로안,승용,남,54세,경상,원동기,남,32세,경상
2011060500100602,2011년 6월 5일 23시,일요일,인천광역시 남구 주안동,경상사고,0,0,2,0,차대차 - 추돌 - 주정차중,안전운전불이행,건조,맑음,교차로 - 교차로부근,승용,여,60세,상해없음,승용,여,35세,경상
2011060500100603,2011년 6월 5일 23시,일요일,인천광역시 서구 가좌동,경상사고,0,0,1,0,차대사람 - 기타,안전운전불이행,건조,맑음,단일로 - 기타,승용,남,50세,상해없음,보행자,남,35세,경상
2011060500100604,2011년 6월 5일 23시,일요일,인천광역시 부평구 부개동,경상사고,0,0,1,0,차대차 - 측면직각충돌,교차로운행방법위반,건조,맑음,교차로 - 교차로안,승용,남,30세,상해없음,승용,남,32세,경상
2011060600100031,2011년 6월 6일 01시,월요일,인천광역시 남동구 남촌동,경상사고,0,0,1,0,차대차 - 측면직각충돌,신호위반,건조,맑음,교차로 - 교차로안,승용,남,31세,상해없음,승용,남,38세,경상
2011060600100042,2011년 6월 6일 02시,월요일,인천광역시 부평구 부평동,중상사고,0,3,0,0,차량단독 - 공작물충돌,안전운전불이행,건조,맑음,단일로 - 기타,승용,남,14세,중상,,,,
2011060600100043,2011년 6월 6일 02시,월요일,인천광역시 서구 가좌동,중상사고,0,1,0,0,차대사람 - 길가장자리구역통행중,안전운전불이행,건조,맑음,교차로 - 교차로부근,승용,남,27세,상해없음,보행자,남,66세,중상
2011060600100050,2011년 6월 6일 03시,월요일,인천광역시 계양구 효성동,경상사고,0,0,1,0,차대차 - 기타,안전운전불이행,건조,맑음,교차로 - 교차로안,승용,남,47세,상해없음,승용,남,46세,경상
2011060600100227,2011년 6월 6일 13시,월요일,인천광역시 중구 북성동1가,경상사고,0,0,1,0,차대사람 - 횡단중,안전운전불이행,건조,맑음,교차로 - 교차로부근,특수,남,46세,상해없음,보행자,남,75세,경상
2011060600100277,2011년 6월 6일 15시,월요일,인천광역시 계양구 효성동,경상사고,0,0,1,0,차대차 - 추돌 - 진행중,안전운전불이행,건조,맑음,단일로 - 기타,승용,남,58세,상해없음,승용,남,46세,경상
2011060600100301,2011년 6월 6일 16시,월요일,인천광역시 남동구 간석동,중상사고,0,2,2,0,차대차 - 추돌 - 주정차중,안전운전불이행,건조,맑음,단일로 - 기타,승용,남,50세,상해없음,승용,여,32세,중상
2011060600100329,2011년 6월 6일 17시,월요일,인천광역시 동구 송현동,중상사고,0,1,0,0,차대사람 - 보도통행중,안전운전불이행,건조,맑음,단일로 - 기타,승용,남,74세,상해없음,보행자,남,68세,중상