사고번호,사고일시,요일,시군구,사고내용,사망자수,중상자수,경상자수,부상신고자수,사고유형,법규위반,노면상태,기상상태,도로형태,가해운전자 차종,가해운전자 성별,가해운전자 연령,가해운전자 상해정도,피해운전자 차종,피해운전자 성별,피해운전자 연령,피해운전자 상해정도
2011061100100271,2011년 6월 11일 11시,토요일,인천광역시 남구 주안동,경상사고,0,0,1,0,차대차 - 기타,안전거리미확보,건조,맑음,단일로 - 기타,화물,남,27세,상해없음,승용,남,56세,경상
2011061100100272,2011년 6월 11일 11시,토요일,인천광역시 남구 도화동,경상사고,0,0,1,0,차대차 - 기타,안전운전불이행,건조,맑음,단일로 - 횡단보도상,자전거,남,81세,경상,승용,남,59세,상해없음
2011061100100306,2011년 6월 11일 12시,토요일,인천광역시 남구 주안동,경상사고,0,0,2,0,차대차 - 측면직각충돌,교차로운행방법위반,건조,맑음,교차로 - 교차로부근,승용,남,69세,상해없음,원동기,남,31세,경상
2011061100100339,2011년 6월 11일 13시,토요일,인천광역시 남동구 고잔동,경상사고,0,0,1,0,차대사람 - 기타,안전운전불이행,건조,맑음,단일로 - 기타,화물,남,45세,상해없음,보행자,남,56세,경상
2011061100100340,2011년 6월 11일 13시,토요일,인천광역시 부평구 부평동,경상사고,0,0,1,0,차대차 - 측면직각충돌,안전운전불이행,건조,맑음,단일로 - 기타,승합,남,55세,상해없음,특수,남,37세,경상
2011061100100373,2011년 6월 11일 14시,토요일,인천광역시 남동구 만수동,경상사고,0,0,1,0,차대차 - 측면직각충돌,안전운전불이행,건조,흐림,교차로 - 교차로부근,승용,남,29세,상해없음,이륜,남,58세,경상
2011061100100374,2011년 6월 11일 14시,토요일,인천광역시 계양구 계산동,경상사고,0,0,2,0,차대차 - 기타,안전거리미확보,건조,맑음,단일로 - 기타,승용,남,53세,상해없음,승용,남,43세,경상
2011061100100407,2011년 6월 11일 15시,토요일,인천광역시 부평구 청천동,경상사고,0,0,1,0,차대사람 - 횡단중,신호위반,건조,맑음,단일로 - 횡단보도상,원동기,남,17세,상해없음,보행자,남,4세,경상
2011061100100408,2011년 6월 11일 15시,토요일,인천광역시 서구 가정동,경상사고,0,0,1,0,차대차 - 측면직각충돌,안전운전불이행,건조,맑음,단일로 - 기타,화물,남,54세,상해없음,승용,남,62세,경상
2011061100100448,2011년 6월 11일 16시,토요일,인천광역시 남동구 간석동,사망사고,1,0,0,0,차량단독 - 공작물충돌,안전운전불이행,건조,맑음,기타 - 기타,원동기,남,67세,사망,,,,
2011061100100449,2011년 6월 11일 16시,토요일,인천광역시 남동구 간석동,경상사고,0,0,1,0,차대차 - 정면충돌,신호위반,건조,맑음,단일로 - 기타,이륜,남,17세,상해없음,승용,남,21세,경상
2011061100100495,2011년 6월 11일 17시,토요일,인천광역시 서구 검암동,중상사고,0,1,0,0,차대사람 - 차도통행중,안전운전불이행,건조,맑음,교차로 - 교차로부근,승용,여,33세,상해없음,보행자,여,35세,중상
2011061100100535,2011년 6월 11일 18시,토요일,인천광역시 중구,경상사고,0,0,2,0,차대차 - 추돌 - 진행중,안전운전불이행,건조,맑음,교차로 - 교차로부근,승용,남,31세,상해없음,승용,남,25세,경상
2011061100100536,2011년 6월 11일 18시,토요일,인천광역시 남동구 만수동,경상사고,0,0,2,0,차대차 - 추돌 - 주정차중,안전운전불이행,건조,맑음,단일로 - 기타,승용,남,56세,상해없음,승용,여,32세,경상
2011061100100569,2011년 6월 11일 19시,토요일,인천광역시 남구 숭의동,경상사고,0,0,1,0,차대사람 - 횡단중,보행자보호의무위반,건조,맑음,교차로 - 교차로부근,승용,남,66세,상해없음,보행자,남,7세,경상
2011061100100570,2011년 6월 11일 19시,토요일,인천광역시 부평구 청천동,중상사고,0,1,0,0,차대사람 - 횡단중,안전운전불이행,건조,맑음,교차로 - 교차로부근,승용,남,25세,상해없음,보행자,여,50세,중상
2011061100100605,2011년 6월 11일 20시,토요일,인천광역시 남동구 간석동,경상사고,0,0,2,0,차대차 - 측면직각충돌,신호위반,건조,맑음,교차로 - 교차로안,승용,남,63세,상해없음,승용,남,30세,경상
2011061100100643,2011년 6월 11일 21시,토요일,인천광역시 중구 경동,경상사고,0,0,3,0,차대차 - 측면직각충돌,안전거리미확보,건조,맑음,교차로 - 교차로부근,승합,남,49세,상해없음,승용,여,28세,경상
2011061100100678,2011년 6월 11일 22시,토요일,인천광역시 부평구 산곡동,경상사고,0,0,5,0,차대차 - 추돌 - 진행중,안전운전불이행,건조,맑음,단일로 - 기타,승용,남,45세,상해없음,승용,여,43세,경상
2011061100100679,2011년 6월 11일 22시,토요일,인천광역시 남동구 구월동,중상사고,0,1,2,0,차대차 - 측면직각충돌,신호위반,건조,맑음,교차로 - 교차로안,승용,남,68세,상해없음,승용,남,61세,경상
2011061100100680,2011년 6월 11일 22시,토요일,인천광역시 남동구 간석동,중상사고,0,1,3,0,차대차 - 추돌 - 주정차중,안전운전불이행,건조,맑음,교차로 - 교차로부근,승용,남,44세,상해없음,승용,여,27세,중상
2011061100100681,2011년 6월 11일 22시,토요일,인천광역시 부평구 부평동,중상사고,0,1,0,0,차대차 - 측면직각충돌,중앙선침범,건조,맑음,단일로 - 기타,승용,남,45세,상해없음,승용,남,49세,상해없음
2011061100100682,2011년 6월 11일 22시,토요일,인천광역시 부평구 일신동,중상사고,0,1,0,0,차대차 - 측면직각충돌,신호위반,건조,맑음,교차로 - 교차로안,승용,남,51세,상해없음,화물,여,42세,중상
2011061200100018,2011년 6월 12일 00시,일요일,인천광역시 남동구 구월동,중상사고,0,1,0,0,차대차 - 추돌 - 진행중,안전운전불이행,건조,맑음,단일로 - 기타,승용,남,30세,상해없음,승용,남,22세,중상
2011061200100050,2011년 6월 12일 02시,일요일,인천광역시 남동구 간석동,경상사고,0,0,1,0,차대차 - 추돌 - 진행중,안전운전불이행,건조,맑음,교차로 - 교차로안,승용,남,44세,상해없음,승용,남,49세,경상
2011061200100067,2011년 6월 12일 03시,일요일,인천광역시 부평구 십정동,경상사고,0,0,3,0,차대차 - 측면직각충돌,안전운전불이행,건조,맑음,교차로 - 교차로안,이륜,남,19세,상해없음,승용,남,53세,경상
2011061200100101,2011년 6월 12일 05시,일요일,인천광역시 부평구 부개동,경상사고,0,0,2,0,차대차 - 측면직각충돌,교차로운행방법위반,건조,맑음,교차로 - 교차로안,승용,여,42세,상해없음,승용,여,50세,경상
2011061200100116,2011년 6월 12일 06시,일요일,인천광역시 계양구 작전동,중상사고,0,1,0,0,차대사람 - 차도통행중,안전운전불이행,건조,맑음,교차로 - 교차로안,승용,남,56세,상해없음,보행자,남,20세,중상
2011061200100162,2011년 6월 12일 09시,일요일,인천광역시 남구 주안동,중상사고,0,1,0,0,차대사람 - 횡단중,안전운전불이행,건조,맑음,단일로 - 기타,승용,남,39세,상해없음,보행자,남,13세,중상
2011061200100177,2011년 6월 12일 10시,일요일,인천광역시 남동구 구월동,경상사고,0,0,2,0,차대차 - 추돌 - 주정차중,안전운전불이행,건조,맑음,단일로 - 기타,승용,여,26세,상해없음,승용,남,37세,경상
2011061200100239,2011년 6월 12일 13시,일요일,인천광역시 남구 도화동,중상사고,0,1,0,0,차대차 - 측면직각충돌,안전거리미확보,건조,맑음,단일로 - 기타,승용,남,39세,상해없음,이륜,남,16세,중상
2011061200100240,2011년 6월 12일 13시,일요일,인천광역시 계양구 작전동,중상사고,0,1,0,0,차대사람 - 기타,안전운전불이행,건조,맑음,단일로 - 기타,승용,남,29세,상해없음,보행자,남,31세,중상
2011061200100241,2011년 6월 12일 13시,일요일,인천광역시 부평구 삼산동,경상사고,0,0,1,0,차대차 - 기타,안전거리미확보,건조,맑음,교차로 - 교차로안,승용,여,50세,상해없음,이륜,남,31세,경상
2011061200100294,2011년 6월 12일 15시,일요일,인천광역시 중구 신흥동2가,경상사고,0,0,2,0,차대차 - 측면직각충돌,교차로운행방법위반,건조,맑음,교차로 - 교차로안,승용,남,55세,상해없음,승합,여,42세,경상
2011061200100295,2011년 6월 12일 15시,일요일,인천광역시 강화군 강화읍,경상사고,0,0,1,0,차대차 - 측면직각충돌,신호위반,건조,맑음,교차로 - 교차로안,이륜,남,57세,경상,승용,남,82세,상해없음
2011061200100296,2011년 6월 12일 15시,일요일,인천광역시 연수구 선학동,경상사고,0,0,1,0,차대차 - 측면직각충돌,신호위반,건조,맑음,교차로 - 교차로안,자전거,남,28세,경상,승용,남,30세,상해없음
2011061200100358,2011년 6월 12일 17시,일요일,인천광역시 중구 을왕동,중상사고,0,1,0,0,차량단독 - 공작물충돌,안전운전불이행,건조,맑음,교차로 - 교차로부근,승용,남,28세,상해없음,,,,
2011061200100359,2011년 6월 12일 17시,일요일,인천광역시 남동구 간석동,경상사고,0,0,1,0,차대차 - 측면직각충돌,교차로운행방법위반,건조,맑음,교차로 - 교차로안,승용,남,50세,상해없음,승용,남,29세,경상
2011061200100411,2011년 6월 12일 19시,일요일,인천광역시 부평구 청천동,중상사고,0,1,0,0,차대차 - 측면직각충돌,안전거리미확보,건조,맑음,단일로 - 기타,승용,여,53세,상해없음,승용,남,63세,중상
2011061200100450,2011년 6월 12일 20시,일요일,인천광역시 남구 용현동,경상사고,0,0,3,0,차대차 - 측면직각충돌,교차로운행방법위반,건조,맑음,교차로 - 교차로안,승용,남,23세,상해없음,승용,남,42세,경상
2011061200100477,2011년 6월 12일 21시,일요일,인천광역시 남동구 만수동,중상사고,0,1,3,0,차대차 - 추돌 - 주정차중,안전운전불이행,건조,맑음,단일로 - 기타,승용,남,58세,상해없음,승용,남,39세,중상
2011061200100478,2011년 6월 12일 21시,일요일,인천광역시 서구 가좌동,경상사고,0,0,2,0,차량단독 - 기타,안전운전불이행,건조,맑음,교차로 - 교차로안,승용,남,55세,상해없음,,,,
2011061200100479,2011년 6월 12일 21시,일요일,인천광역시 강화군 하점면,중상사고,0,1,0,0,차대차 - 기타,중앙선침범,건조,맑음,단일로 - 기타,승용,남,56세,상해없음,화물,남,49세,중상
2011061200100504,2011년 6월 12일 22시,일요일,인천광역시 서구 가좌동,경상사고,0,0,1,0,차대사람 - 횡단중,안전운전불이행,건조,맑음,단일로 - 기타,승용,여,28세,상해없음,보행자,남,51세,경상
2011061200100526,2011년 6월 12일 23시,일요일,인천광역시 남동구 구월동,경상사고,0,0,1,0,차대차 - 측면직각충돌,안전거리미확보,건조,맑음,교차로 - 교차로안,승용,남,42세,상해없음,승합,남,31세,경상
2011061200100527,2011년 6월 12일 23시,일요일,인천광역시 남동구 고잔동,경상사고,0,0,1,0,차대차 - 측면직각충돌,교차로운행방법위반,건조,맑음,교차로 - 교차로부근,승용,남,48세,상해없음,승용,남,32세,경상
2011061200100528,2011년 6월 12일 23시,일요일,인천광역시 계양구 계산동,중상사고,0,1,0,0,차대차 - 추돌 - 주정차중,안전운전불이행,건조,맑음,교차로 - 교차로부근,승용,남,33세,상해없음,승용,남,63세,중상
2011061200100529,2011년 6월 12일 23시,일요일,인천광역시 계양구 계산동,경상사고,0,0,1,0,차대차 - 추돌 - 주정차중,안전운전불이행,건조,맑음,교차로 - 교차로부근,승용,남,42세,상해없음,승용,남,23세,경상
2011061300100012,2011년 6월 13일 00시,월요일,인천광역시 중구 신포동,중상사고,0,2,1,0,차대차 - 측면직각충돌,과속,습기,흐림,교차로 - 교차로부근,승용,남,51세,상해없음,이륜,여,19세,중상
2011061300100083,2011년 6월 13일 07시,월요일,인천광역시 남동구 고잔동,경상사고,0,0,1,0,차대차 - 기타,안전거리미확보,건조,맑음,단일로 - 기타,승용,남,30세,상해없음,자전거,남,50세,경상
2011061300100123,2011년 6월 13일 08시,월요일,인천광역시 남동구 구월동,중상사고,0,1,1,0,차대차 - 기타,안전운전불이행,건조,맑음,단일로 - 기타,승용,남,42세,상해없음,승용,여,53세,중상
2011061300100156,2011년 6월 13일 09시,월요일,인천광역시 남구 주안동,중상사고,0,1,0,0,차대차 - 추돌 - 진행중,안전거리미확보,기타,기타,기타 - 기타,승용,여,48세,상해없음,승용,남,60세,중상
2011061300100180,2011년 6월 13일 10시,월요일,인천광역시 서구 백석동,중상사고,0,1,1,0,차대차 - 추돌 - 주정차중,안전운전불이행,건조,맑음,교차로 - 교차로부근,화물,남,34세,상해없음,승용,남,47세,중상
2011061300100223,2011년 6월 13일 12시,월요일,인천광역시 남동구 만수동,경상사고,0,0,1,0,차대사람 - 횡단중,안전운전불이행,건조,맑음,단일로 - 기타,승합,남,58세,상해없음,보행자,여,80세,경상
2011061300100224,2011년 6월 13일 12시,월요일,인천광역시 서구 당하동,중상사고,0,1,0,0,차대사람 - 기타,안전운전불이행,건조,맑음,교차로 - 교차로부근,승용,여,32세,상해없음,보행자,여,40세,중상
2011061300100296,2011년 6월 13일 14시,월요일,인천광역시 부평구 부평동,중상사고,0,1,0,0,차량단독 - 도로외이탈 - 추락,기타,건조,맑음,단일로 - 기타,승합,여,52세,상해없음,,,,
2011061300100373,2011년 6월 13일 16시,월요일,인천광역시 서구 왕길동,사망사고,1,0,0,0,차대차 - 기타,안전운전불이행,건조,맑음,교차로 - 교차로안,승용,남,31세,상해없음,이륜,남,49세,사망
2011061300100398,2011년 6월 13일 17시,월요일,인천광역시 남동구 장수동,경상사고,0,0,1,0,차대차 - 추돌 - 주정차중,안전운전불이행,건조,맑음,단일로 - 기타,승합,여,51세,상해없음,승용,여,49세,경상
2011061300100399,2011년 6월 13일 17시,월요일,인천광역시 서구 석남동,중상사고,0,1,0,0,차대차 - 측면직각충돌,안전운전불이행,건조,맑음,교차로 - 교차로안,승용,남,67세,상해없음,화물,남,49세,중상
2011061300100436,2011년 6월 13일 18시,월요일,인천광역시 남동구 논현동,경상사고,0,0,1,0,차대차 - 기타,신호위반,건조,맑음,교차로 - 교차로안,이륜,남,20세,상해없음,자전거,남,60세,경상
2011061300100437,2011년 6월 13일 18시,월요일,인천광역시 서구 심곡동,경상사고,0,0,1,0,차대사람 - 보도통행중,안전운전불이행,건조,맑음,단일로 - 횡단보도상,화물,남,49세,상해없음,보행자,여,12세,경상
2011061300100438,2011년 6월 13일 18시,월요일,인천광역시 계양구 효성동,경상사고,0,0,1,0,차대차 - 측면직각충돌,안전운전불이행,건조,맑음,단일로 - 기타,승용,남,34세,상해없음,승용,남,48세,경상
2011061300100471,2011년 6월 13일 19시,월요일,인천광역시 계양구 작전동,중상사고,0,1,0,0,차대차 - 측면직각충돌,안전운전불이행,건조,맑음,교차로 - 교차로부근,이륜,남,19세,상해없음,승용,남,60세,중상
2011061300100504,2011년 6월 13일 20시,월요일,인천광역시 서구 가정동,경상사고,0,0,1,0,차대사람 - 기타,안전운전불이행,건조,맑음,단일로 - 기타,승용,기타불명,기타불명,기타불명,보행자,여,69세,경상
2011061300100534,2011년 6월 13일 21시,월요일,인천광역시 연수구 동춘동,중상사고,0,1,0,0,차대차 - 측면직각충돌,안전운전불이행,건조,맑음,교차로 - 교차로안,승용,여,44세,상해없음,이륜,남,26세,중상
2011061300100535,2011년 6월 13일 21시,월요일,인천광역시 부평구 삼산동,경상사고,0,0,1,0,차대사람 - 보도통행중,보행자보호의무위반,건조,맑음,교차로 - 교차로부근,승용,여,49세,상해없음,보행자,남,16세,경상
2011061300100574,2011년 6월 13일 22시,월요일,인천광역시 남동구 만수동,경상사고,0,0,1,0,차대차 - 추돌 - 주정차중,안전운전불이행,건조,맑음,단일로 - 기타,승용,남,51세,상해없음,승용,여,41세,경상
2011061300100575,2011년 6월 13일 22시,월요일,인천광역시 남동구 간석동,경상사고,0,0,2,0,차대차 - 추돌 - 진행중,안전거리미확보,건조,맑음,교차로 - 교차로부근,승용,남,23세,상해없음,승용,남,30세,경상
2011061300100576,2011년 6월 13일 22시,월요일,인천광역시 서구 공촌동,경상사고,0,0,2,0,차대차 - 추돌 - 주정차중,안전운전불이행,건조,기타,교차로 - 교차로부근,승용,남,48세,상해없음,승용,여,39세,경상
2011061400100017,2011년 6월 14일 00시,화요일,인천광역시 남동구 도림동,경상사고,0,0,1,0,차대차 - 기타,신호위반,건조,맑음,교차로 - 교차로안,승용,남,58세,상해없음,승용,남,47세,경상
2011061400100048,2011년 6월 14일 03시,화요일,인천광역시 계양구 작전동,중상사고,0,1,0,0,차대사람 - 횡단중,안전운전불이행,건조,맑음,단일로 - 기타,승용,남,57세,상해없음,보행자,남,43세,중상
2011061400100104,2011년 6월 14일 07시,화요일,인천광역시 중구 신흥동3가,경상사고,0,0,1,0,차대사람 - 횡단중,신호위반,건조,맑음,단일로 - 횡단보도상,건설기계,남,28세,상해없음,보행자,남,19세,경상
2011061400100105,2011년 6월 14일 07시,화요일,인천광역시 남동구 간석동,경상사고,0,0,2,0,차대사람 - 기타,기타,건조,맑음,단일로 - 기타,원동기,남,16세,상해없음,보행자,남,40세,경상
2011061400100106,2011년 6월 14일 07시,화요일,인천광역시 부평구 갈산동,부상신고사고,0,0,0,1,차대차 - 측면직각충돌,교차로운행방법위반,건조,맑음,교차로 - 교차로안,이륜,남,17세,부상신고,승용,남,55세,상해없음
2011061400100135,2011년 6월 14일 08시,화요일,인천광역시 계양구 용종동,중상사고,0,1,0,0,차대차 - 측면직각충돌,안전운전불이행,건조,맑음,단일로 - 기타,승용,남,24세,상해없음,자전거,여,18세,중상
2011061400100221,2011년 6월 14일 11시,화요일,인천광역시 남구 주안동,중상사고,0,1,0,0,차대차 - 측면직각충돌,안전거리미확보,건조,맑음,단일로 - 기타,승용,남,32세,상해없음,승용,남,62세,중상
2011061400100222,2011년 6월 14일 11시,화요일,인천광역시 남동구 구월동,경상사고,0,0,1,0,차량단독 - 기타,안전운전불이행,건조,맑음,단일로 - 기타,승합,남,58세,상해없음,,,,
2011061400100223,2011년 6월 14일 11시,화요일,인천광역시 계양구 귤현동,중상사고,0,1,0,0,차대차 - 기타,중앙선침범,건조,맑음,교차로 - 교차로안,건설기계,남,54세,상해없음,자전거,남,54세,중상
2011061400100224,2011년 6월 14일 11시,화요일,인천광역시 계양구 작전동,중상사고,0,1,1,0,차대차 - 추돌 - 진행중,안전운전불이행,건조,맑음,단일로 - 기타,승합,남,34세,경상,승용,남,40세,중상
2011061400100372,2011년 6월 14일 16시,화요일,인천광역시 동구 송림동,경상사고,0,0,1,0,차대사람 - 차도통행중,안전운전불이행,건조,맑음,교차로 - 교차로부근,이륜,남,25세,상해없음,보행자,여,54세,경상
2011061400100373,2011년 6월 14일 16시,화요일,인천광역시 서구 심곡동,중상사고,0,1,0,0,차대사람 - 기타,안전운전불이행,건조,맑음,단일로 - 기타,승용,남,19세,상해없음,보행자,여,7세,중상
2011061400100415,2011년 6월 14일 17시,화요일,인천광역시 남구 숭의동,경상사고,0,0,1,0,차대사람 - 기타,신호위반,건조,맑음,교차로 - 교차로부근,자전거,남,17세,상해없음,보행자,여,28세,경상
2011061400100453,2011년 6월 14일 18시,화요일,인천광역시 남동구 고잔동,경상사고,0,0,2,1,차대차 - 기타,차로위반,건조,맑음,단일로 - 기타,승용,여,45세,부상신고,승용,여,42세,경상
2011061400100454,2011년 6월 14일 18시,화요일,인천광역시 남동구 논현동,경상사고,0,0,1,0,차대차 - 기타,안전운전불이행,건조,맑음,단일로 - 횡단보도상,승용,남,19세,상해없음,자전거,남,7세,경상
2011061400100455,2011년 6월 14일 18시,화요일,인천광역시 서구 석남동,경상사고,0,0,1,0,차대차 - 기타,안전운전불이행,건조,맑음,교차로 - 교차로안,승용,남,53세,상해없음,승용,남,28세,경상
2011061400100495,2011년 6월 14일 19시,화요일,인천광역시 남구 주안동,경상사고,0,0,1,0,차대차 - 기타,차로위반,건조,맑음,기타 - 기타,승용,남,32세,상해없음,승용,남,48세,경상
2011061400100496,2011년 6월 14일 19시,화요일,인천광역시 남동구 구월동,중상사고,0,1,1,0,차대차 - 기타,기타,건조,맑음,단일로 - 기타,승용,남,52세,상해없음,승합,남,51세,상해없음
2011061400100518,2011년 6월 14일 20시,화요일,인천광역시 남구 도화동,중상사고,0,1,1,0,차대차 - 추돌 - 진행중,안전운전불이행,건조,맑음,단일로 - 기타,화물,여,42세,기타불명,승용,남,49세,경상
2011061400100519,2011년 6월 14일 20시,화요일,인천광역시 계양구 효성동,경상사고,0,0,1,0,차대차 - 추돌 - 진행중,안전운전불이행,건조,맑음,단일로 - 기타,승용,남,25세,상해없음,이륜,남,16세,경상
2011061400100546,2011년 6월 14일 21시,화요일,인천광역시 남구 용현동,중상사고,0,1,0,0,차대차 - 측면직각충돌,안전운전불이행,건조,맑음,단일로 - 기타,화물,남,50세,상해없음,승용,여,47세,중상
2011061400100547,2011년 6월 14일 21시,화요일,인천광역시 연수구 동춘동,중상사고,0,1,1,0,차대차 - 기타,신호위반,건조,맑음,교차로 - 교차로안,화물,남,31세,상해없음,승용,여,49세,중상
2011061400100605,2011년 6월 14일 23시,화요일,인천광역시 부평구 청천동,경상사고,0,0,2,0,차대차 - 측면직각충돌,신호위반,건조,맑음,교차로 - 교차로부근,승용,남,30세,상해없음,승용,남,45세,경상
2011061400100606,2011년 6월 14일 23시,화요일,인천광역시 남동구 만수동,중상사고,0,1,0,0,차대사람 - 횡단중,보행자보호의무위반,건조,맑음,단일로 - 횡단보도상,승용,남,26세,상해없음,보행자,남,43세,중상
2011061400100607,2011년 6월 14일 23시,화요일,인천광역시 남동구 간석동,경상사고,0,0,4,0,차대차 - 기타,안전운전불이행,건조,맑음,단일로 - 기타,승용,남,36세,상해없음,승용,남,44세,경상
2011061400100608,2011년 6월 14일 23시,화요일,인천광역시 부평구 부평동,중상사고,0,1,0,0,차대차 - 측면직각충돌,안전운전불이행,건조,맑음,단일로 - 기타,승용,기타불명,기타불명,기타불명,자전거,남,50세,중상
2011061500100023,2011년 6월 15일 00시,수요일,인천광역시 남동구 구월동,경상사고,0,0,3,0,차대차 - 측면직각충돌,안전운전불이행,건조,맑음,단일로 - 기타,승용,남,24세,기타불명,승용,남,61세,경상
2011061500100055,2011년 6월 15일 02시,수요일,인천광역시 부평구 산곡동,중상사고,0,2,0,0,차대차 - 추돌 - 주정차중,안전운전불이행,건조,맑음,교차로 - 교차로부근,승용,남,48세,상해없음,승용,남,55세,중상
2011061500100093,2011년 6월 15일 06시,수요일,인천광역시 부평구 부평동,중상사고,0,1,2,0,차대차 - 측면직각충돌,교차로운행방법위반,건조,맑음,교차로 - 교차로부근,승용,남,68세,상해없음,승용,남,59세,경상
2011061500100111,2011년 6월 15일 07시,수요일,인천광역시 연수구 송도동,중상사고,0,1,2,1,차대차 - 측면직각충돌,신호위반,건조,맑음,교차로 - 교차로안,화물,남,45세,부상신고,승용,여,47세,중상
2011061500100148,2011년 6월 15일 08시,수요일,인천광역시 연수구 선학동,경상사고,0,0,3,0,차대차 - 추돌 - 진행중,안전운전불이행,습기,비,단일로 - 기타,승용,남,32세,상해없음,승용,남,31세,경상
2011061500100149,2011년 6월 15일 08시,수요일,인천광역시 부평구 부개동,중상사고,0,1,0,0,차대사람 - 횡단중,보행자보호의무위반,건조,맑음,단일로 - 횡단보도상,승합,남,48세,상해없음,보행자,남,31세,중상
2011061500100171,2011년 6월 15일 09시,수요일,인천광역시 남구 학익동,경상사고,0,0,3,0,차대차 - 추돌 - 진행중,안전거리미확보,건조,맑음,교차로 - 교차로부근,승용,남,56세,상해없음,승용,남,66세,경상
2011061500100172,2011년 6월 15일 09시,수요일,인천광역시 부평구 부개동,중상사고,0,1,0,0,차대사람 - 횡단중,보행자보호의무위반,건조,맑음,단일로 - 횡단보도상,승용,남,41세,상해없음,보행자,여,27세,중상
2011061500100211,2011년 6월 15일 11시,수요일,인천광역시 연수구 옥련동,경상사고,0,0,3,0,차대차 - 측면직각충돌,기타,건조,맑음,교차로 - 교차로부근,특수,남,39세,상해없음,승용,남,46세,상해없음
2011061500100234,2011년 6월 15일 12시,수요일,인천광역시 남동구 간석동,중상사고,0,1,0,0,차대차 - 기타,신호위반,건조,맑음,교차로 - 교차로안,승용,여,41세,상해없음,승용,남,61세,중상
2011061500100344,2011년 6월 15일 16시,수요일,인천광역시 계양구 용종동,중상사고,0,1,0,0,차대사람 - 차도통행중,과속,건조,맑음,단일로 - 기타,원동기,남,21세,상해없음,보행자,남,13세,중상
2011061500100345,2011년 6월 15일 16시,수요일,인천광역시 강화군 강화읍,경상사고,0,0,1,0,차대사람 - 기타,신호위반,건조,맑음,단일로 - 횡단보도상,자전거,남,17세,상해없음,보행자,여,57세,경상
2011061500100383,2011년 6월 15일 17시,수요일,인천광역시 계양구 용종동,경상사고,0,0,1,0,차대차 - 기타,안전운전불이행,건조,맑음,교차로 - 교차로안,승합,남,63세,상해없음,승용,여,37세,경상
2011061500100384,2011년 6월 15일 17시,수요일,인천광역시 연수구 동춘동,경상사고,0,0,1,1,차대사람 - 기타,안전운전불이행,건조,맑음,단일로 - 기타,자전거,남,16세,부상신고,보행자,여,9세,경상
2011061500100419,2011년 6월 15일 18시,수요일,인천광역시 중구 운서동,경상사고,0,0,3,0,차대차 - 추돌 - 진행중,안전운전불이행,건조,맑음,교차로 - 교차로안,승용,남,55세,상해없음,승용,여,34세,경상
2011061500100420,2011년 6월 15일 18시,수요일,인천광역시 남동구 구월동,경상사고,0,0,1,0,차대차 - 추돌 - 주정차중,안전운전불이행,건조,맑음,단일로 - 기타,승용,여,20세,상해없음,화물,남,52세,상해없음
2011061500100453,2011년 6월 15일 19시,수요일,인천광역시 남구 학익동,경상사고,0,0,1,0,차대사람 - 횡단중,안전운전불이행,건조,맑음,단일로 - 기타,승합,남,50세,상해없음,보행자,남,15세,경상
2011061500100488,2011년 6월 15일 20시,수요일,인천광역시 남구 주안동,경상사고,0,0,1,0,차대차 - 측면직각충돌,안전거리미확보,건조,맑음,교차로 - 교차로부근,승합,남,71세,상해없음,승용,남,43세,경상
2011061500100489,2011년 6월 15일 20시,수요일,인천광역시 계양구 계산동,중상사고,0,1,1,0,차대차 - 추돌 - 진행중,안전운전불이행,건조,맑음,단일로 - 기타,승용,남,74세,상해없음,화물,남,54세,중상
2011061500100490,2011년 6월 15일 20시,수요일,인천광역시 계양구 병방동,경상사고,0,0,1,0,차대사람 - 기타,안전운전불이행,건조,맑음,단일로 - 기타,승용,여,58세,상해없음,보행자,남,17세,경상
2011061500100524,2011년 6월 15일 21시,수요일,인천광역시 서구 마전동,중상사고,0,2,0,0,차대사람 - 기타,안전운전불이행,건조,맑음,단일로 - 기타,이륜,남,18세,중상,보행자,남,26세,중상
2011061500100558,2011년 6월 15일 22시,수요일,인천광역시 중구 신흥동2가,중상사고,0,5,0,0,차대차 - 측면직각충돌,교차로운행방법위반,건조,맑음,교차로 - 교차로안,승용,여,48세,상해없음,승용,여,28세,중상
2011061500100559,2011년 6월 15일 22시,수요일,인천광역시 서구 가좌동,경상사고,0,0,1,0,차대사람 - 길가장자리구역통행중,안전운전불이행,건조,맑음,단일로 - 기타,승용,남,55세,상해없음,보행자,남,18세,경상
2011061500100560,2011년 6월 15일 22시,수요일,인천광역시 강화군 길상면,중상사고,0,1,1,0,차대차 - 정면충돌,중앙선침범,건조,맑음,기타 - 기타,승용,남,40세,상해없음,승용,남,40세,경상
2011061500100588,2011년 6월 15일 23시,수요일,인천광역시 부평구 산곡동,경상사고,0,0,1,0,차대사람 - 횡단중,신호위반,건조,맑음,단일로 - 기타,이륜,남,16세,상해없음,보행자,여,24세,경상
2011061500100589,2011년 6월 15일 23시,수요일,인천광역시 부평구 산곡동,경상사고,0,0,1,0,차대차 - 측면직각충돌,신호위반,건조,맑음,교차로 - 교차로안,화물,남,31세,상해없음,승용,남,62세,경상
2011061600100022,2011년 6월 16일 00시,목요일,인천광역시 중구 운남동,중상사고,0,1,0,0,차대차 - 추돌 - 진행중,중앙선침범,건조,맑음,단일로 - 기타,승용,남,32세,상해없음,승용,남,52세,중상