사고번호,사고일시,요일,시군구,사고내용,사망자수,중상자수,경상자수,부상신고자수,사고유형,법규위반,노면상태,기상상태,도로형태,가해운전자 차종,가해운전자 성별,가해운전자 연령,가해운전자 상해정도,피해운전자 차종,피해운전자 성별,피해운전자 연령,피해운전자 상해정도
2011061600100036,2011년 6월 16일 01시,목요일,인천광역시 남구 용현동,중상사고,0,3,1,0,차대차 - 추돌 - 주정차중,안전운전불이행,건조,맑음,교차로 - 교차로부근,승용,남,51세,상해없음,승용,남,61세,경상
2011061600100081,2011년 6월 16일 06시,목요일,인천광역시 남동구 구월동,중상사고,0,1,0,0,차대사람 - 보도통행중,기타,건조,맑음,교차로 - 교차로안,이륜,남,50세,상해없음,보행자,여,52세,중상
2011061600100082,2011년 6월 16일 06시,목요일,인천광역시 연수구 선학동,경상사고,0,0,2,0,차대차 - 측면직각충돌,안전운전불이행,건조,맑음,단일로 - 기타,승용,남,25세,상해없음,승용,남,46세,경상
2011061600100109,2011년 6월 16일 07시,목요일,인천광역시 서구 가정동,경상사고,0,0,1,0,차대차 - 추돌 - 주정차중,안전운전불이행,건조,맑음,교차로 - 교차로부근,승용,남,32세,상해없음,승용,남,55세,경상
2011061600100110,2011년 6월 16일 07시,목요일,인천광역시 연수구 연수동,경상사고,0,0,1,0,차대사람 - 보도통행중,안전운전불이행,건조,맑음,기타 - 기타,승용,기타불명,기타불명,기타불명,보행자,남,24세,경상
2011061600100144,2011년 6월 16일 08시,목요일,인천광역시 동구 송림동,중상사고,0,1,0,0,차대사람 - 보도통행중,보행자보호의무위반,건조,흐림,교차로 - 교차로안,화물,남,50세,상해없음,보행자,여,46세,중상
2011061600100145,2011년 6월 16일 08시,목요일,인천광역시 남구 주안동,경상사고,0,0,1,0,차대차 - 기타,안전운전불이행,건조,맑음,단일로 - 기타,승용,기타불명,기타불명,기타불명,승용,여,42세,경상
2011061600100204,2011년 6월 16일 10시,목요일,인천광역시 강화군 강화읍,경상사고,0,0,1,0,차대차 - 측면직각충돌,기타,건조,맑음,단일로 - 기타,승용,남,40세,상해없음,원동기,남,30세,경상
2011061600100230,2011년 6월 16일 11시,목요일,인천광역시 부평구 십정동,중상사고,0,1,0,0,차대사람 - 기타,안전운전불이행,건조,맑음,단일로 - 기타,승용,여,52세,상해없음,보행자,여,46세,중상
2011061600100250,2011년 6월 16일 12시,목요일,인천광역시 중구 율목동,경상사고,0,0,1,0,차대차 - 측면직각충돌,신호위반,건조,맑음,단일로 - 횡단보도상,승용,남,39세,상해없음,자전거,남,8세,경상
2011061600100251,2011년 6월 16일 12시,목요일,인천광역시 부평구 부평동,중상사고,0,2,0,0,차대차 - 측면직각충돌,중앙선침범,건조,맑음,단일로 - 기타,승용,여,50세,상해없음,이륜,남,43세,중상
2011061600100278,2011년 6월 16일 13시,목요일,인천광역시 남동구 구월동,경상사고,0,0,1,0,차대차 - 기타,안전운전불이행,건조,맑음,교차로 - 교차로부근,승용,여,42세,상해없음,승용,여,48세,경상
2011061600100344,2011년 6월 16일 15시,목요일,인천광역시 남동구 만수동,중상사고,0,1,0,0,차대차 - 측면직각충돌,안전운전불이행,건조,맑음,교차로 - 교차로부근,원동기,남,45세,중상,화물,남,41세,상해없음
2011061600100345,2011년 6월 16일 15시,목요일,인천광역시 연수구 동춘동,경상사고,0,0,1,0,차대사람 - 횡단중,안전운전불이행,건조,맑음,교차로 - 교차로안,승용,여,34세,상해없음,보행자,남,88세,경상
2011061600100425,2011년 6월 16일 17시,목요일,인천광역시 계양구 작전동,중상사고,0,1,0,0,차대차 - 추돌 - 진행중,안전운전불이행,건조,맑음,단일로 - 기타,승용,남,32세,상해없음,승용,여,28세,중상
2011061600100426,2011년 6월 16일 17시,목요일,인천광역시 강화군 삼산면,중상사고,0,1,0,0,차량단독 - 기타,안전운전불이행,건조,맑음,단일로 - 기타,이륜,남,30세,중상,,,,
2011061600100474,2011년 6월 16일 18시,목요일,인천광역시 서구 불로동,경상사고,0,0,2,0,차대차 - 추돌 - 주정차중,안전운전불이행,건조,맑음,교차로 - 교차로부근,승용,남,39세,상해없음,승용,남,42세,경상
2011061600100475,2011년 6월 16일 18시,목요일,인천광역시 부평구 부개동,경상사고,0,0,1,0,차대사람 - 횡단중,기타,건조,맑음,교차로 - 교차로부근,승용,여,43세,상해없음,보행자,남,11세,경상
2011061600100509,2011년 6월 16일 19시,목요일,인천광역시 남구 관교동,경상사고,0,0,1,0,차대사람 - 횡단중,보행자보호의무위반,건조,맑음,단일로 - 횡단보도상,승용,여,50세,상해없음,보행자,남,6세,경상
2011061600100510,2011년 6월 16일 19시,목요일,인천광역시 부평구 십정동,경상사고,0,0,2,0,차대차 - 측면직각충돌,신호위반,건조,맑음,교차로 - 교차로안,승용,남,30세,상해없음,승용,남,24세,경상
2011061600100547,2011년 6월 16일 20시,목요일,인천광역시 옹진군 대청면,중상사고,0,1,0,0,차대사람 - 차도통행중,중앙선침범,건조,맑음,단일로 - 기타,승용,남,46세,상해없음,보행자,남,65세,중상
2011061600100580,2011년 6월 16일 21시,목요일,인천광역시 남구 주안동,경상사고,0,0,1,0,차대차 - 추돌 - 주정차중,안전운전불이행,건조,맑음,기타 - 기타,화물,남,42세,상해없음,승용,남,53세,경상
2011061600100581,2011년 6월 16일 21시,목요일,인천광역시 서구 심곡동,경상사고,0,0,1,0,차대사람 - 기타,안전운전불이행,건조,맑음,단일로 - 기타,승용,남,30세,상해없음,보행자,여,44세,경상
2011061600100582,2011년 6월 16일 21시,목요일,인천광역시 연수구 선학동,경상사고,0,0,1,0,차대차 - 기타,안전운전불이행,건조,맑음,기타 - 기타,이륜,남,40세,상해없음,자전거,남,14세,경상
2011061600100622,2011년 6월 16일 22시,목요일,인천광역시 남동구 남촌동,중상사고,0,2,3,0,차대차 - 추돌 - 주정차중,안전운전불이행,건조,맑음,교차로 - 교차로부근,승용,남,46세,상해없음,승용,남,68세,중상
2011061600100654,2011년 6월 16일 23시,목요일,인천광역시 남구 학익동,중상사고,0,1,0,0,차대차 - 정면충돌,신호위반,건조,맑음,교차로 - 교차로안,승용,남,31세,상해없음,승용,남,55세,중상
2011061700100016,2011년 6월 17일 00시,금요일,인천광역시 남구 도화동,경상사고,0,0,2,0,차대차 - 추돌 - 주정차중,안전운전불이행,건조,맑음,단일로 - 횡단보도부근,승용,남,30세,상해없음,승용,남,22세,경상
2011061700100017,2011년 6월 17일 00시,금요일,인천광역시 남동구 논현동,중상사고,0,1,0,0,차대차 - 기타,기타,건조,맑음,단일로 - 기타,승용,남,26세,상해없음,이륜,남,16세,상해없음
2011061700100018,2011년 6월 17일 00시,금요일,인천광역시 계양구 작전동,경상사고,0,0,2,0,차대차 - 추돌 - 주정차중,안전운전불이행,건조,맑음,기타 - 기타,승용,남,39세,상해없음,승합,남,57세,경상
2011061700100019,2011년 6월 17일 00시,금요일,인천광역시 계양구 방축동,중상사고,0,1,0,0,차대사람 - 기타,안전운전불이행,건조,맑음,단일로 - 기타,승용,기타불명,기타불명,기타불명,보행자,남,64세,중상
2011061700100020,2011년 6월 17일 00시,금요일,인천광역시 연수구 송도동,중상사고,0,1,0,0,차대사람 - 횡단중,보행자보호의무위반,건조,맑음,단일로 - 횡단보도상,승용,남,66세,상해없음,보행자,여,18세,중상
2011061700100021,2011년 6월 17일 00시,금요일,인천광역시 부평구 부평동,경상사고,0,0,1,0,차대차 - 측면직각충돌,안전거리미확보,건조,맑음,단일로 - 기타,승용,기타불명,기타불명,기타불명,승용,남,46세,상해없음
2011061700100039,2011년 6월 17일 01시,금요일,인천광역시 계양구 용종동,경상사고,0,0,2,0,차대차 - 추돌 - 진행중,안전운전불이행,건조,맑음,단일로 - 기타,승용,남,34세,상해없음,화물,남,50세,경상
2011061700100082,2011년 6월 17일 05시,금요일,인천광역시 남동구 장수동,중상사고,0,1,0,1,차대차 - 정면충돌,중앙선침범,건조,맑음,단일로 - 기타,이륜,남,19세,부상신고,화물,남,56세,상해없음
2011061700100092,2011년 6월 17일 06시,금요일,인천광역시 부평구 부평동,경상사고,0,0,2,0,차대차 - 측면직각충돌,교차로운행방법위반,건조,맑음,교차로 - 교차로안,승용,남,40세,상해없음,승용,남,34세,경상
2011061700100093,2011년 6월 17일 06시,금요일,인천광역시 부평구 십정동,경상사고,0,0,1,0,차대사람 - 길가장자리구역통행중,안전운전불이행,건조,맑음,단일로 - 기타,승용,여,59세,상해없음,보행자,남,57세,경상
2011061700100118,2011년 6월 17일 07시,금요일,인천광역시 계양구 계산동,중상사고,0,1,0,0,차대차 - 기타,교차로운행방법위반,건조,맑음,단일로 - 기타,승용,여,59세,상해없음,자전거,남,73세,중상
2011061700100165,2011년 6월 17일 08시,금요일,인천광역시 남구 학익동,중상사고,0,1,0,0,차대사람 - 차도통행중,안전운전불이행,건조,맑음,교차로 - 교차로안,승용,남,53세,기타불명,보행자,여,36세,중상
2011061700100237,2011년 6월 17일 10시,금요일,인천광역시 계양구 서운동,중상사고,0,1,0,0,차대사람 - 차도통행중,안전운전불이행,건조,맑음,단일로 - 기타,승용,남,61세,상해없음,보행자,남,63세,중상
2011061700100238,2011년 6월 17일 10시,금요일,인천광역시 강화군 강화읍,경상사고,0,0,1,0,차대차 - 기타,안전운전불이행,건조,맑음,단일로 - 기타,이륜,남,88세,경상,승용,여,51세,상해없음
2011061700100273,2011년 6월 17일 11시,금요일,인천광역시 남구 용현동,경상사고,0,0,1,0,차대차 - 기타,신호위반,건조,맑음,기타 - 기타,건설기계,남,47세,상해없음,이륜,남,74세,경상
2011061700100274,2011년 6월 17일 11시,금요일,인천광역시 남구 주안동,중상사고,0,1,2,0,차대차 - 측면직각충돌,신호위반,건조,맑음,교차로 - 교차로안,승합,남,66세,상해없음,화물,남,41세,중상
2011061700100275,2011년 6월 17일 11시,금요일,인천광역시 부평구 산곡동,경상사고,0,0,1,0,차대사람 - 보도통행중,기타,건조,맑음,기타 - 기타,화물,남,65세,상해없음,보행자,여,28세,경상
2011061700100304,2011년 6월 17일 12시,금요일,인천광역시 남동구 구월동,경상사고,0,0,2,0,차대차 - 측면직각충돌,안전거리미확보,건조,맑음,교차로 - 교차로부근,승합,남,48세,상해없음,승용,여,51세,경상
2011061700100305,2011년 6월 17일 12시,금요일,인천광역시 강화군 강화읍,경상사고,0,0,2,0,차대차 - 측면직각충돌,신호위반,건조,맑음,교차로 - 교차로부근,화물,남,63세,상해없음,승용,남,59세,경상
2011061700100358,2011년 6월 17일 14시,금요일,인천광역시 연수구 청학동,사망사고,1,0,0,0,차대차 - 기타,안전운전불이행,건조,흐림,교차로 - 교차로안,승용,남,54세,상해없음,원동기,남,77세,사망
2011061700100388,2011년 6월 17일 15시,금요일,인천광역시 남동구 간석동,경상사고,0,0,1,0,차대차 - 기타,안전거리미확보,건조,맑음,단일로 - 기타,승용,여,40세,상해없음,승용,여,21세,경상
2011061700100417,2011년 6월 17일 16시,금요일,인천광역시 남구 주안동,경상사고,0,0,4,0,차대차 - 측면직각충돌,직진우회전진행방해,건조,맑음,교차로 - 교차로부근,승용,여,49세,상해없음,승용,남,36세,경상
2011061700100418,2011년 6월 17일 16시,금요일,인천광역시 부평구 부개동,경상사고,0,0,1,0,차대사람 - 기타,신호위반,건조,맑음,단일로 - 횡단보도상,승용,남,30세,상해없음,보행자,남,12세,경상
2011061700100447,2011년 6월 17일 17시,금요일,인천광역시 서구 가좌동,경상사고,0,0,2,0,차대차 - 추돌 - 주정차중,안전운전불이행,건조,맑음,단일로 - 기타,승용,남,49세,상해없음,승용,남,28세,경상
2011061700100448,2011년 6월 17일 17시,금요일,인천광역시 계양구 계산동,경상사고,0,0,1,0,차대사람 - 보도통행중,기타,건조,맑음,기타 - 기타,승용,남,41세,상해없음,보행자,여,62세,경상
2011061700100500,2011년 6월 17일 19시,금요일,인천광역시 남동구 구월동,경상사고,0,0,1,0,차대사람 - 길가장자리구역통행중,안전운전불이행,건조,맑음,단일로 - 기타,승용,여,33세,상해없음,보행자,남,47세,경상
2011061700100501,2011년 6월 17일 19시,금요일,인천광역시 남동구 간석동,경상사고,0,0,1,0,차대사람 - 기타,안전운전불이행,건조,맑음,단일로 - 기타,기타불명,기타불명,기타불명,기타불명,보행자,남,12세,경상
2011061700100502,2011년 6월 17일 19시,금요일,인천광역시 서구 가정동,경상사고,0,0,1,0,차대사람 - 기타,안전운전불이행,건조,맑음,단일로 - 기타,이륜,남,15세,상해없음,보행자,여,26세,경상
2011061700100532,2011년 6월 17일 20시,금요일,인천광역시 서구 가좌동,경상사고,0,0,1,0,차대사람 - 기타,안전운전불이행,건조,맑음,기타 - 기타,승용,남,39세,상해없음,보행자,남,67세,경상
2011061700100568,2011년 6월 17일 21시,금요일,인천광역시 동구 화수동,경상사고,0,0,1,0,차량단독 - 기타,안전운전불이행,건조,맑음,단일로 - 기타,승합,남,60세,상해없음,,,,
2011061700100569,2011년 6월 17일 21시,금요일,인천광역시 남구 주안동,부상신고사고,0,0,0,1,차대차 - 추돌 - 진행중,안전운전불이행,건조,맑음,교차로 - 교차로부근,승용,기타불명,기타불명,기타불명,승용,남,53세,상해없음
2011061700100614,2011년 6월 17일 22시,금요일,인천광역시 동구 화수동,중상사고,0,1,1,0,차대사람 - 횡단중,보행자보호의무위반,건조,맑음,단일로 - 횡단보도상,승용,남,27세,상해없음,보행자,여,4세,경상
2011061700100615,2011년 6월 17일 22시,금요일,인천광역시 남동구 논현동,중상사고,0,1,1,0,차대차 - 기타,차로위반,건조,맑음,단일로 - 기타,승합,남,50세,상해없음,승용,여,28세,경상
2011061700100655,2011년 6월 17일 23시,금요일,인천광역시 부평구 산곡동,부상신고사고,0,0,0,1,차대차 - 측면직각충돌,안전운전불이행,건조,맑음,단일로 - 기타,이륜,남,16세,부상신고,승용,남,49세,상해없음
2011061700100656,2011년 6월 17일 23시,금요일,인천광역시 연수구 선학동,경상사고,0,0,1,0,차대사람 - 차도통행중,안전운전불이행,건조,맑음,단일로 - 기타,승용,남,46세,상해없음,보행자,남,55세,경상
2011061700100657,2011년 6월 17일 23시,금요일,인천광역시 부평구 갈산동,중상사고,0,1,0,0,차대차 - 측면직각충돌,중앙선침범,건조,맑음,교차로 - 교차로부근,승용,여,36세,상해없음,원동기,남,19세,중상
2011061800100029,2011년 6월 18일 00시,토요일,인천광역시 옹진군 영흥면,중상사고,0,1,0,0,차대차 - 추돌 - 진행중,안전운전불이행,건조,맑음,교차로 - 교차로안,승용,남,21세,상해없음,승용,남,19세,중상
2011061800100030,2011년 6월 18일 00시,토요일,인천광역시 남동구 구월동,중상사고,0,1,0,0,차대차 - 추돌 - 주정차중,안전운전불이행,건조,맑음,교차로 - 교차로안,승합,남,41세,상해없음,승용,남,64세,중상
2011061800100031,2011년 6월 18일 00시,토요일,인천광역시 남동구 간석동,경상사고,0,0,2,0,차대차 - 추돌 - 주정차중,안전운전불이행,건조,맑음,교차로 - 교차로부근,승용,남,31세,상해없음,승용,남,30세,경상
2011061800100032,2011년 6월 18일 00시,토요일,인천광역시 남동구 논현동,중상사고,0,1,0,0,차량단독 - 공작물충돌,안전운전불이행,건조,맑음,단일로 - 기타,승용,남,47세,중상,,,,
2011061800100033,2011년 6월 18일 00시,토요일,인천광역시 남동구 남촌동,사망사고,1,0,0,0,차대차 - 측면직각충돌,신호위반,건조,맑음,교차로 - 교차로안,자전거,여,42세,사망,승합,남,50세,상해없음
2011061800100034,2011년 6월 18일 00시,토요일,인천광역시 서구 석남동,경상사고,0,0,1,0,차대사람 - 기타,안전운전불이행,건조,맑음,교차로 - 교차로부근,화물,남,53세,상해없음,보행자,남,31세,경상
2011061800100049,2011년 6월 18일 01시,토요일,인천광역시 남동구 간석동,중상사고,0,1,0,0,차대사람 - 횡단중,안전운전불이행,건조,맑음,단일로 - 기타,승용,남,48세,상해없음,보행자,남,36세,중상
2011061800100104,2011년 6월 18일 04시,토요일,인천광역시 남동구 구월동,부상신고사고,0,0,0,1,차대사람 - 차도통행중,안전운전불이행,건조,맑음,단일로 - 기타,승용,남,59세,상해없음,보행자,남,48세,부상신고
2011061800100105,2011년 6월 18일 04시,토요일,인천광역시 서구 가정동,중상사고,0,1,0,0,차대차 - 측면직각충돌,안전운전불이행,건조,맑음,교차로 - 교차로안,승용,남,26세,중상,승합,남,51세,상해없음
2011061800100106,2011년 6월 18일 04시,토요일,인천광역시 연수구 동춘동,중상사고,0,1,0,0,차대차 - 추돌 - 주정차중,안전운전불이행,건조,맑음,단일로 - 기타,승용,남,26세,상해없음,승용,남,49세,중상
2011061800100107,2011년 6월 18일 04시,토요일,인천광역시 부평구 부평동,경상사고,0,0,1,0,차대사람 - 길가장자리구역통행중,안전운전불이행,건조,맑음,교차로 - 교차로부근,승용,여,21세,상해없음,보행자,남,26세,경상
2011061800100114,2011년 6월 18일 05시,토요일,인천광역시 서구 가좌동,경상사고,0,0,1,1,차대차 - 추돌 - 주정차중,안전운전불이행,건조,맑음,단일로 - 기타,승용,남,42세,부상신고,승용,남,25세,경상
2011061800100131,2011년 6월 18일 06시,토요일,인천광역시 남구 주안동,경상사고,0,0,4,0,차대차 - 측면직각충돌,안전운전불이행,건조,맑음,교차로 - 교차로부근,승용,남,44세,상해없음,승용,남,28세,경상
2011061800100184,2011년 6월 18일 08시,토요일,인천광역시 동구 화수동,경상사고,0,0,1,0,차대사람 - 횡단중,안전운전불이행,건조,맑음,단일로 - 횡단보도부근,승용,남,34세,상해없음,보행자,여,14세,경상
2011061800100185,2011년 6월 18일 08시,토요일,인천광역시 남동구 고잔동,경상사고,0,0,1,0,차대차 - 추돌 - 진행중,안전거리미확보,건조,맑음,단일로 - 기타,승용,여,43세,상해없음,자전거,남,55세,경상
2011061800100237,2011년 6월 18일 10시,토요일,인천광역시 남동구 장수동,경상사고,0,0,2,0,차대차 - 추돌 - 진행중,안전거리미확보,건조,맑음,단일로 - 터널,화물,남,50세,상해없음,승용,남,42세,경상
2011061800100238,2011년 6월 18일 10시,토요일,인천광역시 남동구 장수동,중상사고,0,1,1,0,차대차 - 추돌 - 진행중,안전거리미확보,건조,맑음,단일로 - 기타,승용,남,27세,상해없음,승용,남,50세,상해없음
2011061800100239,2011년 6월 18일 10시,토요일,인천광역시 서구 원당동,중상사고,0,1,0,1,차대차 - 측면직각충돌,교차로운행방법위반,건조,맑음,교차로 - 교차로안,승용,여,32세,부상신고,승용,남,39세,중상
2011061800100240,2011년 6월 18일 10시,토요일,인천광역시 부평구 일신동,중상사고,0,1,0,0,차대차 - 측면직각충돌,신호위반,건조,맑음,단일로 - 횡단보도상,승용,여,44세,상해없음,원동기,남,46세,중상
2011061800100273,2011년 6월 18일 11시,토요일,인천광역시 남구 숭의동,경상사고,0,0,1,0,차대차 - 측면직각충돌,안전거리미확보,건조,맑음,단일로 - 횡단보도부근,승용,여,44세,상해없음,승용,남,46세,경상
2011061800100334,2011년 6월 18일 13시,토요일,인천광역시 부평구 부평동,경상사고,0,0,1,0,차대사람 - 기타,안전운전불이행,건조,맑음,단일로 - 기타,승용,남,33세,상해없음,보행자,남,47세,경상
2011061800100376,2011년 6월 18일 14시,토요일,인천광역시 남구 주안동,중상사고,0,1,0,0,차대사람 - 횡단중,신호위반,건조,맑음,교차로 - 교차로안,원동기,남,16세,상해없음,보행자,여,10세,중상
2011061800100377,2011년 6월 18일 14시,토요일,인천광역시 부평구 십정동,중상사고,0,1,0,0,차대차 - 측면직각충돌,신호위반,건조,맑음,교차로 - 교차로안,이륜,남,19세,상해없음,자전거,남,16세,중상
2011061800100412,2011년 6월 18일 15시,토요일,인천광역시 남동구 수산동,경상사고,0,0,2,0,차대차 - 추돌 - 진행중,안전운전불이행,건조,맑음,단일로 - 횡단보도부근,승용,남,54세,상해없음,승용,여,33세,경상
2011061800100413,2011년 6월 18일 15시,토요일,인천광역시 부평구 갈산동,중상사고,0,1,0,0,차대사람 - 횡단중,안전운전불이행,건조,맑음,교차로 - 교차로부근,승용,여,51세,상해없음,보행자,여,62세,중상
2011061800100481,2011년 6월 18일 17시,토요일,인천광역시 서구 마전동,경상사고,0,0,1,0,차대차 - 추돌 - 주정차중,기타,건조,맑음,단일로 - 기타,이륜,남,17세,경상,승용,여,29세,상해없음
2011061800100517,2011년 6월 18일 18시,토요일,인천광역시 중구 인현동,경상사고,0,0,1,0,차대사람 - 기타,안전운전불이행,건조,맑음,단일로 - 기타,승용,남,47세,상해없음,보행자,남,17세,경상
2011061800100518,2011년 6월 18일 18시,토요일,인천광역시 부평구 부평동,중상사고,0,1,0,0,차대사람 - 기타,안전운전불이행,건조,맑음,단일로 - 횡단보도상,화물,기타불명,기타불명,기타불명,보행자,남,52세,중상
2011061800100546,2011년 6월 18일 19시,토요일,인천광역시 계양구 병방동,중상사고,0,1,0,0,차대차 - 측면직각충돌,중앙선침범,건조,맑음,단일로 - 기타,승용,남,47세,상해없음,승합,남,31세,중상
2011061800100547,2011년 6월 18일 19시,토요일,인천광역시 연수구 동춘동,경상사고,0,0,4,0,차대차 - 측면직각충돌,신호위반,건조,맑음,교차로 - 교차로부근,승용,남,36세,상해없음,승용,남,34세,경상
2011061800100548,2011년 6월 18일 19시,토요일,인천광역시 부평구 부평동,경상사고,0,0,2,0,차대사람 - 기타,안전운전불이행,건조,맑음,기타 - 기타,승합,남,31세,상해없음,보행자,여,35세,경상
2011061800100579,2011년 6월 18일 20시,토요일,인천광역시 남구 학익동,중상사고,0,1,0,0,차대사람 - 기타,안전운전불이행,건조,맑음,교차로 - 교차로안,승용,여,54세,상해없음,보행자,여,40세,중상
2011061800100610,2011년 6월 18일 21시,토요일,인천광역시 남동구 구월동,중상사고,0,1,0,0,차대사람 - 횡단중,안전운전불이행,건조,맑음,교차로 - 교차로부근,승용,남,33세,상해없음,보행자,남,61세,중상
2011061800100644,2011년 6월 18일 22시,토요일,인천광역시 남구 주안동,중상사고,0,1,2,0,차대차 - 추돌 - 주정차중,안전운전불이행,건조,맑음,단일로 - 기타,승용,여,30세,상해없음,승용,남,56세,중상
2011061800100676,2011년 6월 18일 23시,토요일,인천광역시 부평구 부평동,경상사고,0,0,1,0,차대차 - 추돌 - 진행중,안전운전불이행,건조,맑음,단일로 - 기타,화물,남,41세,상해없음,자전거,남,41세,경상
2011061900100022,2011년 6월 19일 00시,일요일,인천광역시 남구 주안동,경상사고,0,0,2,0,차대차 - 측면직각충돌,안전운전불이행,건조,맑음,단일로 - 기타,승용,남,41세,상해없음,승용,남,30세,경상
2011061900100023,2011년 6월 19일 00시,일요일,인천광역시 남동구 만수동,경상사고,0,0,1,0,차대차 - 측면직각충돌,안전운전불이행,건조,맑음,교차로 - 교차로안,승용,남,51세,상해없음,승용,남,39세,경상
2011061900100068,2011년 6월 19일 02시,일요일,인천광역시 중구 남북동,중상사고,0,1,1,0,차량단독 - 기타,안전운전불이행,건조,맑음,교차로 - 교차로안,승용,남,23세,상해없음,,,,
2011061900100092,2011년 6월 19일 04시,일요일,인천광역시 부평구 부평동,사망사고,1,0,0,0,차대차 - 기타,안전거리미확보,건조,맑음,단일로 - 기타,자전거,남,77세,사망,승용,남,55세,상해없음
2011061900100107,2011년 6월 19일 05시,일요일,인천광역시 남구 용현동,경상사고,0,0,1,0,차대사람 - 길가장자리구역통행중,안전운전불이행,건조,맑음,단일로 - 기타,승용,여,39세,상해없음,보행자,남,24세,경상
2011061900100108,2011년 6월 19일 05시,일요일,인천광역시 강화군 강화읍,중상사고,0,1,0,2,차대차 - 측면직각충돌,안전운전불이행,건조,맑음,교차로 - 교차로안,승용,남,25세,상해없음,승용,여,70세,중상
2011061900100187,2011년 6월 19일 10시,일요일,인천광역시 남동구 고잔동,경상사고,0,0,1,0,차대차 - 정면충돌,중앙선침범,건조,맑음,단일로 - 기타,화물,남,49세,상해없음,화물,남,36세,경상
2011061900100279,2011년 6월 19일 14시,일요일,인천광역시 중구 을왕동,경상사고,0,0,9,0,차대차 - 추돌 - 진행중,안전운전불이행,건조,맑음,단일로 - 기타,승용,남,26세,상해없음,승용,여,52세,경상
2011061900100280,2011년 6월 19일 14시,일요일,인천광역시 남동구 구월동,경상사고,0,0,2,0,차대차 - 추돌 - 주정차중,안전거리미확보,건조,맑음,단일로 - 기타,승용,남,43세,상해없음,승용,남,39세,경상
2011061900100307,2011년 6월 19일 15시,일요일,인천광역시 남구 도화동,중상사고,0,1,0,0,차대차 - 측면직각충돌,안전운전불이행,건조,맑음,단일로 - 기타,승용,남,35세,상해없음,화물,남,49세,중상
2011061900100385,2011년 6월 19일 17시,일요일,인천광역시 옹진군 백령면,중상사고,0,1,0,0,차량단독 - 공작물충돌,안전운전불이행,건조,맑음,단일로 - 기타,승용,남,56세,중상,,,,
2011061900100412,2011년 6월 19일 18시,일요일,인천광역시 남구 문학동,경상사고,0,0,5,0,차대차 - 기타,안전운전불이행,건조,맑음,교차로 - 교차로안,승용,남,51세,상해없음,승용,남,41세,경상
2011061900100437,2011년 6월 19일 19시,일요일,인천광역시 남동구 논현동,경상사고,0,0,2,0,차대차 - 기타,안전운전불이행,건조,맑음,단일로 - 횡단보도상,승용,여,49세,상해없음,자전거,남,36세,경상
2011061900100476,2011년 6월 19일 20시,일요일,인천광역시 남동구 논현동,부상신고사고,0,0,0,2,차대차 - 기타,안전운전불이행,건조,맑음,교차로 - 교차로안,이륜,남,19세,상해없음,이륜,남,17세,부상신고
2011061900100477,2011년 6월 19일 20시,일요일,인천광역시 서구 가좌동,중상사고,0,1,0,0,차대사람 - 차도통행중,안전운전불이행,건조,맑음,단일로 - 기타,화물,남,39세,상해없음,보행자,여,52세,중상
2011061900100504,2011년 6월 19일 21시,일요일,인천광역시 계양구 작전동,경상사고,0,0,1,0,차대차 - 측면직각충돌,안전운전불이행,건조,맑음,교차로 - 교차로부근,승용,남,51세,상해없음,승합,남,34세,경상
2011061900100539,2011년 6월 19일 23시,일요일,인천광역시 부평구 십정동,경상사고,0,0,3,0,차대차 - 기타,교차로운행방법위반,건조,맑음,교차로 - 교차로안,승용,여,42세,상해없음,승용,남,39세,경상
2011061900100540,2011년 6월 19일 23시,일요일,인천광역시 부평구 부평동,경상사고,0,0,1,0,차대차 - 측면직각충돌,교차로운행방법위반,건조,맑음,교차로 - 교차로안,이륜,남,16세,상해없음,이륜,남,18세,경상
2011062000100023,2011년 6월 20일 00시,월요일,인천광역시 부평구 부평동,중상사고,0,1,1,0,차대사람 - 차도통행중,안전운전불이행,건조,맑음,단일로 - 기타,승용,남,29세,상해없음,보행자,남,52세,중상
2011062000100024,2011년 6월 20일 00시,월요일,인천광역시 남동구 만수동,중상사고,0,1,0,0,차대차 - 추돌 - 진행중,안전운전불이행,건조,맑음,교차로 - 교차로부근,승용,남,30세,상해없음,승용,여,51세,중상
2011062000100034,2011년 6월 20일 01시,월요일,인천광역시 남동구 구월동,사망사고,1,0,0,0,차대사람 - 횡단중,안전운전불이행,건조,맑음,단일로 - 기타,승용,남,51세,상해없음,보행자,남,50세,사망
2011062000100041,2011년 6월 20일 02시,월요일,인천광역시 남동구 간석동,중상사고,0,1,0,0,차대차 - 측면직각충돌,신호위반,건조,맑음,교차로 - 교차로안,승용,여,28세,상해없음,승용,남,55세,중상
2011062000100049,2011년 6월 20일 04시,월요일,인천광역시 남구 주안동,경상사고,0,0,2,0,차량단독 - 기타,안전운전불이행,건조,맑음,단일로 - 기타,승용,남,56세,상해없음,,,,
2011062000100155,2011년 6월 20일 08시,월요일,인천광역시 중구 신흥동1가,경상사고,0,0,1,0,차대사람 - 길가장자리구역통행중,안전운전불이행,건조,맑음,단일로 - 기타,승용,남,40세,상해없음,보행자,남,13세,경상