사고번호,사고일시,요일,시군구,사고내용,사망자수,중상자수,경상자수,부상신고자수,사고유형,법규위반,노면상태,기상상태,도로형태,가해운전자 차종,가해운전자 성별,가해운전자 연령,가해운전자 상해정도,피해운전자 차종,피해운전자 성별,피해운전자 연령,피해운전자 상해정도
2011062400100388,2011년 6월 24일 14시,금요일,인천광역시 동구 만석동,경상사고,0,0,1,0,차대사람 - 기타,안전운전불이행,습기,흐림,교차로 - 교차로안,승용,남,65세,상해없음,보행자,남,8세,경상
2011062400100389,2011년 6월 24일 14시,금요일,인천광역시 동구 만석동,경상사고,0,0,1,0,차대차 - 추돌 - 진행중,안전거리미확보,습기,비,교차로 - 교차로부근,화물,남,51세,상해없음,승용,남,45세,경상
2011062400100390,2011년 6월 24일 14시,금요일,인천광역시 남동구 간석동,경상사고,0,0,1,0,차대차 - 추돌 - 진행중,안전운전불이행,건조,맑음,교차로 - 교차로부근,승용,여,51세,상해없음,승용,남,64세,경상
2011062400100427,2011년 6월 24일 15시,금요일,인천광역시 남동구 간석동,경상사고,0,0,1,0,차대차 - 추돌 - 주정차중,안전운전불이행,건조,맑음,단일로 - 기타,기타불명,기타불명,기타불명,기타불명,승합,여,50세,경상
2011062400100428,2011년 6월 24일 15시,금요일,인천광역시 연수구 연수동,중상사고,0,1,0,0,차대차 - 측면직각충돌,교차로운행방법위반,습기,비,교차로 - 교차로안,승용,남,39세,상해없음,자전거,남,73세,중상
2011062400100454,2011년 6월 24일 16시,금요일,인천광역시 남동구 장수동,경상사고,0,0,1,0,차대차 - 측면직각충돌,안전거리미확보,습기,비,단일로 - 기타,승용,남,45세,상해없음,화물,남,53세,경상
2011062400100493,2011년 6월 24일 17시,금요일,인천광역시 서구 공촌동,경상사고,0,0,1,0,차대차 - 측면직각충돌,안전운전불이행,건조,기타,단일로 - 기타,승용,남,48세,상해없음,승합,남,43세,경상
2011062400100538,2011년 6월 24일 18시,금요일,인천광역시 남구 용현동,경상사고,0,0,4,0,차대차 - 기타,신호위반,습기,비,교차로 - 교차로안,승용,남,44세,상해없음,승용,남,46세,경상
2011062400100630,2011년 6월 24일 20시,금요일,인천광역시 부평구 산곡동,경상사고,0,0,1,0,차대사람 - 횡단중,안전운전불이행,습기,비,단일로 - 기타,승용,여,47세,상해없음,보행자,남,49세,경상
2011062400100672,2011년 6월 24일 21시,금요일,인천광역시 서구 석남동,중상사고,0,1,3,0,차대차 - 정면충돌,중앙선침범,건조,흐림,단일로 - 기타,이륜,남,21세,상해없음,승용,남,36세,경상
2011062400100673,2011년 6월 24일 21시,금요일,인천광역시 서구 석남동,경상사고,0,0,3,0,차대차 - 추돌 - 진행중,안전운전불이행,건조,맑음,단일로 - 기타,승합,남,47세,상해없음,승합,남,38세,상해없음
2011062400100674,2011년 6월 24일 21시,금요일,인천광역시 부평구 삼산동,중상사고,0,1,0,0,차대사람 - 횡단중,안전운전불이행,습기,비,단일로 - 기타,승용,남,55세,상해없음,보행자,남,5세,중상
2011062400100721,2011년 6월 24일 22시,금요일,인천광역시 남동구 간석동,중상사고,0,1,0,0,차대사람 - 보도통행중,보행자보호의무위반,습기,흐림,단일로 - 횡단보도상,승용,남,41세,상해없음,보행자,여,16세,중상
2011062500100038,2011년 6월 25일 00시,토요일,인천광역시 부평구 십정동,경상사고,0,0,1,0,차대차 - 추돌 - 진행중,안전운전불이행,습기,흐림,단일로 - 기타,기타불명,기타불명,기타불명,기타불명,승용,남,50세,경상
2011062500100039,2011년 6월 25일 00시,토요일,인천광역시 부평구 청천동,중상사고,0,1,0,0,차대차 - 추돌 - 주정차중,안전운전불이행,건조,맑음,단일로 - 기타,승용,남,28세,상해없음,이륜,남,49세,상해없음
2011062500100040,2011년 6월 25일 00시,토요일,인천광역시 남동구 논현동,경상사고,0,0,1,0,차대차 - 추돌 - 주정차중,안전운전불이행,건조,맑음,단일로 - 기타,승용,여,33세,상해없음,원동기,기타불명,기타불명,기타불명
2011062500100077,2011년 6월 25일 01시,토요일,인천광역시 남구 문학동,경상사고,0,0,1,0,차대차 - 측면직각충돌,중앙선침범,습기,비,단일로 - 횡단보도부근,승용,남,29세,상해없음,승용,남,29세,경상
2011062500100112,2011년 6월 25일 02시,토요일,인천광역시 서구 가좌동,경상사고,0,0,2,0,차대차 - 측면직각충돌,중앙선침범,건조,맑음,교차로 - 교차로부근,화물,남,61세,상해없음,승용,남,27세,경상
2011062500100157,2011년 6월 25일 04시,토요일,인천광역시 서구 심곡동,중상사고,0,1,0,0,차대차 - 추돌 - 주정차중,안전운전불이행,건조,맑음,교차로 - 교차로부근,승용,여,33세,상해없음,승용,남,47세,중상
2011062500100185,2011년 6월 25일 05시,토요일,인천광역시 부평구 청천동,경상사고,0,0,1,0,차대사람 - 길가장자리구역통행중,안전운전불이행,습기,흐림,단일로 - 기타,승용,여,42세,상해없음,보행자,남,19세,경상
2011062500100203,2011년 6월 25일 06시,토요일,인천광역시 남구 용현동,중상사고,0,1,1,0,차대차 - 기타,신호위반,건조,맑음,교차로 - 교차로안,화물,남,45세,상해없음,승용,남,49세,중상
2011062500100247,2011년 6월 25일 08시,토요일,인천광역시 부평구 청천동,경상사고,0,0,1,0,차대차 - 측면직각충돌,안전운전불이행,습기,비,교차로 - 교차로안,승용,남,55세,상해없음,승용,여,40세,경상
2011062500100289,2011년 6월 25일 10시,토요일,인천광역시 남구 주안동,중상사고,0,1,0,0,차대차 - 측면직각충돌,안전운전불이행,건조,맑음,교차로 - 교차로안,승용,여,39세,상해없음,승용,남,45세,중상
2011062500100321,2011년 6월 25일 11시,토요일,인천광역시 부평구 산곡동,경상사고,0,0,1,0,차대차 - 추돌 - 진행중,중앙선침범,건조,맑음,단일로 - 기타,화물,남,39세,상해없음,승용,여,49세,상해없음
2011062500100351,2011년 6월 25일 12시,토요일,인천광역시 남구 주안동,중상사고,0,1,0,0,차량단독 - 기타,안전운전불이행,건조,맑음,기타 - 기타,승용,남,49세,상해없음,,,,
2011062500100391,2011년 6월 25일 13시,토요일,인천광역시 남구 주안동,경상사고,0,0,1,0,차대차 - 측면직각충돌,안전운전불이행,습기,비,단일로 - 기타,승용,남,39세,상해없음,원동기,남,32세,경상
2011062500100392,2011년 6월 25일 13시,토요일,인천광역시 연수구 송도동,중상사고,0,1,0,0,차대차 - 측면직각충돌,신호위반,습기,비,교차로 - 교차로안,건설기계,남,31세,상해없음,승합,여,54세,중상
2011062500100423,2011년 6월 25일 14시,토요일,인천광역시 부평구 십정동,경상사고,0,0,6,0,차대차 - 추돌 - 주정차중,안전운전불이행,건조,맑음,단일로 - 기타,승용,남,55세,상해없음,승용,남,35세,경상
2011062500100495,2011년 6월 25일 16시,토요일,인천광역시 남구 용현동,중상사고,0,1,1,0,차대차 - 측면직각충돌,교차로운행방법위반,습기,비,단일로 - 기타,승용,남,39세,경상,원동기,남,37세,중상
2011062500100531,2011년 6월 25일 17시,토요일,인천광역시 남구 주안동,중상사고,0,1,0,0,차대차 - 기타,안전운전불이행,습기,비,기타 - 기타,승용,남,51세,상해없음,승용,남,29세,중상
2011062500100571,2011년 6월 25일 18시,토요일,인천광역시 남구 주안동,중상사고,0,1,3,0,차대차 - 추돌 - 주정차중,안전운전불이행,습기,비,단일로 - 기타,승용,남,49세,상해없음,승용,남,24세,중상
2011062500100572,2011년 6월 25일 18시,토요일,인천광역시 서구 마전동,경상사고,0,0,1,0,차대차 - 측면직각충돌,안전거리미확보,습기,비,교차로 - 교차로부근,승용,남,22세,상해없음,승용,여,24세,경상
2011062500100610,2011년 6월 25일 19시,토요일,인천광역시 중구 항동7가,중상사고,0,1,2,0,차대차 - 측면직각충돌,신호위반,습기,비,교차로 - 교차로안,화물,남,41세,상해없음,승용,여,49세,중상
2011062500100611,2011년 6월 25일 19시,토요일,인천광역시 부평구 부평동,경상사고,0,0,1,0,차대차 - 측면직각충돌,차로위반,습기,비,교차로 - 교차로부근,승용,남,42세,상해없음,이륜,남,23세,경상
2011062500100705,2011년 6월 25일 21시,토요일,인천광역시 남구 주안동,중상사고,0,1,0,0,차대차 - 측면직각충돌,교차로운행방법위반,습기,비,교차로 - 교차로안,승용,여,34세,상해없음,원동기,남,18세,중상
2011062500100706,2011년 6월 25일 21시,토요일,인천광역시 부평구 부평동,경상사고,0,0,1,0,차대차 - 측면직각충돌,안전운전불이행,습기,비,단일로 - 기타,승용,여,58세,상해없음,승용,여,47세,기타불명
2011062500100707,2011년 6월 25일 21시,토요일,인천광역시 남동구 간석동,중상사고,0,1,3,0,차대차 - 정면충돌,중앙선침범,습기,비,교차로 - 교차로부근,승용,남,51세,상해없음,승용,여,40세,경상
2011062500100708,2011년 6월 25일 21시,토요일,인천광역시 계양구 계산동,경상사고,0,0,1,0,차대사람 - 기타,안전운전불이행,습기,비,단일로 - 기타,승용,남,35세,상해없음,보행자,남,8세,경상
2011062500100709,2011년 6월 25일 21시,토요일,인천광역시 연수구 동춘동,경상사고,0,0,1,0,차대사람 - 횡단중,안전운전불이행,건조,맑음,단일로 - 기타,승용,기타불명,기타불명,기타불명,보행자,남,9세,경상
2011062500100766,2011년 6월 25일 22시,토요일,인천광역시 남구 용현동,중상사고,0,2,1,0,차대차 - 추돌 - 진행중,안전운전불이행,습기,비,교차로 - 교차로부근,승용,남,37세,상해없음,승용,남,54세,경상
2011062500100767,2011년 6월 25일 22시,토요일,인천광역시 연수구 옥련동,중상사고,0,1,1,0,차대차 - 측면직각충돌,신호위반,습기,비,단일로 - 기타,승용,여,48세,상해없음,승용,남,31세,경상
2011062500100768,2011년 6월 25일 22시,토요일,인천광역시 부평구 부평동,경상사고,0,0,3,0,차대차 - 측면직각충돌,교차로운행방법위반,습기,비,교차로 - 교차로안,승용,남,35세,상해없음,승용,여,51세,경상
2011062500100769,2011년 6월 25일 22시,토요일,인천광역시 부평구 일신동,중상사고,0,4,12,1,차대차 - 측면직각충돌,안전거리미확보,습기,비,단일로 - 기타,승용,남,35세,부상신고,승합,남,35세,경상
2011062500100770,2011년 6월 25일 22시,토요일,인천광역시 부평구 구산동,경상사고,0,0,1,0,차대차 - 추돌 - 주정차중,안전운전불이행,습기,비,교차로 - 교차로부근,승용,남,46세,상해없음,승용,여,31세,경상
2011062500100771,2011년 6월 25일 22시,토요일,인천광역시 남구 학익동,경상사고,0,0,2,0,차대차 - 추돌 - 진행중,안전운전불이행,습기,비,단일로 - 기타,승용,남,37세,상해없음,승용,남,32세,경상
2011062500100827,2011년 6월 25일 23시,토요일,인천광역시 남구 주안동,경상사고,0,0,5,0,차대차 - 측면직각충돌,중앙선침범,습기,비,교차로 - 교차로부근,화물,남,56세,상해없음,승합,남,18세,경상
2011062500100828,2011년 6월 25일 23시,토요일,인천광역시 남동구 간석동,중상사고,0,1,1,0,차대차 - 측면직각충돌,신호위반,습기,비,교차로 - 교차로안,승용,남,31세,상해없음,승용,남,39세,경상
2011062500100829,2011년 6월 25일 23시,토요일,인천광역시 남동구 논현동,경상사고,0,0,1,0,차대차 - 측면직각충돌,안전운전불이행,습기,흐림,단일로 - 기타,승용,남,54세,상해없음,이륜,남,17세,경상
2011062500100830,2011년 6월 25일 23시,토요일,인천광역시 계양구 효성동,중상사고,0,1,0,0,차대사람 - 횡단중,안전운전불이행,습기,비,교차로 - 교차로안,이륜,남,17세,상해없음,보행자,여,51세,중상
2011062600100046,2011년 6월 26일 00시,일요일,인천광역시 남동구 구월동,중상사고,0,1,0,0,차대사람 - 차도통행중,안전운전불이행,습기,비,단일로 - 기타,승용,남,35세,상해없음,보행자,남,24세,중상
2011062600100047,2011년 6월 26일 00시,일요일,인천광역시 연수구 동춘동,경상사고,0,0,2,0,차대차 - 측면직각충돌,신호위반,습기,비,교차로 - 교차로안,승용,남,39세,상해없음,승용,남,50세,경상
2011062600100048,2011년 6월 26일 00시,일요일,인천광역시 연수구 선학동,중상사고,0,1,1,0,차대사람 - 횡단중,과속,습기,비,단일로 - 기타,승용,남,28세,상해없음,보행자,남,47세,중상
2011062600100118,2011년 6월 26일 02시,일요일,인천광역시 남동구 구월동,중상사고,0,1,3,0,차대차 - 추돌 - 주정차중,안전운전불이행,습기,비,교차로 - 교차로부근,승용,남,34세,상해없음,승용,남,42세,경상
2011062600100137,2011년 6월 26일 03시,일요일,인천광역시 남동구 간석동,중상사고,0,2,0,0,차대차 - 추돌 - 주정차중,안전운전불이행,습기,비,단일로 - 기타,승용,남,26세,상해없음,승용,남,37세,중상
2011062600100138,2011년 6월 26일 03시,일요일,인천광역시 연수구 선학동,경상사고,0,0,2,0,차대차 - 측면직각충돌,신호위반,습기,비,단일로 - 기타,승용,남,46세,상해없음,승용,남,48세,상해없음
2011062600100139,2011년 6월 26일 03시,일요일,인천광역시 연수구 선학동,중상사고,0,1,1,0,차대차 - 추돌 - 진행중,안전운전불이행,습기,비,단일로 - 기타,승용,남,31세,상해없음,승용,남,34세,경상
2011062600100169,2011년 6월 26일 04시,일요일,인천광역시 부평구 갈산동,중상사고,0,2,0,0,차대사람 - 기타,교차로운행방법위반,습기,비,단일로 - 기타,승용,남,55세,상해없음,보행자,남,27세,중상
2011062600100291,2011년 6월 26일 12시,일요일,인천광역시 부평구 산곡동,경상사고,0,0,4,0,차대차 - 측면직각충돌,신호위반,습기,흐림,교차로 - 교차로안,화물,남,54세,상해없음,승용,남,49세,경상
2011062600100292,2011년 6월 26일 12시,일요일,인천광역시 남동구 논현동,부상신고사고,0,0,0,1,차대차 - 측면직각충돌,안전운전불이행,습기,비,단일로 - 기타,원동기,남,24세,부상신고,승용,남,44세,상해없음
2011062600100293,2011년 6월 26일 12시,일요일,인천광역시 남동구 구월동,경상사고,0,0,1,0,차대사람 - 차도통행중,안전운전불이행,습기,흐림,단일로 - 기타,기타불명,기타불명,기타불명,기타불명,보행자,여,19세,경상
2011062600100312,2011년 6월 26일 13시,일요일,인천광역시 남구 주안동,경상사고,0,0,1,0,차대사람 - 기타,안전운전불이행,건조,맑음,단일로 - 기타,승용,남,39세,상해없음,보행자,남,27세,경상
2011062600100313,2011년 6월 26일 13시,일요일,인천광역시 연수구 연수동,중상사고,0,1,1,0,차대차 - 측면직각충돌,신호위반,건조,맑음,교차로 - 교차로안,승합,남,63세,경상,승용,남,29세,중상
2011062600100349,2011년 6월 26일 15시,일요일,인천광역시 계양구 박촌동,경상사고,0,0,1,0,차대사람 - 기타,보행자보호의무위반,건조,맑음,단일로 - 기타,이륜,남,17세,상해없음,보행자,남,8세,경상
2011062600100445,2011년 6월 26일 19시,일요일,인천광역시 남구 용현동,경상사고,0,0,1,0,차대차 - 측면직각충돌,안전거리미확보,습기,비,단일로 - 기타,승용,남,40세,상해없음,이륜,남,16세,경상
2011062600100446,2011년 6월 26일 19시,일요일,인천광역시 남동구 구월동,경상사고,0,0,2,0,차대차 - 기타,차로위반,건조,맑음,교차로 - 교차로부근,승용,남,23세,상해없음,승합,남,50세,상해없음
2011062600100468,2011년 6월 26일 20시,일요일,인천광역시 서구 가좌동,사망사고,1,0,0,0,차대차 - 추돌 - 주정차중,안전운전불이행,습기,비,단일로 - 기타,이륜,남,31세,사망,특수,남,44세,상해없음
2011062600100469,2011년 6월 26일 20시,일요일,인천광역시 부평구 갈산동,중상사고,0,1,0,0,차대사람 - 횡단중,보행자보호의무위반,습기,비,단일로 - 기타,승용,남,61세,상해없음,보행자,여,43세,중상
2011062600100522,2011년 6월 26일 22시,일요일,인천광역시 중구 운서동,중상사고,0,1,0,0,차대차 - 측면직각충돌,안전운전불이행,습기,비,교차로 - 교차로부근,화물,남,28세,상해없음,승용,남,51세,중상
2011062600100523,2011년 6월 26일 22시,일요일,인천광역시 서구 마전동,중상사고,0,1,0,0,차대사람 - 횡단중,신호위반,습기,비,단일로 - 횡단보도상,승용,남,44세,상해없음,보행자,남,30세,중상
2011062600100548,2011년 6월 26일 23시,일요일,인천광역시 남동구 구월동,중상사고,0,1,0,0,차대차 - 기타,중앙선침범,건조,맑음,교차로 - 교차로부근,승용,남,50세,상해없음,승용,남,49세,중상
2011062600100549,2011년 6월 26일 23시,일요일,인천광역시 계양구 작전동,경상사고,0,0,1,0,차대차 - 추돌 - 주정차중,안전운전불이행,건조,맑음,교차로 - 교차로부근,승용,남,42세,상해없음,화물,남,47세,상해없음
2011062700100014,2011년 6월 27일 00시,월요일,인천광역시 남구 학익동,경상사고,0,0,1,0,차대차 - 기타,안전운전불이행,습기,비,단일로 - 횡단보도부근,승용,남,30세,상해없음,화물,남,50세,기타불명
2011062700100045,2011년 6월 27일 03시,월요일,인천광역시 남구 주안동,부상신고사고,0,0,0,2,차대차 - 기타,안전운전불이행,건조,맑음,단일로 - 기타,승용,남,24세,상해없음,승용,여,26세,부상신고
2011062700100055,2011년 6월 27일 04시,월요일,인천광역시 남동구 간석동,경상사고,0,0,1,0,차대차 - 측면직각충돌,신호위반,건조,맑음,교차로 - 교차로안,승용,남,36세,상해없음,승용,남,51세,경상
2011062700100056,2011년 6월 27일 04시,월요일,인천광역시 서구 마전동,경상사고,0,0,2,0,차대차 - 정면충돌,중앙선침범,습기,비,단일로 - 기타,승용,남,19세,상해없음,승용,남,29세,경상
2011062700100062,2011년 6월 27일 05시,월요일,인천광역시 부평구 청천동,경상사고,0,0,1,0,차대차 - 기타,안전운전불이행,습기,비,단일로 - 기타,승용,남,25세,상해없음,승용,남,40세,경상
2011062700100104,2011년 6월 27일 07시,월요일,인천광역시 서구 원당동,경상사고,0,0,4,1,차대차 - 추돌 - 진행중,안전운전불이행,건조,맑음,교차로 - 교차로부근,승용,여,40세,부상신고,승용,여,44세,경상
2011062700100123,2011년 6월 27일 08시,월요일,인천광역시 부평구 청천동,중상사고,0,1,0,0,차대사람 - 횡단중,안전운전불이행,습기,비,단일로 - 기타,화물,남,28세,상해없음,보행자,여,38세,중상
2011062700100124,2011년 6월 27일 08시,월요일,인천광역시 남동구 간석동,경상사고,0,0,1,0,차량단독 - 기타,안전운전불이행,습기,비,단일로 - 기타,승용,남,60세,상해없음,,,,
2011062700100193,2011년 6월 27일 11시,월요일,인천광역시 계양구 작전동,경상사고,0,0,1,0,차대사람 - 횡단중,신호위반,습기,비,교차로 - 교차로부근,승용,남,35세,상해없음,보행자,여,36세,경상
2011062700100255,2011년 6월 27일 14시,월요일,인천광역시 남구 주안동,경상사고,0,0,2,0,차대차 - 추돌 - 진행중,안전운전불이행,건조,흐림,단일로 - 기타,승용,남,47세,상해없음,승용,여,40세,경상
2011062700100285,2011년 6월 27일 15시,월요일,인천광역시 서구 마전동,중상사고,0,1,0,0,차대사람 - 횡단중,신호위반,습기,흐림,단일로 - 횡단보도상,화물,남,41세,상해없음,보행자,여,75세,중상
2011062700100336,2011년 6월 27일 17시,월요일,인천광역시 부평구 부평동,중상사고,0,1,0,0,차대사람 - 차도통행중,기타,습기,비,단일로 - 기타,승용,남,21세,상해없음,보행자,남,8세,중상
2011062700100337,2011년 6월 27일 17시,월요일,인천광역시 연수구 송도동,중상사고,0,1,0,0,차대차 - 측면직각충돌,안전운전불이행,습기,흐림,교차로 - 교차로부근,승용,여,37세,상해없음,자전거,남,13세,중상
2011062700100338,2011년 6월 27일 17시,월요일,인천광역시 연수구 송도동,경상사고,0,0,1,0,차대사람 - 횡단중,보행자보호의무위반,건조,흐림,단일로 - 횡단보도상,승합,남,48세,상해없음,보행자,남,7세,경상
2011062700100366,2011년 6월 27일 18시,월요일,인천광역시 부평구 산곡동,부상신고사고,0,0,0,1,차대사람 - 기타,안전운전불이행,건조,맑음,기타 - 기타,승용,남,35세,상해없음,보행자,남,8세,부상신고
2011062700100367,2011년 6월 27일 18시,월요일,인천광역시 부평구 산곡동,중상사고,0,1,0,0,차대사람 - 기타,안전운전불이행,건조,맑음,교차로 - 교차로부근,승용,여,52세,상해없음,보행자,여,14세,중상
2011062700100418,2011년 6월 27일 20시,월요일,인천광역시 남구 학익동,경상사고,0,0,1,0,차대사람 - 횡단중,안전운전불이행,건조,맑음,단일로 - 기타,승용,남,58세,상해없음,보행자,남,11세,경상
2011062700100419,2011년 6월 27일 20시,월요일,인천광역시 부평구 갈산동,경상사고,0,0,1,0,차대차 - 측면직각충돌,안전운전불이행,습기,흐림,교차로 - 교차로부근,승용,남,43세,상해없음,승용,남,27세,경상
2011062700100447,2011년 6월 27일 21시,월요일,인천광역시 남구 숭의동,경상사고,0,0,1,0,차대차 - 측면직각충돌,중앙선침범,건조,맑음,단일로 - 기타,기타불명,기타불명,기타불명,기타불명,승용,남,47세,경상
2011062700100471,2011년 6월 27일 22시,월요일,인천광역시 남구 용현동,경상사고,0,0,1,0,차대차 - 추돌 - 주정차중,안전운전불이행,건조,맑음,단일로 - 기타,승합,남,37세,상해없음,승용,남,53세,상해없음
2011062700100503,2011년 6월 27일 23시,월요일,인천광역시 남구 주안동,경상사고,0,0,1,0,차대차 - 추돌 - 주정차중,안전운전불이행,건조,맑음,단일로 - 기타,승합,남,39세,상해없음,승용,남,55세,경상
2011062700100504,2011년 6월 27일 23시,월요일,인천광역시 계양구 작전동,경상사고,0,0,1,0,차대차 - 기타,안전운전불이행,건조,맑음,단일로 - 기타,승용,남,33세,상해없음,승합,여,64세,경상
2011062800100017,2011년 6월 28일 00시,화요일,인천광역시 부평구 삼산동,경상사고,0,0,1,0,차대차 - 측면직각충돌,신호위반,건조,맑음,교차로 - 교차로안,승용,남,49세,상해없음,화물,남,42세,경상
2011062800100035,2011년 6월 28일 01시,화요일,인천광역시 서구 신현동,경상사고,0,0,1,0,차량단독 - 공작물충돌,안전운전불이행,건조,흐림,단일로 - 기타,승용,남,26세,경상,,,,
2011062800100044,2011년 6월 28일 02시,화요일,인천광역시 계양구 용종동,경상사고,0,0,3,0,차대차 - 기타,신호위반,건조,맑음,교차로 - 교차로부근,승용,남,43세,상해없음,승용,남,53세,경상
2011062800100115,2011년 6월 28일 07시,화요일,인천광역시 계양구 효성동,경상사고,0,0,1,0,차대차 - 측면직각충돌,안전운전불이행,건조,맑음,단일로 - 기타,승용,남,24세,상해없음,승용,남,55세,경상
2011062800100116,2011년 6월 28일 07시,화요일,인천광역시 부평구 부개동,경상사고,0,0,1,0,차대차 - 측면직각충돌,직진우회전진행방해,건조,맑음,교차로 - 교차로안,화물,남,36세,상해없음,자전거,남,17세,경상
2011062800100149,2011년 6월 28일 08시,화요일,인천광역시 연수구 옥련동,경상사고,0,0,1,0,차대차 - 측면직각충돌,신호위반,건조,맑음,교차로 - 교차로부근,승합,남,45세,상해없음,승용,남,45세,경상
2011062800100209,2011년 6월 28일 10시,화요일,인천광역시 남구 주안동,경상사고,0,0,1,0,차대차 - 추돌 - 진행중,안전거리미확보,건조,맑음,기타 - 기타,화물,남,48세,상해없음,승용,남,31세,경상
2011062800100225,2011년 6월 28일 11시,화요일,인천광역시 남구 용현동,경상사고,0,0,4,0,차대차 - 측면직각충돌,신호위반,건조,맑음,교차로 - 교차로안,승용,남,28세,경상,승용,남,49세,경상
2011062800100226,2011년 6월 28일 11시,화요일,인천광역시 남구 주안동,경상사고,0,0,1,0,차대사람 - 기타,안전운전불이행,건조,맑음,단일로 - 기타,승합,남,58세,상해없음,보행자,여,62세,경상
2011062800100277,2011년 6월 28일 13시,화요일,인천광역시 중구 운서동,중상사고,0,2,1,0,차대차 - 측면직각충돌,안전운전불이행,건조,맑음,단일로 - 기타,화물,남,74세,상해없음,승용,남,27세,경상
2011062800100279,2011년 6월 28일 13시,화요일,인천광역시 연수구 동춘동,중상사고,0,1,0,0,차대차 - 측면직각충돌,신호위반,건조,맑음,교차로 - 교차로안,승용,남,41세,상해없음,자전거,여,44세,중상
2011062800100280,2011년 6월 28일 13시,화요일,인천광역시 부평구 부평동,중상사고,0,1,0,0,차대차 - 측면직각충돌,안전운전불이행,건조,맑음,교차로 - 교차로부근,원동기,남,44세,상해없음,자전거,남,65세,중상
2011062800100307,2011년 6월 28일 14시,화요일,인천광역시 남구 숭의동,경상사고,0,0,1,0,차대차 - 기타,안전운전불이행,건조,맑음,교차로 - 교차로부근,화물,남,60세,상해없음,승용,남,44세,상해없음
2011062800100308,2011년 6월 28일 14시,화요일,인천광역시 남동구 고잔동,경상사고,0,0,1,0,차대차 - 측면직각충돌,안전운전불이행,건조,흐림,교차로 - 교차로안,화물,남,44세,기타불명,승용,남,32세,경상
2011062800100338,2011년 6월 28일 15시,화요일,인천광역시 남구 주안동,부상신고사고,0,0,0,1,차대차 - 측면직각충돌,안전거리미확보,건조,맑음,단일로 - 기타,이륜,여,29세,부상신고,승용,남,60세,상해없음
2011062800100339,2011년 6월 28일 15시,화요일,인천광역시 남구 용현동,경상사고,0,0,1,0,차대차 - 측면직각충돌,신호위반,건조,맑음,기타 - 기타,승용,여,52세,상해없음,이륜,남,68세,경상
2011062800100340,2011년 6월 28일 15시,화요일,인천광역시 남동구 구월동,중상사고,0,1,0,0,차대사람 - 횡단중,안전운전불이행,건조,맑음,단일로 - 기타,승합,남,52세,상해없음,보행자,여,88세,중상
2011062800100370,2011년 6월 28일 16시,화요일,인천광역시 서구 가정동,경상사고,0,0,1,0,차대차 - 측면직각충돌,교차로운행방법위반,건조,맑음,교차로 - 교차로안,이륜,남,43세,경상,화물,남,32세,상해없음
2011062800100435,2011년 6월 28일 18시,화요일,인천광역시 남구 용현동,경상사고,0,0,1,0,차대사람 - 기타,안전운전불이행,건조,맑음,기타 - 기타,화물,남,52세,상해없음,보행자,남,26세,경상
2011062800100459,2011년 6월 28일 19시,화요일,인천광역시 남동구 간석동,중상사고,0,1,0,0,차대차 - 기타,안전운전불이행,건조,맑음,단일로 - 기타,승용,남,33세,상해없음,자전거,남,10세,중상
2011062800100460,2011년 6월 28일 19시,화요일,인천광역시 서구 가좌동,경상사고,0,0,1,0,차량단독 - 공작물충돌,안전운전불이행,습기,비,기타 - 기타,승합,남,64세,상해없음,,,,
2011062800100498,2011년 6월 28일 20시,화요일,인천광역시 남동구 고잔동,중상사고,0,1,0,0,차대차 - 측면직각충돌,신호위반,건조,맑음,교차로 - 교차로안,승용,남,43세,상해없음,승용,남,48세,중상
2011062800100499,2011년 6월 28일 20시,화요일,인천광역시 서구 원창동,중상사고,0,2,0,0,차대차 - 기타,안전운전불이행,습기,흐림,단일로 - 기타,화물,남,39세,상해없음,승용,여,46세,중상
2011062800100586,2011년 6월 28일 23시,화요일,인천광역시 중구 도원동,경상사고,0,0,1,0,차대사람 - 기타,안전운전불이행,습기,비,교차로 - 교차로안,승합,여,41세,상해없음,보행자,남,48세,경상
2011062800100587,2011년 6월 28일 23시,화요일,인천광역시 중구 신포동,부상신고사고,0,0,0,1,차대차 - 측면직각충돌,안전운전불이행,습기,비,교차로 - 교차로안,승용,남,47세,상해없음,승용,여,27세,부상신고
2011062800100588,2011년 6월 28일 23시,화요일,인천광역시 남구 주안동,중상사고,0,1,0,0,차대사람 - 기타,안전운전불이행,습기,비,기타 - 기타,승용,남,32세,상해없음,보행자,여,34세,중상
2011062800100589,2011년 6월 28일 23시,화요일,인천광역시 남구 주안동,경상사고,0,0,1,0,차대차 - 추돌 - 진행중,안전운전불이행,습기,비,단일로 - 기타,승용,남,34세,기타불명,승용,남,42세,경상
2011062800100590,2011년 6월 28일 23시,화요일,인천광역시 부평구 부평동,중상사고,0,1,0,0,차대사람 - 횡단중,중앙선침범,습기,비,단일로 - 기타,승용,남,44세,상해없음,보행자,여,65세,중상
2011062800100591,2011년 6월 28일 23시,화요일,인천광역시 남동구 논현동,경상사고,0,0,1,0,차대차 - 기타,안전운전불이행,습기,비,교차로 - 교차로안,승용,남,60세,상해없음,이륜,남,31세,경상
2011062800100592,2011년 6월 28일 23시,화요일,인천광역시 연수구 옥련동,중상사고,0,1,1,0,차대차 - 추돌 - 주정차중,안전운전불이행,습기,비,단일로 - 기타,승합,남,55세,상해없음,승용,남,39세,중상