사고번호,사고일시,요일,시군구,사고내용,사망자수,중상자수,경상자수,부상신고자수,사고유형,법규위반,노면상태,기상상태,도로형태,가해운전자 차종,가해운전자 성별,가해운전자 연령,가해운전자 상해정도,피해운전자 차종,피해운전자 성별,피해운전자 연령,피해운전자 상해정도
2011070600100598,2011년 7월 6일 22시,수요일,인천광역시 연수구 청학동,중상사고,0,2,1,0,차대사람 - 횡단중,보행자보호의무위반,건조,맑음,단일로 - 횡단보도상,승용,여,54세,상해없음,보행자,남,16세,중상
2011070600100625,2011년 7월 6일 23시,수요일,인천광역시 남동구 만수동,중상사고,0,1,0,0,차대차 - 기타,안전운전불이행,건조,맑음,교차로 - 교차로부근,승용,남,42세,상해없음,이륜,남,16세,중상
2011070600100626,2011년 7월 6일 23시,수요일,인천광역시 부평구 일신동,경상사고,0,0,1,0,차대차 - 추돌 - 주정차중,안전운전불이행,습기,흐림,단일로 - 기타,승용,남,51세,상해없음,승용,여,63세,경상
2011070700100013,2011년 7월 7일 00시,목요일,인천광역시 부평구 십정동,중상사고,0,1,0,0,차대사람 - 기타,신호위반,건조,맑음,교차로 - 교차로안,승용,남,39세,상해없음,보행자,남,52세,중상
2011070700100031,2011년 7월 7일 01시,목요일,인천광역시 남동구 만수동,경상사고,0,0,1,0,차대차 - 측면직각충돌,기타,건조,맑음,교차로 - 교차로안,승용,남,51세,상해없음,자전거,남,18세,경상
2011070700100089,2011년 7월 7일 06시,목요일,인천광역시 남구 주안동,경상사고,0,0,1,0,차대차 - 기타,신호위반,건조,맑음,교차로 - 교차로안,승용,여,40세,상해없음,승용,남,52세,경상
2011070700100165,2011년 7월 7일 09시,목요일,인천광역시 남구 문학동,중상사고,0,1,0,0,차대사람 - 기타,기타,건조,맑음,기타 - 기타,화물,남,56세,기타불명,보행자,남,76세,중상
2011070700100166,2011년 7월 7일 09시,목요일,인천광역시 부평구 산곡동,부상신고사고,0,0,0,1,차대사람 - 횡단중,안전운전불이행,습기,흐림,기타 - 기타,승용,남,65세,상해없음,보행자,여,50세,부상신고
2011070700100167,2011년 7월 7일 09시,목요일,인천광역시 남동구 구월동,경상사고,0,0,1,0,차대차 - 추돌 - 주정차중,안전운전불이행,건조,맑음,단일로 - 기타,승용,남,54세,상해없음,승합,여,35세,경상
2011070700100168,2011년 7월 7일 09시,목요일,인천광역시 남동구 간석동,중상사고,0,1,1,0,차대차 - 측면직각충돌,신호위반,건조,맑음,교차로 - 교차로부근,승용,여,29세,중상,승용,남,53세,경상
2011070700100196,2011년 7월 7일 10시,목요일,인천광역시 남동구 구월동,경상사고,0,0,1,0,차량단독 - 기타,기타,건조,맑음,단일로 - 기타,승합,남,67세,상해없음,,,,
2011070700100197,2011년 7월 7일 10시,목요일,인천광역시 계양구 작전동,경상사고,0,0,1,0,차대차 - 기타,안전운전불이행,습기,흐림,교차로 - 교차로안,승용,남,44세,상해없음,승용,남,52세,상해없음
2011070700100217,2011년 7월 7일 11시,목요일,인천광역시 남구 용현동,중상사고,0,1,0,0,차대차 - 기타,신호위반,건조,맑음,교차로 - 교차로부근,승용,남,29세,상해없음,자전거,남,76세,중상
2011070700100218,2011년 7월 7일 11시,목요일,인천광역시 남동구 구월동,경상사고,0,0,2,0,차대차 - 측면직각충돌,안전운전불이행,건조,맑음,단일로 - 기타,승용,남,67세,상해없음,승용,남,58세,경상
2011070700100252,2011년 7월 7일 12시,목요일,인천광역시 연수구 청학동,중상사고,0,1,0,0,차대차 - 기타,안전운전불이행,습기,비,교차로 - 교차로부근,승용,기타불명,기타불명,기타불명,승용,여,54세,중상
2011070700100305,2011년 7월 7일 14시,목요일,인천광역시 계양구 효성동,경상사고,0,0,2,0,차대차 - 측면직각충돌,신호위반,습기,비,교차로 - 교차로안,승합,남,53세,상해없음,승용,남,42세,경상
2011070700100363,2011년 7월 7일 16시,목요일,인천광역시 남동구 논현동,경상사고,0,0,1,0,차대차 - 추돌 - 주정차중,안전운전불이행,습기,비,교차로 - 교차로부근,승용,남,39세,상해없음,승용,남,61세,경상
2011070700100364,2011년 7월 7일 16시,목요일,인천광역시 서구 오류동,경상사고,0,0,1,0,차대차 - 기타,안전운전불이행,습기,비,교차로 - 교차로안,화물,남,62세,상해없음,승합,남,53세,상해없음
2011070700100396,2011년 7월 7일 17시,목요일,인천광역시 남구 도화동,경상사고,0,0,2,0,차대차 - 추돌 - 진행중,안전운전불이행,습기,비,단일로 - 기타,승용,여,55세,상해없음,승용,남,78세,경상
2011070700100397,2011년 7월 7일 17시,목요일,인천광역시 부평구 청천동,경상사고,0,0,1,0,차대차 - 측면직각충돌,안전운전불이행,습기,비,단일로 - 기타,화물,남,47세,상해없음,원동기,남,63세,경상
2011070700100398,2011년 7월 7일 17시,목요일,인천광역시 부평구 산곡동,중상사고,0,1,0,0,차대차 - 측면직각충돌,안전운전불이행,습기,비,교차로 - 교차로안,승용,남,47세,상해없음,원동기,남,37세,중상
2011070700100399,2011년 7월 7일 17시,목요일,인천광역시 남동구 논현동,경상사고,0,0,1,0,차대차 - 측면직각충돌,안전운전불이행,건조,맑음,교차로 - 교차로안,승용,남,39세,상해없음,승용,여,42세,경상
2011070700100400,2011년 7월 7일 17시,목요일,인천광역시 연수구 청학동,경상사고,0,0,1,0,차대사람 - 기타,안전운전불이행,습기,비,단일로 - 기타,승용,남,22세,상해없음,보행자,남,61세,경상
2011070700100430,2011년 7월 7일 18시,목요일,인천광역시 연수구 송도동,경상사고,0,0,1,0,차대차 - 측면직각충돌,교차로운행방법위반,건조,맑음,교차로 - 교차로안,승용,기타불명,기타불명,기타불명,승용,여,39세,경상
2011070700100463,2011년 7월 7일 19시,목요일,인천광역시 부평구 부평동,경상사고,0,0,1,0,차대사람 - 길가장자리구역통행중,안전운전불이행,습기,비,단일로 - 기타,승용,남,70세,상해없음,보행자,여,53세,경상
2011070700100464,2011년 7월 7일 19시,목요일,인천광역시 부평구 갈산동,경상사고,0,0,1,0,차대차 - 추돌 - 주정차중,안전거리미확보,습기,비,교차로 - 교차로안,화물,남,39세,상해없음,원동기,남,24세,경상
2011070700100530,2011년 7월 7일 21시,목요일,인천광역시 서구 가좌동,중상사고,0,1,2,0,차대차 - 측면직각충돌,교차로운행방법위반,습기,비,교차로 - 교차로안,승용,남,48세,상해없음,승용,남,45세,중상
2011070700100531,2011년 7월 7일 21시,목요일,인천광역시 연수구 연수동,중상사고,0,1,0,0,차대차 - 측면직각충돌,안전운전불이행,습기,비,단일로 - 기타,승합,남,39세,상해없음,이륜,남,48세,중상
2011070700100532,2011년 7월 7일 21시,목요일,인천광역시 연수구 연수동,중상사고,0,1,0,0,차대차 - 정면충돌,교차로운행방법위반,습기,흐림,교차로 - 교차로안,승용,남,45세,상해없음,원동기,남,16세,중상
2011070700100533,2011년 7월 7일 21시,목요일,인천광역시 부평구 삼산동,중상사고,0,1,4,0,차대차 - 정면충돌,신호위반,습기,비,교차로 - 교차로안,승합,남,50세,상해없음,화물,남,53세,경상
2011070700100572,2011년 7월 7일 22시,목요일,인천광역시 남구 주안동,경상사고,0,0,2,0,차대차 - 추돌 - 주정차중,안전운전불이행,습기,비,교차로 - 교차로부근,승용,남,47세,상해없음,승용,남,39세,경상
2011070700100573,2011년 7월 7일 22시,목요일,인천광역시 남동구 논현동,중상사고,0,1,0,0,차대사람 - 기타,안전운전불이행,습기,비,교차로 - 교차로부근,승용,남,33세,상해없음,보행자,남,36세,중상
2011070700100574,2011년 7월 7일 22시,목요일,인천광역시 남동구 만수동,경상사고,0,0,2,0,차대사람 - 기타,안전운전불이행,건조,맑음,단일로 - 기타,승용,여,54세,상해없음,보행자,여,55세,경상
2011070700100575,2011년 7월 7일 22시,목요일,인천광역시 연수구 연수동,경상사고,0,0,1,0,차대차 - 정면충돌,안전운전불이행,습기,비,교차로 - 교차로안,승용,여,47세,상해없음,이륜,남,19세,경상
2011070700100603,2011년 7월 7일 23시,목요일,인천광역시 남동구 만수동,경상사고,0,0,1,0,차대차 - 측면직각충돌,안전운전불이행,건조,맑음,단일로 - 기타,화물,남,54세,상해없음,승용,남,41세,경상
2011070700100604,2011년 7월 7일 23시,목요일,인천광역시 남동구 논현동,부상신고사고,0,0,0,1,차량단독 - 공작물충돌,안전운전불이행,습기,비,단일로 - 기타,승용,남,36세,부상신고,,,,
2011070700100605,2011년 7월 7일 23시,목요일,인천광역시 서구 불로동,사망사고,1,0,1,0,차량단독 - 공작물충돌,안전운전불이행,습기,비,단일로 - 기타,이륜,남,16세,사망,,,,
2011070700100606,2011년 7월 7일 23시,목요일,인천광역시 강화군 선원면,중상사고,0,1,0,0,차량단독 - 공작물충돌,안전운전불이행,건조,맑음,기타 - 기타,승용,남,30세,중상,,,,
2011070700100607,2011년 7월 7일 23시,목요일,인천광역시 부평구 삼산동,경상사고,0,0,2,0,차대차 - 측면직각충돌,신호위반,습기,비,교차로 - 교차로안,승용,남,50세,상해없음,승용,남,57세,상해없음
2011070800100031,2011년 7월 8일 00시,금요일,인천광역시 남구 주안동,경상사고,0,0,1,0,차대차 - 추돌 - 주정차중,안전운전불이행,습기,비,교차로 - 교차로부근,승용,남,42세,상해없음,승용,남,37세,경상
2011070800100032,2011년 7월 8일 00시,금요일,인천광역시 남동구 간석동,경상사고,0,0,1,0,차대사람 - 차도통행중,안전운전불이행,건조,맑음,교차로 - 교차로부근,승용,남,55세,상해없음,보행자,남,43세,경상
2011070800100033,2011년 7월 8일 00시,금요일,인천광역시 부평구 부평동,경상사고,0,0,1,0,차대사람 - 길가장자리구역통행중,안전운전불이행,건조,맑음,단일로 - 기타,승용,남,29세,상해없음,보행자,여,26세,경상
2011070800100053,2011년 7월 8일 01시,금요일,인천광역시 남구 용현동,중상사고,0,1,0,0,차대사람 - 기타,안전운전불이행,습기,흐림,교차로 - 교차로부근,화물,남,34세,상해없음,보행자,남,52세,중상
2011070800100054,2011년 7월 8일 01시,금요일,인천광역시 남구 용현동,중상사고,0,1,0,0,차대사람 - 기타,안전운전불이행,습기,흐림,교차로 - 교차로부근,승용,남,52세,상해없음,보행자,남,50세,중상
2011070800100055,2011년 7월 8일 01시,금요일,인천광역시 남구 도화동,경상사고,0,0,1,0,차대사람 - 길가장자리구역통행중,안전운전불이행,건조,맑음,단일로 - 기타,기타불명,기타불명,기타불명,기타불명,보행자,여,21세,경상
2011070800100073,2011년 7월 8일 03시,금요일,인천광역시 부평구 부평동,경상사고,0,0,1,0,차대차 - 측면직각충돌,안전운전불이행,건조,맑음,단일로 - 기타,승용,남,30세,상해없음,승용,남,41세,경상
2011070800100105,2011년 7월 8일 06시,금요일,인천광역시 남구 주안동,경상사고,0,0,2,0,차대차 - 측면직각충돌,중앙선침범,건조,흐림,단일로 - 기타,승용,남,25세,상해없음,승합,남,49세,경상
2011070800100146,2011년 7월 8일 08시,금요일,인천광역시 남동구 간석동,경상사고,0,0,1,0,차대사람 - 기타,안전운전불이행,건조,맑음,교차로 - 교차로부근,승용,남,35세,상해없음,보행자,여,14세,경상
2011070800100147,2011년 7월 8일 08시,금요일,인천광역시 부평구,경상사고,0,0,1,0,차대차 - 측면직각충돌,안전거리미확보,건조,맑음,단일로 - 기타,승용,남,30세,상해없음,승용,남,57세,경상
2011070800100148,2011년 7월 8일 08시,금요일,인천광역시 부평구 갈산동,경상사고,0,0,1,0,차대사람 - 횡단중,신호위반,건조,맑음,교차로 - 교차로부근,특수,남,41세,상해없음,보행자,남,45세,경상
2011070800100175,2011년 7월 8일 09시,금요일,인천광역시 남구 숭의동,경상사고,0,0,1,0,차대차 - 기타,안전운전불이행,습기,비,교차로 - 교차로안,승용,여,63세,상해없음,승용,남,53세,경상
2011070800100176,2011년 7월 8일 09시,금요일,인천광역시 남동구 구월동,경상사고,0,0,1,0,차대차 - 추돌 - 진행중,안전운전불이행,습기,비,단일로 - 기타,승용,남,27세,상해없음,화물,남,45세,상해없음
2011070800100255,2011년 7월 8일 13시,금요일,인천광역시 남동구 간석동,중상사고,0,1,0,0,차대사람 - 보도통행중,보행자보호의무위반,건조,맑음,단일로 - 횡단보도상,승용,남,37세,상해없음,보행자,여,36세,중상
2011070800100256,2011년 7월 8일 13시,금요일,인천광역시 서구 가좌동,경상사고,0,0,1,0,차대차 - 측면직각충돌,안전운전불이행,건조,맑음,단일로 - 교량,화물,남,56세,상해없음,승용,남,64세,경상
2011070800100393,2011년 7월 8일 17시,금요일,인천광역시 부평구 부개동,중상사고,0,1,0,0,차대차 - 기타,교차로운행방법위반,건조,맑음,교차로 - 교차로안,승용,남,48세,상해없음,원동기,여,40세,중상
2011070800100432,2011년 7월 8일 18시,금요일,인천광역시 동구 화평동,부상신고사고,0,0,0,1,차대사람 - 기타,안전운전불이행,건조,맑음,단일로 - 기타,승용,기타불명,기타불명,기타불명,보행자,남,51세,부상신고
2011070800100469,2011년 7월 8일 19시,금요일,인천광역시 남동구 장수동,경상사고,0,0,2,0,차대차 - 추돌 - 진행중,안전운전불이행,건조,맑음,교차로 - 교차로안,이륜,남,17세,경상,자전거,여,19세,경상
2011070800100519,2011년 7월 8일 20시,금요일,인천광역시 연수구 옥련동,경상사고,0,0,1,0,차대사람 - 기타,안전운전불이행,습기,맑음,교차로 - 교차로안,승용,남,64세,상해없음,보행자,남,37세,경상
2011070800100520,2011년 7월 8일 20시,금요일,인천광역시 연수구 연수동,경상사고,0,0,1,0,차대차 - 측면직각충돌,안전거리미확보,습기,비,단일로 - 기타,화물,남,47세,상해없음,이륜,남,30세,경상
2011070800100560,2011년 7월 8일 21시,금요일,인천광역시 남구 용현동,경상사고,0,0,1,0,차대차 - 추돌 - 주정차중,안전운전불이행,습기,비,단일로 - 기타,승용,남,41세,상해없음,화물,남,29세,경상
2011070800100623,2011년 7월 8일 22시,금요일,인천광역시 남구 주안동,경상사고,0,0,1,0,차대차 - 추돌 - 주정차중,안전운전불이행,습기,흐림,교차로 - 교차로부근,승용,남,56세,상해없음,승용,남,56세,경상
2011070800100624,2011년 7월 8일 22시,금요일,인천광역시 부평구 갈산동,경상사고,0,0,1,0,차대차 - 측면직각충돌,안전운전불이행,습기,비,교차로 - 교차로안,자전거,여,54세,경상,승용,여,46세,상해없음
2011070800100685,2011년 7월 8일 23시,금요일,인천광역시 남동구 간석동,경상사고,0,0,1,0,차대차 - 추돌 - 진행중,안전운전불이행,습기,비,교차로 - 교차로부근,승용,여,56세,상해없음,승용,남,37세,경상
2011070800100686,2011년 7월 8일 23시,금요일,인천광역시 서구 가좌동,경상사고,0,0,1,0,차대차 - 추돌 - 주정차중,안전운전불이행,습기,비,교차로 - 교차로부근,승용,남,23세,상해없음,승용,남,51세,경상
2011070800100687,2011년 7월 8일 23시,금요일,인천광역시 연수구 연수동,경상사고,0,0,1,0,차대사람 - 횡단중,신호위반,습기,비,교차로 - 교차로안,승용,남,30세,상해없음,보행자,여,25세,경상
2011070900100037,2011년 7월 9일 00시,토요일,인천광역시 중구 신흥동1가,중상사고,0,1,0,0,차대차 - 추돌 - 진행중,안전운전불이행,습기,비,교차로 - 교차로부근,승용,남,48세,상해없음,승용,남,31세,중상
2011070900100038,2011년 7월 9일 00시,토요일,인천광역시 남동구 간석동,경상사고,0,0,2,0,차대차 - 기타,차로위반,건조,맑음,단일로 - 기타,승용,남,30세,상해없음,승용,남,53세,경상
2011070900100039,2011년 7월 9일 00시,토요일,인천광역시 연수구 송도동,중상사고,0,4,1,1,차대차 - 측면직각충돌,신호위반,습기,비,교차로 - 교차로안,승용,남,42세,중상,승합,남,54세,상해없음
2011070900100075,2011년 7월 9일 01시,토요일,인천광역시 중구 신흥동1가,경상사고,0,0,2,0,차대차 - 기타,안전운전불이행,습기,비,단일로 - 기타,승용,여,54세,상해없음,승용,남,49세,경상
2011070900100076,2011년 7월 9일 01시,토요일,인천광역시 서구 신현동,경상사고,0,0,5,0,차대차 - 추돌 - 주정차중,안전운전불이행,습기,비,교차로 - 교차로부근,승용,남,29세,상해없음,승용,남,23세,경상
2011070900100118,2011년 7월 9일 02시,토요일,인천광역시 중구 북성동1가,경상사고,0,0,3,0,차대사람 - 기타,안전운전불이행,습기,비,단일로 - 기타,승용,남,21세,상해없음,보행자,남,38세,경상
2011070900100144,2011년 7월 9일 03시,토요일,인천광역시 계양구 임학동,경상사고,0,0,2,0,차대차 - 기타,신호위반,습기,비,교차로 - 교차로부근,승용,남,41세,상해없음,승용,남,57세,경상
2011070900100210,2011년 7월 9일 06시,토요일,인천광역시 남동구 논현동,경상사고,0,0,1,0,차대차 - 추돌 - 주정차중,안전운전불이행,습기,비,교차로 - 교차로부근,승용,남,47세,상해없음,승용,남,48세,경상
2011070900100269,2011년 7월 9일 09시,토요일,인천광역시 중구 항동7가,경상사고,0,0,1,0,차대차 - 측면직각충돌,신호위반,습기,비,교차로 - 교차로안,승용,남,44세,상해없음,승용,남,34세,경상
2011070900100270,2011년 7월 9일 09시,토요일,인천광역시 중구 사동,경상사고,0,0,2,0,차대차 - 측면직각충돌,안전운전불이행,습기,비,단일로 - 기타,화물,남,58세,상해없음,승용,여,31세,경상
2011070900100271,2011년 7월 9일 09시,토요일,인천광역시 남동구 논현동,중상사고,0,1,0,0,차대차 - 추돌 - 진행중,안전운전불이행,습기,비,교차로 - 교차로부근,화물,남,33세,상해없음,승용,여,41세,중상
2011070900100289,2011년 7월 9일 10시,토요일,인천광역시 남구 숭의동,경상사고,0,0,2,0,차대차 - 기타,안전운전불이행,건조,맑음,단일로 - 기타,승용,남,21세,상해없음,승용,남,61세,경상
2011070900100290,2011년 7월 9일 10시,토요일,인천광역시 계양구 계산동,경상사고,0,0,2,0,차대차 - 추돌 - 주정차중,안전운전불이행,건조,맑음,단일로 - 횡단보도부근,승합,남,53세,상해없음,승용,남,26세,경상
2011070900100324,2011년 7월 9일 11시,토요일,인천광역시 남구 주안동,경상사고,0,0,1,0,차대차 - 측면직각충돌,안전거리미확보,건조,맑음,단일로 - 기타,승용,남,52세,상해없음,승용,여,31세,경상
2011070900100325,2011년 7월 9일 11시,토요일,인천광역시 남동구 논현동,중상사고,0,1,2,0,차대차 - 측면직각충돌,신호위반,건조,맑음,교차로 - 교차로안,승용,남,31세,상해없음,승용,여,45세,경상
2011070900100346,2011년 7월 9일 12시,토요일,인천광역시 남동구 구월동,경상사고,0,0,1,0,차대사람 - 보도통행중,신호위반,건조,맑음,단일로 - 횡단보도상,이륜,남,17세,상해없음,보행자,남,7세,경상
2011070900100372,2011년 7월 9일 13시,토요일,인천광역시 부평구 청천동,경상사고,0,0,1,0,차대차 - 추돌 - 진행중,안전운전불이행,습기,비,교차로 - 교차로부근,승용,남,56세,상해없음,승용,남,30세,경상
2011070900100458,2011년 7월 9일 16시,토요일,인천광역시 부평구 청천동,경상사고,0,0,2,0,차대차 - 추돌 - 진행중,안전운전불이행,건조,맑음,단일로 - 기타,승합,남,52세,상해없음,승합,남,41세,경상
2011070900100485,2011년 7월 9일 17시,토요일,인천광역시 남동구 간석동,중상사고,0,1,4,1,차대차 - 측면직각충돌,중앙선침범,건조,맑음,교차로 - 교차로부근,승합,남,36세,상해없음,승합,남,28세,중상
2011070900100486,2011년 7월 9일 17시,토요일,인천광역시 서구 마전동,경상사고,0,0,1,0,차대사람 - 기타,안전운전불이행,건조,맑음,단일로 - 기타,승합,남,51세,상해없음,보행자,남,17세,경상
2011070900100487,2011년 7월 9일 17시,토요일,인천광역시 부평구 부평동,경상사고,0,0,1,0,차대차 - 측면직각충돌,안전운전불이행,건조,맑음,교차로 - 교차로안,승용,남,49세,상해없음,자전거,여,11세,경상
2011070900100517,2011년 7월 9일 18시,토요일,인천광역시 서구 가좌동,경상사고,0,0,2,0,차대차 - 추돌 - 주정차중,안전운전불이행,건조,맑음,교차로 - 교차로부근,승용,남,48세,상해없음,승용,남,30세,경상
2011070900100552,2011년 7월 9일 19시,토요일,인천광역시 동구 송림동,경상사고,0,0,1,0,차대차 - 추돌 - 진행중,안전운전불이행,건조,흐림,단일로 - 기타,승용,남,34세,상해없음,승용,남,48세,경상
2011070900100631,2011년 7월 9일 21시,토요일,인천광역시 중구 운서동,경상사고,0,0,2,0,차대차 - 측면직각충돌,안전거리미확보,건조,맑음,단일로 - 기타,승용,남,51세,상해없음,승용,남,57세,경상
2011070900100632,2011년 7월 9일 21시,토요일,인천광역시 남구 용현동,경상사고,0,0,1,0,차대사람 - 횡단중,보행자보호의무위반,건조,맑음,단일로 - 횡단보도상,승용,남,54세,상해없음,보행자,남,66세,경상
2011070900100633,2011년 7월 9일 21시,토요일,인천광역시 남구 숭의동,중상사고,0,1,0,0,차대사람 - 횡단중,신호위반,건조,맑음,단일로 - 횡단보도상,승용,남,34세,상해없음,보행자,남,3세,중상
2011070900100663,2011년 7월 9일 22시,토요일,인천광역시 중구 내동,경상사고,0,0,1,0,차대사람 - 차도통행중,안전운전불이행,건조,맑음,교차로 - 교차로부근,승용,남,20세,상해없음,보행자,남,73세,경상
2011070900100664,2011년 7월 9일 22시,토요일,인천광역시 남동구 만수동,경상사고,0,0,1,0,차대차 - 측면직각충돌,차로위반,건조,맑음,단일로 - 기타,승용,남,30세,상해없음,승용,여,53세,경상
2011071000100027,2011년 7월 10일 00시,일요일,인천광역시 남구 주안동,경상사고,0,0,3,0,차대차 - 측면직각충돌,안전운전불이행,건조,맑음,교차로 - 교차로안,승용,남,29세,상해없음,승용,여,28세,경상
2011071000100028,2011년 7월 10일 00시,일요일,인천광역시 강화군 강화읍,사망사고,1,0,0,0,차대차 - 측면직각충돌,신호위반,건조,맑음,교차로 - 교차로안,원동기,남,17세,사망,승합,남,57세,상해없음
2011071000100076,2011년 7월 10일 02시,일요일,인천광역시 남동구 구월동,경상사고,0,0,3,0,차대차 - 추돌 - 진행중,안전운전불이행,건조,맑음,교차로 - 교차로부근,승용,남,41세,상해없음,승용,남,32세,경상
2011071000100096,2011년 7월 10일 03시,일요일,인천광역시 남구 도화동,경상사고,0,0,3,0,차대차 - 측면직각충돌,안전운전불이행,건조,맑음,단일로 - 기타,원동기,남,15세,상해없음,승용,남,41세,경상
2011071000100156,2011년 7월 10일 07시,일요일,인천광역시 중구 운서동,중상사고,0,2,2,0,차대차 - 정면충돌,중앙선침범,건조,맑음,단일로 - 기타,승합,남,39세,상해없음,화물,남,44세,중상
2011071000100157,2011년 7월 10일 07시,일요일,인천광역시 서구 가좌동,경상사고,0,0,1,0,차대차 - 기타,안전운전불이행,건조,맑음,단일로 - 기타,승용,남,25세,상해없음,승용,여,30세,경상
2011071000100158,2011년 7월 10일 07시,일요일,인천광역시 부평구 갈산동,중상사고,0,3,5,0,차대차 - 정면충돌,중앙선침범,건조,맑음,단일로 - 기타,승용,남,25세,기타불명,승합,남,59세,상해없음
2011071000100260,2011년 7월 10일 13시,일요일,인천광역시 남동구 구월동,경상사고,0,0,1,0,차대사람 - 차도통행중,안전운전불이행,습기,비,단일로 - 기타,기타불명,기타불명,기타불명,기타불명,보행자,남,41세,경상
2011071000100284,2011년 7월 10일 14시,일요일,인천광역시 중구 북성동1가,경상사고,0,0,1,0,차대사람 - 길가장자리구역통행중,안전운전불이행,건조,흐림,기타 - 기타,승용,남,30세,상해없음,보행자,여,41세,경상
2011071000100309,2011년 7월 10일 15시,일요일,인천광역시 부평구 일신동,경상사고,0,0,1,0,차대차 - 추돌 - 진행중,안전운전불이행,건조,맑음,단일로 - 횡단보도부근,승용,남,45세,상해없음,승용,남,31세,경상
2011071000100331,2011년 7월 10일 16시,일요일,인천광역시 중구 인현동,중상사고,0,1,0,0,차대사람 - 횡단중,안전운전불이행,건조,흐림,교차로 - 교차로안,승용,남,43세,상해없음,보행자,여,77세,중상
2011071000100332,2011년 7월 10일 16시,일요일,인천광역시 동구 화평동,경상사고,0,0,2,0,차대차 - 추돌 - 진행중,안전운전불이행,습기,비,교차로 - 교차로부근,승용,남,28세,상해없음,승용,남,30세,경상
2011071000100369,2011년 7월 10일 17시,일요일,인천광역시 서구 당하동,경상사고,0,0,1,0,차대사람 - 차도통행중,안전운전불이행,건조,흐림,단일로 - 기타,승용,여,34세,상해없음,보행자,여,45세,경상
2011071000100370,2011년 7월 10일 17시,일요일,인천광역시 서구 마전동,중상사고,0,1,0,0,차대차 - 정면충돌,신호위반,건조,맑음,교차로 - 교차로안,승용,남,66세,상해없음,이륜,남,24세,중상
2011071000100371,2011년 7월 10일 17시,일요일,인천광역시 계양구 계산동,경상사고,0,0,2,0,차대차 - 기타,중앙선침범,건조,맑음,단일로 - 기타,이륜,남,16세,경상,이륜,남,17세,경상
2011071000100406,2011년 7월 10일 18시,일요일,인천광역시 옹진군 영흥면,중상사고,0,1,0,0,차대차 - 측면직각충돌,안전운전불이행,건조,맑음,교차로 - 교차로부근,승용,여,40세,상해없음,승용,여,30세,중상
2011071000100407,2011년 7월 10일 18시,일요일,인천광역시 남구 도화동,중상사고,0,1,0,0,차대차 - 측면직각충돌,중앙선침범,습기,비,단일로 - 횡단보도부근,자전거,남,11세,중상,승합,남,45세,상해없음
2011071000100430,2011년 7월 10일 19시,일요일,인천광역시 부평구 청천동,중상사고,0,1,0,0,차대사람 - 길가장자리구역통행중,안전운전불이행,습기,비,교차로 - 교차로부근,승합,남,51세,상해없음,보행자,남,42세,중상
2011071000100466,2011년 7월 10일 20시,일요일,인천광역시 중구 율목동,중상사고,0,1,0,0,차대사람 - 보도통행중,보행자보호의무위반,건조,맑음,단일로 - 횡단보도상,승용,남,38세,상해없음,보행자,여,44세,중상
2011071000100504,2011년 7월 10일 21시,일요일,인천광역시 남동구 수산동,경상사고,0,0,3,0,차대차 - 추돌 - 진행중,안전거리미확보,습기,비,단일로 - 기타,승용,남,52세,상해없음,승용,여,35세,경상
2011071000100541,2011년 7월 10일 22시,일요일,인천광역시 부평구 삼산동,경상사고,0,0,1,1,차대차 - 측면직각충돌,안전운전불이행,습기,비,기타 - 기타,승용,남,48세,상해없음,승용,남,27세,경상
2011071000100561,2011년 7월 10일 23시,일요일,인천광역시 연수구 연수동,중상사고,0,1,0,0,차대차 - 측면직각충돌,안전운전불이행,습기,비,교차로 - 교차로안,승용,남,31세,상해없음,이륜,남,46세,중상
2011071100100020,2011년 7월 11일 00시,월요일,인천광역시 남동구 구월동,경상사고,0,0,2,0,차대차 - 정면충돌,안전운전불이행,습기,비,교차로 - 교차로부근,승용,남,34세,상해없음,승용,남,62세,상해없음
2011071100100021,2011년 7월 11일 00시,월요일,인천광역시 남동구 구월동,경상사고,0,0,1,0,차대사람 - 기타,안전운전불이행,습기,비,단일로 - 기타,승합,남,28세,상해없음,보행자,남,32세,경상
2011071100100022,2011년 7월 11일 00시,월요일,인천광역시 부평구 갈산동,중상사고,0,1,0,0,차대사람 - 횡단중,보행자보호의무위반,건조,맑음,단일로 - 횡단보도상,승합,기타불명,기타불명,기타불명,보행자,남,52세,중상
2011071100100047,2011년 7월 11일 01시,월요일,인천광역시 남구 용현동,경상사고,0,0,1,0,차대차 - 추돌 - 진행중,안전운전불이행,습기,비,단일로 - 기타,승용,남,19세,상해없음,승용,남,61세,경상
2011071100100057,2011년 7월 11일 02시,월요일,인천광역시 남구 용현동,중상사고,0,1,0,0,차대사람 - 기타,과속,습기,비,단일로 - 횡단보도상,승용,남,50세,상해없음,보행자,남,18세,중상
2011071100100058,2011년 7월 11일 02시,월요일,인천광역시 남동구 간석동,경상사고,0,0,1,0,차대차 - 측면직각충돌,안전운전불이행,습기,비,교차로 - 교차로안,승용,남,39세,상해없음,승용,남,48세,경상
2011071100100059,2011년 7월 11일 02시,월요일,인천광역시 서구 석남동,중상사고,0,1,0,1,차대차 - 추돌 - 진행중,안전거리미확보,습기,비,단일로 - 기타,화물,남,40세,부상신고,승용,남,28세,중상
2011071100100085,2011년 7월 11일 05시,월요일,인천광역시 남구 주안동,중상사고,0,1,0,0,차대사람 - 기타,안전운전불이행,습기,비,단일로 - 횡단보도상,승용,남,53세,상해없음,보행자,남,41세,중상