사고번호,사고일시,요일,시군구,사고내용,사망자수,중상자수,경상자수,부상신고자수,사고유형,법규위반,노면상태,기상상태,도로형태,가해운전자 차종,가해운전자 성별,가해운전자 연령,가해운전자 상해정도,피해운전자 차종,피해운전자 성별,피해운전자 연령,피해운전자 상해정도
2011072200100614,2011년 7월 22일 22시,금요일,인천광역시 중구 운서동,경상사고,0,0,1,0,차대차 - 기타,안전운전불이행,건조,맑음,단일로 - 기타,화물,남,21세,상해없음,자전거,남,21세,경상
2011072200100615,2011년 7월 22일 22시,금요일,인천광역시 남동구 만수동,경상사고,0,0,4,0,차대차 - 기타,안전거리미확보,건조,맑음,교차로 - 교차로부근,승용,남,32세,상해없음,승용,남,60세,경상
2011072200100616,2011년 7월 22일 22시,금요일,인천광역시 계양구 임학동,경상사고,0,0,1,0,차대사람 - 길가장자리구역통행중,안전운전불이행,건조,맑음,단일로 - 기타,승용,남,46세,상해없음,보행자,남,26세,경상
2011072200100650,2011년 7월 22일 23시,금요일,인천광역시 부평구 부평동,경상사고,0,0,1,0,차대사람 - 차도통행중,안전운전불이행,건조,흐림,단일로 - 기타,승용,남,53세,상해없음,보행자,여,42세,경상
2011072200100651,2011년 7월 22일 23시,금요일,인천광역시 계양구 박촌동,사망사고,1,0,0,0,차대차 - 추돌 - 진행중,안전운전불이행,건조,맑음,단일로 - 기타,승용,남,49세,상해없음,화물,남,58세,상해없음
2011072300100021,2011년 7월 23일 00시,토요일,인천광역시 부평구 부평동,중상사고,0,1,1,0,차대차 - 측면직각충돌,신호위반,건조,흐림,교차로 - 교차로안,이륜,남,18세,중상,승용,남,60세,경상
2011072300100051,2011년 7월 23일 01시,토요일,인천광역시 남구 주안동,경상사고,0,0,1,0,차대차 - 기타,안전거리미확보,건조,맑음,단일로 - 횡단보도부근,승용,남,69세,상해없음,원동기,남,17세,경상
2011072300100052,2011년 7월 23일 01시,토요일,인천광역시 부평구 부평동,부상신고사고,0,0,0,1,차량단독 - 공작물충돌,안전운전불이행,건조,맑음,단일로 - 기타,화물,남,30세,부상신고,,,,
2011072300100068,2011년 7월 23일 02시,토요일,인천광역시 연수구 연수동,경상사고,0,0,11,0,차대차 - 측면직각충돌,안전운전불이행,건조,맑음,교차로 - 교차로부근,승용,남,23세,상해없음,승용,남,30세,경상
2011072300100110,2011년 7월 23일 05시,토요일,인천광역시 서구 가좌동,중상사고,0,1,0,0,차대사람 - 차도통행중,안전운전불이행,건조,맑음,단일로 - 기타,승합,남,54세,상해없음,보행자,남,67세,중상
2011072300100124,2011년 7월 23일 06시,토요일,인천광역시 부평구 부평동,경상사고,0,0,1,0,차대차 - 정면충돌,안전운전불이행,건조,맑음,단일로 - 횡단보도상,승용,기타불명,기타불명,기타불명,승용,남,60세,경상
2011072300100166,2011년 7월 23일 08시,토요일,인천광역시 남구 도화동,경상사고,0,0,1,0,차대차 - 추돌 - 진행중,안전운전불이행,건조,맑음,교차로 - 교차로부근,승합,남,47세,상해없음,승용,남,19세,경상
2011072300100189,2011년 7월 23일 09시,토요일,인천광역시 남구 주안동,부상신고사고,0,0,0,1,차대차 - 기타,안전운전불이행,건조,맑음,단일로 - 기타,기타불명,기타불명,기타불명,기타불명,자전거,여,50세,부상신고
2011072300100190,2011년 7월 23일 09시,토요일,인천광역시 남동구 만수동,중상사고,0,1,0,0,차대사람 - 기타,안전운전불이행,건조,맑음,교차로 - 교차로안,승용,남,51세,상해없음,보행자,여,58세,중상
2011072300100220,2011년 7월 23일 10시,토요일,인천광역시 남동구 도림동,경상사고,0,0,2,2,차대차 - 추돌 - 진행중,안전운전불이행,건조,맑음,단일로 - 기타,화물,남,51세,상해없음,승용,남,32세,경상
2011072300100254,2011년 7월 23일 11시,토요일,인천광역시 남구 주안동,경상사고,0,0,1,0,차대차 - 기타,안전운전불이행,기타,맑음,기타 - 기타,승용,남,62세,상해없음,이륜,남,34세,경상
2011072300100312,2011년 7월 23일 13시,토요일,인천광역시 남동구 구월동,중상사고,0,1,0,0,차대차 - 기타,안전운전불이행,건조,흐림,단일로 - 기타,승합,남,67세,상해없음,승용,남,60세,중상
2011072300100313,2011년 7월 23일 13시,토요일,인천광역시 연수구 연수동,중상사고,0,1,0,0,차대차 - 기타,안전운전불이행,건조,맑음,기타 - 기타,이륜,여,15세,중상,승합,남,62세,상해없음
2011072300100355,2011년 7월 23일 14시,토요일,인천광역시 남동구 만수동,중상사고,0,1,0,0,차대사람 - 횡단중,안전운전불이행,건조,맑음,단일로 - 기타,승용,남,38세,상해없음,보행자,여,14세,중상
2011072300100381,2011년 7월 23일 15시,토요일,인천광역시 중구 중앙동4가,경상사고,0,0,1,0,차대사람 - 기타,안전운전불이행,건조,맑음,단일로 - 기타,승용,남,33세,상해없음,보행자,여,32세,경상
2011072300100414,2011년 7월 23일 16시,토요일,인천광역시 남동구 만수동,경상사고,0,0,1,0,차대차 - 측면직각충돌,안전운전불이행,습기,비,단일로 - 기타,승용,남,45세,상해없음,승용,여,39세,경상
2011072300100415,2011년 7월 23일 16시,토요일,인천광역시 연수구 연수동,경상사고,0,0,1,0,차대차 - 기타,안전운전불이행,건조,맑음,교차로 - 교차로안,승용,여,44세,상해없음,자전거,남,12세,경상
2011072300100452,2011년 7월 23일 17시,토요일,인천광역시 부평구 삼산동,중상사고,0,1,2,0,차대차 - 측면직각충돌,차로위반,건조,맑음,단일로 - 기타,건설기계,남,51세,상해없음,승용,여,24세,중상
2011072300100589,2011년 7월 23일 21시,토요일,인천광역시 남구 관교동,중상사고,0,2,1,0,차대차 - 추돌 - 진행중,안전운전불이행,습기,비,교차로 - 교차로부근,화물,남,45세,상해없음,승용,여,47세,중상
2011072300100621,2011년 7월 23일 22시,토요일,인천광역시 부평구 부평동,중상사고,0,1,0,0,차대사람 - 횡단중,보행자보호의무위반,건조,맑음,교차로 - 교차로부근,승합,남,56세,상해없음,보행자,여,74세,중상
2011072400100013,2011년 7월 24일 00시,일요일,인천광역시 서구 검암동,부상신고사고,0,0,0,1,차대차 - 측면직각충돌,안전운전불이행,건조,맑음,단일로 - 기타,이륜,남,17세,부상신고,승용,남,27세,상해없음
2011072400100030,2011년 7월 24일 01시,일요일,인천광역시 남동구 고잔동,경상사고,0,0,2,0,차대차 - 기타,차로위반,건조,맑음,단일로 - 기타,승용,남,44세,상해없음,승용,남,39세,경상
2011072400100057,2011년 7월 24일 03시,일요일,인천광역시 서구 가정동,사망사고,1,0,0,0,차대차 - 추돌 - 주정차중,안전운전불이행,습기,비,교차로 - 교차로부근,원동기,남,26세,사망,화물,남,42세,기타불명
2011072400100077,2011년 7월 24일 04시,일요일,인천광역시 남구 주안동,경상사고,0,0,1,0,차대차 - 정면충돌,신호위반,습기,비,교차로 - 교차로부근,승용,남,27세,상해없음,승용,남,60세,경상
2011072400100078,2011년 7월 24일 04시,일요일,인천광역시 남동구 구월동,경상사고,0,0,1,0,차대사람 - 횡단중,안전운전불이행,습기,비,단일로 - 기타,승용,남,18세,상해없음,보행자,남,24세,경상
2011072400100100,2011년 7월 24일 06시,일요일,인천광역시 남구 주안동,중상사고,0,2,0,0,차대차 - 측면직각충돌,안전운전불이행,습기,비,단일로 - 기타,화물,남,27세,상해없음,승용,여,40세,중상
2011072400100113,2011년 7월 24일 07시,일요일,인천광역시 계양구 병방동,경상사고,0,0,1,0,차대차 - 기타,중앙선침범,습기,비,단일로 - 기타,승용,여,54세,상해없음,승용,여,30세,경상
2011072400100114,2011년 7월 24일 07시,일요일,인천광역시 강화군 강화읍,중상사고,0,1,0,0,차대사람 - 횡단중,신호위반,습기,비,단일로 - 횡단보도상,화물,남,46세,상해없음,보행자,여,46세,중상
2011072400100141,2011년 7월 24일 09시,일요일,인천광역시 계양구 갈현동,경상사고,0,0,3,0,차대차 - 추돌 - 진행중,안전운전불이행,건조,맑음,기타 - 기타,화물,남,47세,상해없음,승용,남,38세,경상
2011072400100157,2011년 7월 24일 10시,일요일,인천광역시 서구 가정동,경상사고,0,0,1,0,차대사람 - 횡단중,안전운전불이행,건조,맑음,기타 - 기타,승용,여,53세,상해없음,보행자,남,17세,경상
2011072400100182,2011년 7월 24일 11시,일요일,인천광역시 동구,경상사고,0,0,3,0,차대차 - 기타,안전운전불이행,건조,맑음,교차로 - 교차로안,승합,남,45세,상해없음,승용,남,33세,경상
2011072400100238,2011년 7월 24일 13시,일요일,인천광역시 부평구 산곡동,경상사고,0,0,1,0,차대차 - 측면직각충돌,신호위반,습기,흐림,단일로 - 횡단보도상,승용,남,29세,상해없음,자전거,남,55세,경상
2011072400100303,2011년 7월 24일 16시,일요일,인천광역시 남동구 간석동,경상사고,0,0,1,0,차대차 - 측면직각충돌,안전운전불이행,건조,맑음,단일로 - 기타,이륜,남,29세,경상,승용,남,51세,상해없음
2011072400100374,2011년 7월 24일 18시,일요일,인천광역시 중구 무의동,경상사고,0,0,2,0,차대차 - 측면직각충돌,안전운전불이행,건조,맑음,단일로 - 기타,승용,남,48세,상해없음,승용,남,38세,경상
2011072400100375,2011년 7월 24일 18시,일요일,인천광역시 남동구 간석동,경상사고,0,0,1,0,차대사람 - 차도통행중,안전운전불이행,건조,맑음,단일로 - 기타,승용,여,64세,상해없음,보행자,남,15세,경상
2011072400100488,2011년 7월 24일 21시,일요일,인천광역시 계양구 효성동,경상사고,0,0,1,0,차대차 - 측면직각충돌,중앙선침범,건조,맑음,단일로 - 기타,이륜,남,43세,상해없음,이륜,남,16세,경상
2011072500100011,2011년 7월 25일 00시,월요일,인천광역시 남동구 만수동,경상사고,0,0,1,0,차대차 - 측면직각충돌,교차로운행방법위반,건조,맑음,교차로 - 교차로안,승용,남,47세,상해없음,이륜,남,17세,경상
2011072500100038,2011년 7월 25일 04시,월요일,인천광역시 중구 운서동,중상사고,0,2,0,0,차량단독 - 도로외이탈 - 추락,안전운전불이행,건조,맑음,단일로 - 기타,승용,남,17세,상해없음,,,,
2011072500100059,2011년 7월 25일 06시,월요일,인천광역시 남동구 만수동,중상사고,0,1,0,0,차대차 - 추돌 - 주정차중,안전운전불이행,건조,흐림,교차로 - 교차로부근,승용,남,29세,상해없음,승용,남,30세,중상
2011072500100084,2011년 7월 25일 07시,월요일,인천광역시 남구 주안동,부상신고사고,0,0,0,1,차량단독 - 공작물충돌,안전운전불이행,습기,비,교차로 - 교차로부근,승용,남,33세,부상신고,,,,
2011072500100108,2011년 7월 25일 08시,월요일,인천광역시 부평구 십정동,부상신고사고,0,0,0,1,차대차 - 측면직각충돌,안전운전불이행,습기,비,단일로 - 기타,원동기,여,43세,부상신고,승용,남,36세,상해없음
2011072500100153,2011년 7월 25일 10시,월요일,인천광역시 부평구 부평동,중상사고,0,1,0,0,차대사람 - 기타,안전운전불이행,건조,맑음,기타 - 기타,승용,여,33세,상해없음,보행자,남,42세,중상
2011072500100216,2011년 7월 25일 12시,월요일,인천광역시 남구 용현동,경상사고,0,0,1,0,차대차 - 측면직각충돌,안전운전불이행,건조,맑음,단일로 - 기타,승용,남,62세,상해없음,승용,남,63세,경상
2011072500100244,2011년 7월 25일 13시,월요일,인천광역시 부평구 삼산동,경상사고,0,0,1,0,차대차 - 측면직각충돌,안전거리미확보,건조,맑음,단일로 - 기타,화물,남,39세,상해없음,승용,남,27세,경상
2011072500100387,2011년 7월 25일 17시,월요일,인천광역시 부평구,경상사고,0,0,1,0,차대차 - 기타,안전거리미확보,건조,맑음,단일로 - 기타,승용,남,45세,상해없음,승용,남,46세,경상
2011072500100388,2011년 7월 25일 17시,월요일,인천광역시 연수구 옥련동,중상사고,0,1,0,0,차대차 - 측면직각충돌,안전운전불이행,건조,맑음,교차로 - 교차로부근,승용,남,44세,상해없음,승용,여,51세,중상
2011072500100389,2011년 7월 25일 17시,월요일,인천광역시 부평구 부평동,경상사고,0,0,1,0,차대차 - 기타,교차로운행방법위반,건조,맑음,교차로 - 교차로안,승합,여,68세,상해없음,화물,남,56세,경상
2011072500100458,2011년 7월 25일 19시,월요일,인천광역시 남동구 구월동,경상사고,0,0,7,1,차대차 - 기타,중앙선침범,건조,맑음,단일로 - 기타,승용,여,36세,부상신고,승합,남,43세,경상
2011072500100459,2011년 7월 25일 19시,월요일,인천광역시 남동구 만수동,경상사고,0,0,2,0,차대차 - 측면직각충돌,신호위반,건조,맑음,교차로 - 교차로안,이륜,남,28세,경상,승용,여,28세,경상
2011072500100487,2011년 7월 25일 20시,월요일,인천광역시 남구 숭의동,경상사고,0,0,1,0,차대차 - 기타,불법유턴,기타,맑음,기타 - 기타,승용,남,52세,상해없음,승용,여,50세,경상
2011072500100514,2011년 7월 25일 21시,월요일,인천광역시 남구 용현동,경상사고,0,0,1,0,차대사람 - 기타,안전운전불이행,건조,맑음,단일로 - 기타,승용,여,46세,상해없음,보행자,남,37세,경상
2011072500100515,2011년 7월 25일 21시,월요일,인천광역시 서구 당하동,경상사고,0,0,1,0,차대사람 - 횡단중,신호위반,습기,비,단일로 - 횡단보도상,승용,여,54세,상해없음,보행자,여,11세,경상
2011072500100516,2011년 7월 25일 21시,월요일,인천광역시 서구 가좌동,중상사고,0,1,0,0,차대차 - 추돌 - 주정차중,안전운전불이행,건조,맑음,교차로 - 교차로부근,승용,남,33세,상해없음,승용,남,51세,중상
2011072500100517,2011년 7월 25일 21시,월요일,인천광역시 계양구 용종동,경상사고,0,0,1,0,차대차 - 추돌 - 주정차중,안전운전불이행,건조,맑음,단일로 - 기타,화물,남,23세,상해없음,승용,여,43세,경상
2011072500100550,2011년 7월 25일 22시,월요일,인천광역시 남동구 간석동,경상사고,0,0,4,0,차대차 - 기타,기타,건조,맑음,교차로 - 교차로부근,승용,남,56세,상해없음,승용,여,50세,경상
2011072500100551,2011년 7월 25일 22시,월요일,인천광역시 서구 석남동,중상사고,0,1,1,0,차대차 - 측면직각충돌,불법유턴,건조,맑음,단일로 - 기타,승용,남,48세,상해없음,승용,남,52세,중상
2011072500100552,2011년 7월 25일 22시,월요일,인천광역시 연수구 송도동,중상사고,0,1,0,0,차대차 - 측면직각충돌,안전운전불이행,건조,맑음,교차로 - 교차로부근,승용,여,44세,상해없음,원동기,남,43세,중상
2011072500100553,2011년 7월 25일 22시,월요일,인천광역시 연수구 옥련동,중상사고,0,2,0,0,차대차 - 측면직각충돌,중앙선침범,건조,맑음,단일로 - 기타,승용,남,58세,상해없음,승용,남,30세,중상
2011072500100580,2011년 7월 25일 23시,월요일,인천광역시 부평구 십정동,경상사고,0,0,1,0,차대사람 - 기타,안전운전불이행,건조,맑음,단일로 - 기타,승용,남,46세,상해없음,보행자,남,27세,경상
2011072500100581,2011년 7월 25일 23시,월요일,인천광역시 부평구 부평동,중상사고,0,1,3,0,차대차 - 측면직각충돌,교차로운행방법위반,건조,맑음,교차로 - 교차로안,승용,남,43세,상해없음,승용,여,59세,중상
2011072600100030,2011년 7월 26일 01시,화요일,인천광역시 동구 송림동,경상사고,0,0,2,0,차대차 - 측면직각충돌,신호위반,건조,맑음,교차로 - 교차로안,원동기,남,17세,상해없음,승용,남,64세,경상
2011072600100031,2011년 7월 26일 01시,화요일,인천광역시 남동구 구월동,경상사고,0,0,1,0,차대차 - 기타,안전운전불이행,건조,맑음,교차로 - 교차로안,승용,남,22세,상해없음,승용,남,36세,상해없음
2011072600100044,2011년 7월 26일 02시,화요일,인천광역시 중구 남북동,중상사고,0,2,1,0,차량단독 - 전도전복,안전운전불이행,건조,맑음,단일로 - 기타,승용,남,22세,중상,,,,
2011072600100045,2011년 7월 26일 02시,화요일,인천광역시 남동구 구월동,경상사고,0,0,2,0,차대차 - 추돌 - 주정차중,안전운전불이행,건조,맑음,단일로 - 기타,승용,남,51세,상해없음,승용,남,45세,경상
2011072600100065,2011년 7월 26일 05시,화요일,인천광역시 서구 오류동,중상사고,0,1,0,0,차량단독 - 공작물충돌,안전운전불이행,건조,맑음,단일로 - 기타,승용,남,43세,상해없음,,,,
2011072600100082,2011년 7월 26일 06시,화요일,인천광역시 중구 운남동,경상사고,0,0,1,0,차대차 - 기타,신호위반,건조,맑음,교차로 - 교차로안,화물,남,51세,상해없음,승용,남,53세,경상
2011072600100095,2011년 7월 26일 07시,화요일,인천광역시 남동구 구월동,중상사고,0,1,0,0,차대사람 - 차도통행중,안전운전불이행,건조,맑음,단일로 - 기타,승용,남,27세,기타불명,보행자,남,51세,중상
2011072600100119,2011년 7월 26일 08시,화요일,인천광역시 남구 도화동,경상사고,0,0,2,0,차대차 - 정면충돌,중앙선침범,건조,맑음,교차로 - 교차로부근,승용,남,34세,상해없음,승합,남,58세,경상
2011072600100145,2011년 7월 26일 09시,화요일,인천광역시 서구 공촌동,경상사고,0,0,1,0,차대차 - 측면직각충돌,안전운전불이행,건조,맑음,단일로 - 교량,화물,남,57세,상해없음,승용,남,43세,경상
2011072600100176,2011년 7월 26일 10시,화요일,인천광역시 남구 주안동,경상사고,0,0,3,0,차대차 - 추돌 - 주정차중,안전운전불이행,건조,맑음,교차로 - 교차로부근,승용,남,38세,상해없음,승용,남,41세,경상
2011072600100209,2011년 7월 26일 11시,화요일,인천광역시 남동구 간석동,중상사고,0,1,0,0,차대차 - 측면직각충돌,안전운전불이행,건조,맑음,단일로 - 기타,화물,남,39세,상해없음,이륜,남,46세,중상
2011072600100245,2011년 7월 26일 12시,화요일,인천광역시 동구 송림동,경상사고,0,0,1,0,차대차 - 기타,안전거리미확보,건조,맑음,교차로 - 교차로부근,승용,남,63세,상해없음,이륜,남,54세,경상
2011072600100246,2011년 7월 26일 12시,화요일,인천광역시 서구 마전동,중상사고,0,1,0,0,차대차 - 기타,안전거리미확보,건조,맑음,단일로 - 기타,승용,남,63세,상해없음,승합,남,34세,상해없음
2011072600100247,2011년 7월 26일 12시,화요일,인천광역시 부평구 삼산동,경상사고,0,0,2,0,차대차 - 측면직각충돌,안전운전불이행,건조,맑음,단일로 - 교량,화물,남,38세,상해없음,승용,남,33세,경상
2011072600100248,2011년 7월 26일 12시,화요일,인천광역시 부평구 갈산동,경상사고,0,0,1,0,차대사람 - 길가장자리구역통행중,안전운전불이행,건조,맑음,교차로 - 교차로부근,승용,여,33세,상해없음,보행자,여,49세,경상
2011072600100334,2011년 7월 26일 15시,화요일,인천광역시 남구 문학동,중상사고,0,1,0,0,차대차 - 추돌 - 주정차중,안전운전불이행,습기,비,단일로 - 기타,승용,남,34세,상해없음,승용,여,40세,중상
2011072600100335,2011년 7월 26일 15시,화요일,인천광역시 남동구 만수동,중상사고,0,1,0,0,차대사람 - 횡단중,보행자보호의무위반,건조,맑음,교차로 - 교차로부근,승용,남,67세,상해없음,보행자,남,9세,중상
2011072600100336,2011년 7월 26일 15시,화요일,인천광역시 계양구 둑실동,중상사고,0,1,1,0,차대차 - 추돌 - 주정차중,안전운전불이행,습기,비,단일로 - 기타,화물,남,56세,상해없음,화물,남,53세,중상
2011072600100376,2011년 7월 26일 16시,화요일,인천광역시 남구 주안동,경상사고,0,0,1,0,차대사람 - 차도통행중,안전운전불이행,습기,비,단일로 - 기타,기타불명,기타불명,기타불명,기타불명,보행자,남,14세,경상
2011072600100377,2011년 7월 26일 16시,화요일,인천광역시 계양구 계산동,경상사고,0,0,1,0,차대사람 - 기타,안전운전불이행,습기,비,단일로 - 기타,승용,여,56세,상해없음,보행자,남,7세,경상
2011072600100378,2011년 7월 26일 16시,화요일,인천광역시 강화군 길상면,중상사고,0,1,3,0,차대차 - 정면충돌,중앙선침범,건조,맑음,단일로 - 기타,승용,남,53세,상해없음,승용,남,41세,중상
2011072600100379,2011년 7월 26일 16시,화요일,인천광역시 연수구 동춘동,중상사고,0,1,0,0,차대차 - 측면직각충돌,기타,건조,맑음,단일로 - 기타,승용,여,40세,상해없음,이륜,남,26세,중상
2011072600100380,2011년 7월 26일 16시,화요일,인천광역시 연수구 송도동,중상사고,0,1,1,0,차대차 - 기타,직진우회전진행방해,건조,맑음,교차로 - 교차로안,승용,여,40세,상해없음,이륜,남,16세,중상
2011072600100417,2011년 7월 26일 17시,화요일,인천광역시 남동구 만수동,중상사고,0,1,0,0,차대차 - 측면직각충돌,안전운전불이행,건조,맑음,단일로 - 기타,승용,남,31세,상해없음,승용,여,55세,중상
2011072600100461,2011년 7월 26일 18시,화요일,인천광역시 남동구 구월동,경상사고,0,0,1,0,차대차 - 기타,차로위반,습기,비,단일로 - 기타,승용,남,73세,상해없음,승용,남,31세,경상
2011072600100462,2011년 7월 26일 18시,화요일,인천광역시 서구 공촌동,중상사고,0,1,4,0,차대차 - 측면직각충돌,중앙선침범,습기,비,단일로 - 기타,승용,남,54세,상해없음,승용,남,40세,경상
2011072600100501,2011년 7월 26일 19시,화요일,인천광역시 남구 용현동,경상사고,0,0,1,0,차대차 - 측면직각충돌,안전거리미확보,습기,비,교차로 - 교차로부근,화물,남,54세,상해없음,승용,남,27세,경상
2011072600100502,2011년 7월 26일 19시,화요일,인천광역시 부평구 십정동,경상사고,0,0,3,0,차대차 - 측면직각충돌,안전운전불이행,습기,비,단일로 - 기타,승용,남,41세,상해없음,승용,남,29세,경상
2011072600100503,2011년 7월 26일 19시,화요일,인천광역시 남동구 만수동,경상사고,0,0,1,0,차대사람 - 횡단중,신호위반,습기,비,단일로 - 횡단보도상,승용,여,56세,상해없음,보행자,여,60세,경상
2011072600100585,2011년 7월 26일 21시,화요일,인천광역시 중구 북성동1가,중상사고,0,2,0,0,차량단독 - 공작물충돌,안전운전불이행,습기,비,단일로 - 기타,승용,남,38세,상해없음,,,,
2011072600100626,2011년 7월 26일 22시,화요일,인천광역시 남구 학익동,중상사고,0,1,0,0,차대차 - 기타,신호위반,습기,흐림,단일로 - 횡단보도상,승용,남,47세,상해없음,승용,남,60세,중상
2011072600100627,2011년 7월 26일 22시,화요일,인천광역시 계양구 작전동,중상사고,0,1,0,0,차대차 - 추돌 - 주정차중,안전운전불이행,건조,맑음,단일로 - 기타,승용,남,22세,상해없음,승용,여,55세,중상
2011072600100662,2011년 7월 26일 23시,화요일,인천광역시 남구 도화동,경상사고,0,0,1,0,차대사람 - 차도통행중,중앙선침범,습기,비,단일로 - 기타,원동기,남,18세,상해없음,보행자,남,16세,경상
2011072600100663,2011년 7월 26일 23시,화요일,인천광역시 부평구 십정동,경상사고,0,0,3,0,차대차 - 추돌 - 주정차중,안전운전불이행,습기,흐림,단일로 - 기타,승용,남,46세,상해없음,승용,남,34세,경상
2011072700100020,2011년 7월 27일 00시,수요일,인천광역시 서구 검암동,경상사고,0,0,2,0,차대차 - 추돌 - 주정차중,안전운전불이행,습기,비,단일로 - 기타,승용,남,44세,상해없음,화물,남,50세,경상
2011072700100021,2011년 7월 27일 00시,수요일,인천광역시 연수구 동춘동,중상사고,0,1,0,0,차대차 - 정면충돌,중앙선침범,습기,비,교차로 - 교차로부근,승용,남,47세,상해없음,승용,남,60세,중상
2011072700100043,2011년 7월 27일 01시,수요일,인천광역시 중구 신흥동3가,경상사고,0,0,1,0,차대차 - 측면직각충돌,중앙선침범,습기,비,단일로 - 기타,승용,남,27세,상해없음,승용,남,63세,경상
2011072700100044,2011년 7월 27일 01시,수요일,인천광역시 서구 금곡동,중상사고,0,2,2,0,차대차 - 추돌 - 주정차중,안전운전불이행,습기,비,교차로 - 교차로부근,승용,남,28세,상해없음,승용,남,63세,중상
2011072700100045,2011년 7월 27일 01시,수요일,인천광역시 서구 가좌동,사망사고,1,0,0,0,차대사람 - 기타,안전운전불이행,습기,비,단일로 - 기타,이륜,남,17세,상해없음,보행자,남,60세,사망
2011072700100046,2011년 7월 27일 01시,수요일,인천광역시 서구 가좌동,경상사고,0,0,1,0,차량단독 - 기타,안전운전불이행,습기,비,단일로 - 기타,승용,남,31세,경상,,,,
2011072700100067,2011년 7월 27일 02시,수요일,인천광역시 계양구 계산동,중상사고,0,1,0,0,차대사람 - 차도통행중,안전운전불이행,습기,비,단일로 - 기타,승용,남,27세,상해없음,보행자,남,28세,중상
2011072700100068,2011년 7월 27일 02시,수요일,인천광역시 연수구 청학동,경상사고,0,0,2,0,차대차 - 기타,안전운전불이행,습기,비,교차로 - 교차로부근,승용,남,24세,상해없음,승용,남,36세,경상
2011072700100099,2011년 7월 27일 04시,수요일,인천광역시 남동구 간석동,중상사고,0,1,0,0,차량단독 - 공작물충돌,중앙선침범,습기,비,교차로 - 교차로부근,승용,남,24세,중상,,,,
2011072700100122,2011년 7월 27일 06시,수요일,인천광역시 남동구 만수동,경상사고,0,0,1,0,차대차 - 추돌 - 진행중,안전거리미확보,습기,비,단일로 - 기타,승용,남,51세,상해없음,승용,남,28세,경상
2011072700100123,2011년 7월 27일 06시,수요일,인천광역시 연수구 연수동,경상사고,0,0,1,0,차대차 - 기타,중앙선침범,습기,비,단일로 - 기타,승용,남,30세,상해없음,승용,남,33세,경상
2011072700100167,2011년 7월 27일 08시,수요일,인천광역시 부평구 십정동,중상사고,0,1,0,0,차대차 - 추돌 - 진행중,안전운전불이행,습기,비,교차로 - 교차로부근,승용,남,32세,상해없음,승용,남,32세,중상
2011072700100214,2011년 7월 27일 10시,수요일,인천광역시 남구 용현동,중상사고,0,1,1,0,차대차 - 측면직각충돌,교차로운행방법위반,습기,비,교차로 - 교차로안,화물,남,57세,상해없음,승용,여,55세,중상
2011072700100215,2011년 7월 27일 10시,수요일,인천광역시 계양구 효성동,중상사고,0,1,0,0,차대사람 - 횡단중,보행자보호의무위반,습기,비,단일로 - 기타,승용,남,58세,상해없음,보행자,여,72세,중상
2011072700100247,2011년 7월 27일 11시,수요일,인천광역시 남구 도화동,중상사고,0,1,0,0,차대사람 - 기타,안전운전불이행,건조,맑음,단일로 - 기타,기타불명,기타불명,기타불명,기타불명,보행자,여,84세,중상
2011072700100308,2011년 7월 27일 14시,수요일,인천광역시 부평구 십정동,중상사고,0,1,0,0,차대차 - 기타,안전운전불이행,습기,흐림,교차로 - 교차로부근,승용,남,76세,상해없음,화물,남,54세,중상
2011072700100326,2011년 7월 27일 15시,수요일,인천광역시 남동구 간석동,중상사고,0,1,0,0,차대사람 - 차도통행중,안전운전불이행,습기,흐림,단일로 - 기타,승용,남,36세,상해없음,보행자,남,14세,중상
2011072700100352,2011년 7월 27일 16시,수요일,인천광역시 중구 운서동,중상사고,0,1,0,0,차대차 - 추돌 - 진행중,안전거리미확보,습기,비,교차로 - 교차로부근,승합,남,59세,상해없음,화물,남,56세,중상
2011072700100353,2011년 7월 27일 16시,수요일,인천광역시 부평구 부개동,경상사고,0,0,1,0,차대차 - 추돌 - 주정차중,안전거리미확보,건조,흐림,교차로 - 교차로부근,승용,남,56세,상해없음,승용,남,38세,경상
2011072700100381,2011년 7월 27일 17시,수요일,인천광역시 중구 을왕동,중상사고,0,1,0,0,차대사람 - 횡단중,안전운전불이행,습기,비,단일로 - 기타,화물,남,56세,상해없음,보행자,여,88세,중상
2011072700100382,2011년 7월 27일 17시,수요일,인천광역시 연수구 연수동,중상사고,0,1,0,0,차대차 - 기타,교차로운행방법위반,습기,흐림,교차로 - 교차로부근,승용,여,58세,상해없음,이륜,남,19세,중상
2011072700100484,2011년 7월 27일 20시,수요일,인천광역시 중구 중앙동4가,경상사고,0,0,3,0,차대차 - 측면직각충돌,중앙선침범,습기,비,교차로 - 교차로부근,승용,남,38세,상해없음,승용,남,37세,경상
2011072700100516,2011년 7월 27일 21시,수요일,인천광역시 남동구 구월동,경상사고,0,0,1,0,차대차 - 측면직각충돌,안전운전불이행,건조,맑음,단일로 - 기타,승용,여,35세,상해없음,이륜,여,34세,경상
2011072700100517,2011년 7월 27일 21시,수요일,인천광역시 연수구 연수동,중상사고,0,3,0,0,차대차 - 추돌 - 진행중,신호위반,습기,비,교차로 - 교차로안,승용,여,44세,상해없음,승합,남,48세,중상