사고번호,사고일시,요일,시군구,사고내용,사망자수,중상자수,경상자수,부상신고자수,사고유형,법규위반,노면상태,기상상태,도로형태,가해운전자 차종,가해운전자 성별,가해운전자 연령,가해운전자 상해정도,피해운전자 차종,피해운전자 성별,피해운전자 연령,피해운전자 상해정도
2011072700100554,2011년 7월 27일 22시,수요일,인천광역시 남구 주안동,경상사고,0,0,1,0,차대차 - 추돌 - 주정차중,안전운전불이행,습기,비,교차로 - 교차로부근,승용,남,30세,상해없음,승용,남,20세,경상
2011072700100555,2011년 7월 27일 22시,수요일,인천광역시 서구 연희동,중상사고,0,1,1,0,차대사람 - 횡단중,안전운전불이행,습기,비,단일로 - 횡단보도상,승용,남,33세,상해없음,보행자,여,16세,경상
2011072700100556,2011년 7월 27일 22시,수요일,인천광역시 계양구 병방동,경상사고,0,0,1,0,차대사람 - 횡단중,안전운전불이행,습기,비,교차로 - 교차로안,화물,남,56세,상해없음,보행자,남,53세,경상
2011072700100557,2011년 7월 27일 22시,수요일,인천광역시 서구 가좌동,경상사고,0,0,1,0,차대차 - 기타,안전운전불이행,습기,흐림,단일로 - 기타,기타불명,기타불명,기타불명,기타불명,승용,남,41세,경상
2011072700100589,2011년 7월 27일 23시,수요일,인천광역시 연수구 동춘동,중상사고,0,1,3,0,차대차 - 추돌 - 주정차중,안전운전불이행,습기,흐림,단일로 - 기타,승용,남,57세,상해없음,승용,남,45세,경상
2011072700100590,2011년 7월 27일 23시,수요일,인천광역시 연수구 청학동,경상사고,0,0,2,0,차대차 - 추돌 - 진행중,안전운전불이행,습기,비,단일로 - 기타,승용,남,41세,상해없음,승용,남,49세,경상
2011072800100052,2011년 7월 28일 02시,목요일,인천광역시 부평구 구산동,중상사고,0,2,2,0,차대차 - 기타,안전운전불이행,습기,비,교차로 - 교차로부근,승용,남,28세,상해없음,승용,남,31세,중상
2011072800100086,2011년 7월 28일 05시,목요일,인천광역시 부평구 갈산동,중상사고,0,1,0,0,차대사람 - 기타,안전운전불이행,습기,비,단일로 - 기타,승용,기타불명,기타불명,기타불명,보행자,남,53세,중상
2011072800100120,2011년 7월 28일 07시,목요일,인천광역시 서구 석남동,중상사고,0,1,1,0,차대차 - 측면직각충돌,안전운전불이행,습기,비,교차로 - 교차로안,승용,여,26세,경상,승합,여,44세,중상
2011072800100144,2011년 7월 28일 08시,목요일,인천광역시 부평구 십정동,경상사고,0,0,1,0,차대사람 - 횡단중,신호위반,습기,비,단일로 - 횡단보도상,승용,남,62세,상해없음,보행자,여,50세,경상
2011072800100145,2011년 7월 28일 08시,목요일,인천광역시 남동구 고잔동,경상사고,0,0,1,0,차대사람 - 차도통행중,안전운전불이행,습기,비,단일로 - 기타,기타불명,기타불명,기타불명,기타불명,보행자,남,23세,경상
2011072800100163,2011년 7월 28일 09시,목요일,인천광역시 부평구 십정동,경상사고,0,0,1,0,차대사람 - 기타,안전운전불이행,건조,맑음,단일로 - 기타,승용,남,42세,상해없음,보행자,남,57세,경상
2011072800100164,2011년 7월 28일 09시,목요일,인천광역시 서구 원당동,경상사고,0,0,2,0,차대차 - 측면직각충돌,안전운전불이행,습기,비,교차로 - 교차로안,승용,남,41세,상해없음,화물,남,38세,경상
2011072800100182,2011년 7월 28일 10시,목요일,인천광역시 남구 숭의동,경상사고,0,0,1,0,차대차 - 측면직각충돌,차로위반,습기,비,교차로 - 교차로안,승용,남,50세,상해없음,승용,남,39세,경상
2011072800100183,2011년 7월 28일 10시,목요일,인천광역시 부평구 십정동,경상사고,0,0,1,0,차대사람 - 보도통행중,보행자보호의무위반,건조,맑음,교차로 - 교차로안,화물,남,45세,상해없음,보행자,여,19세,경상
2011072800100262,2011년 7월 28일 13시,목요일,인천광역시 남구 주안동,경상사고,0,0,1,0,차대차 - 정면충돌,신호위반,습기,비,교차로 - 교차로안,승용,여,37세,상해없음,원동기,남,29세,경상
2011072800100263,2011년 7월 28일 13시,목요일,인천광역시 계양구 병방동,중상사고,0,1,0,0,차대사람 - 횡단중,보행자보호의무위반,건조,맑음,단일로 - 횡단보도상,화물,기타불명,기타불명,기타불명,보행자,여,14세,중상
2011072800100320,2011년 7월 28일 15시,목요일,인천광역시 연수구 청학동,중상사고,0,1,0,0,차대차 - 측면직각충돌,교차로운행방법위반,건조,맑음,교차로 - 교차로안,승용,남,24세,상해없음,승용,남,50세,중상
2011072800100355,2011년 7월 28일 16시,목요일,인천광역시 계양구 계산동,중상사고,0,1,0,0,차대차 - 측면직각충돌,교차로운행방법위반,습기,흐림,교차로 - 교차로안,승합,남,38세,상해없음,이륜,남,17세,중상
2011072800100356,2011년 7월 28일 16시,목요일,인천광역시 계양구 계산동,중상사고,0,1,0,0,차대차 - 측면직각충돌,안전운전불이행,습기,비,단일로 - 기타,승합,남,48세,상해없음,기타불명,남,63세,중상
2011072800100393,2011년 7월 28일 17시,목요일,인천광역시 남구 주안동,경상사고,0,0,1,0,차대차 - 기타,신호위반,습기,비,교차로 - 교차로안,화물,남,49세,상해없음,원동기,남,18세,경상
2011072800100431,2011년 7월 28일 18시,목요일,인천광역시 남구 학익동,경상사고,0,0,1,0,차대사람 - 길가장자리구역통행중,안전운전불이행,습기,비,단일로 - 기타,승용,여,39세,상해없음,보행자,남,15세,경상
2011072800100432,2011년 7월 28일 18시,목요일,인천광역시 남동구 만수동,중상사고,0,1,0,0,차대차 - 기타,안전운전불이행,건조,맑음,교차로 - 교차로부근,승합,남,54세,상해없음,승용,여,50세,중상
2011072800100433,2011년 7월 28일 18시,목요일,인천광역시 계양구 작전동,중상사고,0,1,0,0,차대차 - 측면직각충돌,신호위반,기타,비,교차로 - 교차로안,승용,여,45세,상해없음,승용,남,30세,중상
2011072800100554,2011년 7월 28일 21시,목요일,인천광역시 부평구,경상사고,0,0,1,0,차대사람 - 횡단중,보행자보호의무위반,습기,비,단일로 - 횡단보도상,승용,남,33세,상해없음,보행자,여,42세,경상
2011072800100555,2011년 7월 28일 21시,목요일,인천광역시 남동구 간석동,경상사고,0,0,4,0,차대차 - 측면직각충돌,중앙선침범,습기,비,교차로 - 교차로부근,승용,남,60세,상해없음,승용,남,44세,경상
2011072800100556,2011년 7월 28일 21시,목요일,인천광역시 남동구 만수동,경상사고,0,0,2,0,차대차 - 추돌 - 주정차중,안전운전불이행,습기,비,단일로 - 기타,승합,남,50세,상해없음,승용,남,53세,경상
2011072800100557,2011년 7월 28일 21시,목요일,인천광역시 연수구 옥련동,경상사고,0,0,1,0,차대차 - 추돌 - 주정차중,안전운전불이행,습기,비,교차로 - 교차로부근,승용,남,48세,상해없음,승용,여,47세,경상
2011072800100595,2011년 7월 28일 22시,목요일,인천광역시 연수구 연수동,경상사고,0,0,3,0,차대차 - 측면직각충돌,안전운전불이행,습기,비,기타 - 기타,승용,남,48세,상해없음,승용,여,53세,경상
2011072800100624,2011년 7월 28일 23시,목요일,인천광역시 남구 주안동,경상사고,0,0,1,0,차대사람 - 길가장자리구역통행중,안전운전불이행,습기,비,교차로 - 교차로안,승용,남,29세,상해없음,보행자,남,35세,경상
2011072800100625,2011년 7월 28일 23시,목요일,인천광역시 남동구 논현동,경상사고,0,0,1,0,차대차 - 추돌 - 진행중,안전운전불이행,습기,비,단일로 - 기타,승용,남,30세,상해없음,승합,남,50세,경상
2011072800100626,2011년 7월 28일 23시,목요일,인천광역시 서구 당하동,경상사고,0,0,3,0,차대차 - 기타,안전운전불이행,습기,비,교차로 - 교차로부근,승용,여,26세,상해없음,승용,남,57세,경상
2011072900100057,2011년 7월 29일 01시,금요일,인천광역시 남구 주안동,경상사고,0,0,1,0,차대사람 - 기타,신호위반,습기,비,단일로 - 기타,승용,남,25세,상해없음,보행자,남,21세,경상
2011072900100058,2011년 7월 29일 01시,금요일,인천광역시 서구 원당동,경상사고,0,0,1,0,차대차 - 추돌 - 주정차중,안전운전불이행,습기,비,교차로 - 교차로부근,승용,남,41세,상해없음,승용,여,39세,경상
2011072900100081,2011년 7월 29일 02시,금요일,인천광역시 남구 도화동,부상신고사고,0,0,0,1,차대사람 - 길가장자리구역통행중,안전운전불이행,습기,비,단일로 - 기타,기타불명,기타불명,기타불명,기타불명,보행자,남,20세,부상신고
2011072900100082,2011년 7월 29일 02시,금요일,인천광역시 부평구,경상사고,0,0,1,0,차대차 - 추돌 - 진행중,안전거리미확보,습기,맑음,교차로 - 교차로안,승용,남,26세,상해없음,승용,남,42세,경상
2011072900100083,2011년 7월 29일 02시,금요일,인천광역시 남동구 논현동,경상사고,0,0,2,0,차량단독 - 전도전복,안전운전불이행,습기,비,단일로 - 기타,승용,남,34세,경상,,,,
2011072900100135,2011년 7월 29일 07시,금요일,인천광역시 서구 가정동,경상사고,0,0,1,0,차대차 - 추돌 - 진행중,안전거리미확보,습기,비,단일로 - 기타,승용,남,29세,상해없음,승용,여,51세,경상
2011072900100168,2011년 7월 29일 08시,금요일,인천광역시 남구 도화동,경상사고,0,0,1,0,차대사람 - 기타,안전운전불이행,건조,맑음,교차로 - 교차로안,승용,남,52세,상해없음,보행자,남,41세,경상
2011072900100169,2011년 7월 29일 08시,금요일,인천광역시 계양구 작전동,경상사고,0,0,1,0,차대차 - 측면직각충돌,안전운전불이행,습기,흐림,단일로 - 기타,승용,남,49세,상해없음,이륜,남,62세,경상
2011072900100253,2011년 7월 29일 11시,금요일,인천광역시 부평구 부평동,경상사고,0,0,1,0,차대사람 - 횡단중,안전운전불이행,건조,맑음,단일로 - 기타,승용,남,39세,상해없음,보행자,여,67세,경상
2011072900100287,2011년 7월 29일 12시,금요일,인천광역시 서구 당하동,중상사고,0,1,0,0,차대차 - 기타,기타,건조,맑음,기타 - 기타,승용,여,60세,상해없음,원동기,남,33세,중상
2011072900100315,2011년 7월 29일 13시,금요일,인천광역시 중구 운서동,중상사고,0,1,0,0,차대차 - 기타,안전거리미확보,건조,맑음,단일로 - 기타,화물,남,24세,상해없음,승용,남,48세,중상
2011072900100317,2011년 7월 29일 13시,금요일,인천광역시 남동구 구월동,경상사고,0,0,1,0,차대차 - 측면직각충돌,교차로운행방법위반,건조,맑음,교차로 - 교차로안,원동기,남,48세,경상,승용,여,36세,상해없음
2011072900100352,2011년 7월 29일 14시,금요일,인천광역시 부평구 삼산동,경상사고,0,0,1,0,차대사람 - 차도통행중,안전운전불이행,건조,맑음,교차로 - 교차로부근,승합,남,34세,상해없음,보행자,여,51세,경상
2011072900100391,2011년 7월 29일 15시,금요일,인천광역시 부평구 삼산동,부상신고사고,0,0,0,1,차대차 - 측면직각충돌,안전거리미확보,건조,맑음,교차로 - 교차로부근,승용,여,44세,상해없음,이륜,남,17세,부상신고
2011072900100429,2011년 7월 29일 16시,금요일,인천광역시 서구 가좌동,경상사고,0,0,1,0,차대차 - 측면직각충돌,안전거리미확보,건조,맑음,단일로 - 기타,승용,남,65세,상해없음,승용,남,53세,상해없음
2011072900100464,2011년 7월 29일 17시,금요일,인천광역시 남동구 간석동,경상사고,0,0,1,0,차대차 - 추돌 - 주정차중,안전운전불이행,건조,맑음,단일로 - 기타,승용,남,58세,상해없음,승용,여,52세,경상
2011072900100465,2011년 7월 29일 17시,금요일,인천광역시 강화군 길상면,경상사고,0,0,1,0,차대사람 - 보도통행중,안전운전불이행,건조,맑음,단일로 - 기타,승용,남,24세,상해없음,보행자,여,12세,경상
2011072900100495,2011년 7월 29일 18시,금요일,인천광역시 남구 용현동,경상사고,0,0,1,0,차대사람 - 기타,안전운전불이행,건조,맑음,교차로 - 교차로부근,승합,남,68세,상해없음,보행자,남,56세,경상
2011072900100496,2011년 7월 29일 18시,금요일,인천광역시 계양구 효성동,경상사고,0,0,1,0,차대사람 - 차도통행중,안전운전불이행,건조,맑음,교차로 - 교차로부근,승용,남,33세,상해없음,보행자,남,6세,경상
2011072900100497,2011년 7월 29일 18시,금요일,인천광역시 부평구 부개동,중상사고,0,1,1,0,차대차 - 측면직각충돌,신호위반,건조,맑음,교차로 - 교차로안,화물,남,50세,중상,승용,여,44세,경상
2011072900100574,2011년 7월 29일 20시,금요일,인천광역시 남구 학익동,중상사고,0,1,0,0,차대사람 - 기타,안전운전불이행,건조,맑음,교차로 - 교차로부근,승용,여,39세,상해없음,보행자,남,7세,중상
2011072900100575,2011년 7월 29일 20시,금요일,인천광역시 남동구 논현동,중상사고,0,1,0,0,차대차 - 측면직각충돌,신호위반,건조,맑음,교차로 - 교차로안,승용,남,49세,상해없음,이륜,남,17세,중상
2011072900100576,2011년 7월 29일 20시,금요일,인천광역시 부평구 구산동,중상사고,0,1,0,0,차량단독 - 공작물충돌,안전운전불이행,건조,맑음,교차로 - 교차로부근,화물,남,60세,상해없음,,,,
2011072900100646,2011년 7월 29일 22시,금요일,인천광역시 부평구 산곡동,경상사고,0,0,1,0,차대차 - 기타,안전운전불이행,건조,맑음,교차로 - 교차로부근,기타불명,기타불명,기타불명,기타불명,자전거,남,9세,경상
2011072900100647,2011년 7월 29일 22시,금요일,인천광역시 부평구 산곡동,경상사고,0,0,1,0,차대차 - 추돌 - 진행중,안전운전불이행,건조,맑음,교차로 - 교차로안,승합,남,37세,상해없음,승용,남,24세,경상
2011072900100682,2011년 7월 29일 23시,금요일,인천광역시 부평구 청천동,중상사고,0,1,1,0,차대차 - 측면직각충돌,신호위반,건조,맑음,교차로 - 교차로안,승용,여,27세,상해없음,승용,남,39세,중상
2011072900100683,2011년 7월 29일 23시,금요일,인천광역시 부평구 갈산동,경상사고,0,0,2,0,차대차 - 측면직각충돌,안전운전불이행,건조,맑음,교차로 - 교차로안,승용,남,62세,상해없음,이륜,남,16세,경상
2011073000100021,2011년 7월 30일 00시,토요일,인천광역시 부평구 부평동,중상사고,0,1,0,0,차대사람 - 기타,안전운전불이행,건조,맑음,단일로 - 기타,원동기,남,17세,상해없음,보행자,여,42세,중상
2011073000100022,2011년 7월 30일 00시,토요일,인천광역시 연수구 연수동,경상사고,0,0,1,0,차대사람 - 기타,안전운전불이행,건조,맑음,단일로 - 기타,승용,남,58세,상해없음,보행자,여,28세,경상
2011073000100074,2011년 7월 30일 02시,토요일,인천광역시 남구 관교동,경상사고,0,0,1,0,차대차 - 측면직각충돌,교차로운행방법위반,기타,기타,교차로 - 교차로안,승용,남,56세,상해없음,승용,남,22세,경상
2011073000100088,2011년 7월 30일 03시,토요일,인천광역시 중구 북성동1가,경상사고,0,0,1,0,차대차 - 추돌 - 진행중,안전운전불이행,건조,맑음,단일로 - 기타,기타불명,기타불명,기타불명,기타불명,이륜,남,18세,경상
2011073000100106,2011년 7월 30일 04시,토요일,인천광역시 남구 문학동,중상사고,0,1,0,0,차대차 - 기타,안전운전불이행,건조,맑음,기타 - 기타,승용,남,27세,상해없음,원동기,남,65세,중상
2011073000100107,2011년 7월 30일 04시,토요일,인천광역시 부평구 부평동,경상사고,0,0,1,0,차대차 - 측면직각충돌,안전운전불이행,건조,맑음,교차로 - 교차로안,이륜,남,39세,상해없음,승용,남,55세,경상
2011073000100108,2011년 7월 30일 04시,토요일,인천광역시 부평구,경상사고,0,0,1,0,차대차 - 측면직각충돌,교차로운행방법위반,건조,맑음,단일로 - 기타,승용,남,51세,상해없음,승용,남,43세,경상
2011073000100150,2011년 7월 30일 06시,토요일,인천광역시 남동구 고잔동,중상사고,0,1,0,0,차대사람 - 기타,안전운전불이행,건조,맑음,단일로 - 기타,승용,여,51세,상해없음,보행자,남,42세,중상
2011073000100151,2011년 7월 30일 06시,토요일,인천광역시 남동구 만수동,경상사고,0,0,1,0,차량단독 - 공작물충돌,안전운전불이행,건조,맑음,단일로 - 기타,승용,남,32세,경상,,,,
2011073000100152,2011년 7월 30일 06시,토요일,인천광역시 부평구 부평동,중상사고,0,1,0,0,차대차 - 추돌 - 진행중,안전운전불이행,건조,맑음,단일로 - 기타,승용,남,33세,상해없음,승용,남,53세,중상
2011073000100153,2011년 7월 30일 06시,토요일,인천광역시 남동구 수산동,중상사고,0,1,1,0,차대차 - 추돌 - 진행중,안전운전불이행,건조,흐림,단일로 - 기타,승용,남,65세,상해없음,화물,남,50세,중상
2011073000100171,2011년 7월 30일 07시,토요일,인천광역시 중구 송월동2가,중상사고,0,1,0,0,차대차 - 측면직각충돌,교차로운행방법위반,건조,맑음,교차로 - 교차로안,승용,남,29세,상해없음,화물,남,52세,중상
2011073000100193,2011년 7월 30일 08시,토요일,인천광역시 남동구 간석동,경상사고,0,0,2,0,차대차 - 추돌 - 진행중,안전운전불이행,건조,맑음,단일로 - 기타,승합,남,45세,상해없음,승용,여,24세,경상
2011073000100220,2011년 7월 30일 09시,토요일,인천광역시 계양구 서운동,경상사고,0,0,1,0,차대차 - 추돌 - 진행중,안전운전불이행,건조,맑음,단일로 - 기타,화물,남,63세,상해없음,승용,남,64세,경상
2011073000100314,2011년 7월 30일 12시,토요일,인천광역시 남동구 만수동,경상사고,0,0,1,0,차대차 - 기타,안전운전불이행,건조,맑음,단일로 - 기타,승용,남,36세,상해없음,승용,남,25세,상해없음
2011073000100315,2011년 7월 30일 12시,토요일,인천광역시 서구 왕길동,경상사고,0,0,1,0,차대차 - 기타,안전거리미확보,건조,맑음,교차로 - 교차로부근,승용,여,51세,경상,화물,남,42세,상해없음
2011073000100478,2011년 7월 30일 17시,토요일,인천광역시 중구 을왕동,경상사고,0,0,1,0,차대차 - 측면직각충돌,안전거리미확보,건조,맑음,단일로 - 기타,승용,남,29세,상해없음,이륜,남,30세,경상
2011073000100520,2011년 7월 30일 18시,토요일,인천광역시 계양구 효성동,경상사고,0,0,1,0,차대차 - 추돌 - 진행중,중앙선침범,건조,맑음,단일로 - 기타,승용,여,47세,상해없음,이륜,남,51세,경상
2011073000100553,2011년 7월 30일 19시,토요일,인천광역시 부평구 갈산동,중상사고,0,2,0,0,차대차 - 측면직각충돌,안전운전불이행,건조,맑음,교차로 - 교차로안,승용,남,26세,상해없음,승용,남,62세,상해없음
2011073000100590,2011년 7월 30일 20시,토요일,인천광역시 남구 용현동,경상사고,0,0,1,0,차대사람 - 기타,안전운전불이행,건조,맑음,단일로 - 기타,승용,남,47세,상해없음,보행자,여,53세,경상
2011073000100625,2011년 7월 30일 21시,토요일,인천광역시 남동구 구월동,경상사고,0,0,4,0,차대차 - 측면직각충돌,안전거리미확보,건조,맑음,교차로 - 교차로부근,승합,남,49세,상해없음,승용,남,25세,경상
2011073000100626,2011년 7월 30일 21시,토요일,인천광역시 부평구 부평동,중상사고,0,1,1,0,차대차 - 추돌 - 주정차중,안전운전불이행,건조,맑음,교차로 - 교차로부근,화물,남,20세,상해없음,승용,남,58세,중상
2011073000100627,2011년 7월 30일 21시,토요일,인천광역시 부평구 부개동,중상사고,0,1,0,0,차대차 - 측면직각충돌,보행자보호의무위반,건조,맑음,교차로 - 교차로부근,승용,여,41세,상해없음,자전거,남,75세,중상
2011073000100649,2011년 7월 30일 22시,토요일,인천광역시 중구 운서동,부상신고사고,0,0,0,3,차대차 - 추돌 - 주정차중,안전운전불이행,건조,맑음,단일로 - 기타,승용,남,48세,상해없음,승용,남,29세,부상신고
2011073000100650,2011년 7월 30일 22시,토요일,인천광역시 부평구 부개동,부상신고사고,0,0,0,1,차대차 - 측면직각충돌,안전운전불이행,건조,맑음,교차로 - 교차로안,이륜,남,40세,부상신고,이륜,남,18세,상해없음
2011073000100677,2011년 7월 30일 23시,토요일,인천광역시 남구 학익동,경상사고,0,0,1,0,차대차 - 기타,신호위반,건조,맑음,교차로 - 교차로안,승용,남,44세,상해없음,원동기,남,18세,경상
2011073000100678,2011년 7월 30일 23시,토요일,인천광역시 남동구 만수동,중상사고,0,1,0,0,차대사람 - 보도통행중,보행자보호의무위반,건조,맑음,단일로 - 기타,승용,남,36세,상해없음,보행자,여,24세,중상
2011073100100055,2011년 7월 31일 02시,일요일,인천광역시 서구 연희동,중상사고,0,1,0,0,차량단독 - 전도전복,안전운전불이행,습기,흐림,기타 - 기타,이륜,남,24세,상해없음,,,,
2011073100100078,2011년 7월 31일 04시,일요일,인천광역시 서구 석남동,경상사고,0,0,1,0,차대사람 - 기타,안전운전불이행,건조,맑음,단일로 - 기타,화물,기타불명,기타불명,기타불명,보행자,여,21세,경상
2011073100100105,2011년 7월 31일 06시,일요일,인천광역시 연수구 송도동,경상사고,0,0,2,0,차대차 - 추돌 - 주정차중,중앙선침범,건조,맑음,교차로 - 교차로안,승용,여,42세,상해없음,승용,남,57세,경상
2011073100100134,2011년 7월 31일 08시,일요일,인천광역시 부평구 십정동,경상사고,0,0,3,0,차대차 - 측면직각충돌,안전거리미확보,습기,비,교차로 - 교차로부근,승용,남,22세,상해없음,승용,남,52세,경상
2011073100100135,2011년 7월 31일 08시,일요일,인천광역시 부평구 십정동,경상사고,0,0,1,0,차대차 - 정면충돌,신호위반,습기,비,교차로 - 교차로안,승용,남,51세,상해없음,승용,여,39세,경상
2011073100100136,2011년 7월 31일 08시,일요일,인천광역시 서구 가정동,중상사고,0,1,4,0,차대차 - 추돌 - 주정차중,안전운전불이행,건조,맑음,교차로 - 교차로부근,승용,남,50세,상해없음,승용,남,47세,중상
2011073100100137,2011년 7월 31일 08시,일요일,인천광역시 연수구 선학동,경상사고,0,0,1,0,차대차 - 추돌 - 진행중,안전운전불이행,습기,비,단일로 - 기타,승용,남,44세,상해없음,승용,남,49세,상해없음
2011073100100178,2011년 7월 31일 10시,일요일,인천광역시 중구 북성동1가,경상사고,0,0,1,0,차대차 - 기타,기타,습기,비,단일로 - 기타,승용,남,55세,상해없음,자전거,남,68세,경상
2011073100100179,2011년 7월 31일 10시,일요일,인천광역시 남동구 만수동,중상사고,0,1,0,0,차대사람 - 보도통행중,보행자보호의무위반,습기,비,단일로 - 횡단보도상,승용,남,59세,상해없음,보행자,여,17세,중상
2011073100100233,2011년 7월 31일 12시,일요일,인천광역시 옹진군 영흥면,중상사고,0,2,3,0,차대차 - 측면직각충돌,안전운전불이행,습기,비,교차로 - 교차로안,승용,남,68세,상해없음,승용,여,41세,경상
2011073100100234,2011년 7월 31일 12시,일요일,인천광역시 서구 백석동,중상사고,0,2,0,0,차대차 - 측면직각충돌,안전운전불이행,습기,비,교차로 - 교차로안,승합,남,35세,상해없음,승합,남,43세,상해없음
2011073100100251,2011년 7월 31일 13시,일요일,인천광역시 남동구 만수동,중상사고,0,1,1,0,차대차 - 기타,신호위반,습기,비,교차로 - 교차로부근,화물,남,59세,상해없음,승용,남,43세,경상
2011073100100300,2011년 7월 31일 15시,일요일,인천광역시 서구 심곡동,경상사고,0,0,3,0,차대차 - 추돌 - 진행중,안전운전불이행,습기,비,교차로 - 교차로부근,승용,남,43세,상해없음,승용,남,37세,경상
2011073100100301,2011년 7월 31일 15시,일요일,인천광역시 서구 신현동,중상사고,0,1,0,0,차대사람 - 기타,안전운전불이행,습기,비,단일로 - 기타,이륜,남,31세,상해없음,보행자,여,15세,중상
2011073100100302,2011년 7월 31일 15시,일요일,인천광역시 부평구 부평동,경상사고,0,0,3,0,차대차 - 추돌 - 주정차중,안전운전불이행,습기,비,단일로 - 기타,승용,남,49세,상해없음,승용,남,56세,경상
2011073100100328,2011년 7월 31일 16시,일요일,인천광역시 옹진군 영흥면,중상사고,0,1,2,0,차대차 - 추돌 - 진행중,안전운전불이행,습기,비,단일로 - 기타,화물,남,69세,상해없음,승용,남,38세,상해없음
2011073100100359,2011년 7월 31일 17시,일요일,인천광역시 서구 가좌동,경상사고,0,0,2,0,차대차 - 추돌 - 주정차중,안전거리미확보,건조,흐림,교차로 - 교차로부근,승합,남,50세,상해없음,승용,남,29세,경상
2011073100100467,2011년 7월 31일 21시,일요일,인천광역시 중구 운서동,중상사고,0,1,0,0,차대차 - 측면직각충돌,교차로운행방법위반,습기,비,교차로 - 교차로안,승용,여,33세,상해없음,원동기,남,43세,중상
2011073100100468,2011년 7월 31일 21시,일요일,인천광역시 부평구 삼산동,경상사고,0,0,2,0,차대차 - 추돌 - 주정차중,안전운전불이행,습기,비,교차로 - 교차로부근,승용,남,52세,상해없음,화물,남,48세,경상
2011080100100033,2011년 8월 1일 01시,월요일,인천광역시 남구 학익동,중상사고,0,3,0,0,차대차 - 기타,안전운전불이행,습기,흐림,교차로 - 교차로부근,승용,남,35세,상해없음,승용,남,29세,중상
2011080100100042,2011년 8월 1일 02시,월요일,인천광역시 부평구 일신동,경상사고,0,0,2,0,차대차 - 추돌 - 주정차중,안전운전불이행,습기,비,단일로 - 기타,승용,남,44세,상해없음,승용,남,36세,상해없음
2011080100100056,2011년 8월 1일 03시,월요일,인천광역시 중구 을왕동,중상사고,0,1,0,0,차량단독 - 기타,안전운전불이행,습기,비,교차로 - 교차로부근,승용,남,18세,상해없음,,,,
2011080100100127,2011년 8월 1일 08시,월요일,인천광역시 부평구 부평동,경상사고,0,0,1,0,차대차 - 추돌 - 진행중,안전거리미확보,건조,맑음,단일로 - 기타,승용,여,45세,상해없음,승용,남,29세,상해없음
2011080100100169,2011년 8월 1일 10시,월요일,인천광역시 남동구 서창동,중상사고,0,1,0,0,차대차 - 측면직각충돌,차로위반,건조,맑음,교차로 - 교차로안,화물,남,40세,상해없음,원동기,남,71세,중상
2011080100100272,2011년 8월 1일 13시,월요일,인천광역시 부평구 청천동,경상사고,0,0,1,0,차대차 - 측면직각충돌,안전운전불이행,건조,맑음,교차로 - 교차로부근,승용,남,49세,상해없음,자전거,여,34세,경상
2011080100100273,2011년 8월 1일 13시,월요일,인천광역시 부평구 부평동,중상사고,0,1,0,0,차대차 - 기타,안전거리미확보,습기,비,단일로 - 기타,화물,기타불명,기타불명,기타불명,이륜,남,54세,중상
2011080100100381,2011년 8월 1일 16시,월요일,인천광역시 남구 학익동,경상사고,0,0,1,0,차대차 - 기타,안전거리미확보,건조,맑음,교차로 - 교차로안,승용,여,44세,상해없음,승합,남,52세,상해없음
2011080100100424,2011년 8월 1일 17시,월요일,인천광역시 남동구 만수동,경상사고,0,0,1,0,차대차 - 측면직각충돌,안전거리미확보,건조,맑음,단일로 - 기타,이륜,남,17세,경상,승용,남,56세,상해없음
2011080100100457,2011년 8월 1일 18시,월요일,인천광역시 서구 가좌동,경상사고,0,0,1,0,차대차 - 측면직각충돌,중앙선침범,건조,맑음,교차로 - 교차로부근,승용,남,54세,상해없음,승용,여,56세,경상
2011080100100458,2011년 8월 1일 18시,월요일,인천광역시 계양구 병방동,경상사고,0,0,1,0,차대사람 - 기타,안전운전불이행,건조,맑음,단일로 - 기타,승용,여,28세,상해없음,보행자,남,11세,경상
2011080100100540,2011년 8월 1일 20시,월요일,인천광역시 계양구 계산동,중상사고,0,1,0,0,차대차 - 측면직각충돌,안전운전불이행,건조,맑음,교차로 - 교차로부근,이륜,남,27세,중상,이륜,남,16세,상해없음
2011080100100541,2011년 8월 1일 20시,월요일,인천광역시 부평구 일신동,경상사고,0,0,1,0,차대차 - 측면직각충돌,교차로운행방법위반,건조,맑음,교차로 - 교차로안,승용,남,60세,상해없음,승용,남,53세,경상
2011080100100578,2011년 8월 1일 21시,월요일,인천광역시 옹진군 영흥면,중상사고,0,1,0,0,차대차 - 정면충돌,중앙선침범,건조,맑음,단일로 - 기타,승용,기타불명,기타불명,기타불명,승용,여,44세,중상
2011080100100579,2011년 8월 1일 21시,월요일,인천광역시 연수구 옥련동,경상사고,0,0,1,0,차대사람 - 차도통행중,안전운전불이행,건조,맑음,단일로 - 기타,승용,기타불명,기타불명,기타불명,보행자,남,20세,경상
2011080100100612,2011년 8월 1일 22시,월요일,인천광역시 옹진군 영흥면,경상사고,0,0,1,0,차대차 - 측면직각충돌,안전운전불이행,건조,맑음,교차로 - 교차로안,승합,남,35세,상해없음,승합,여,39세,상해없음