사고번호,사고일시,요일,시군구,사고내용,사망자수,중상자수,경상자수,부상신고자수,사고유형,법규위반,노면상태,기상상태,도로형태,가해운전자 차종,가해운전자 성별,가해운전자 연령,가해운전자 상해정도,피해운전자 차종,피해운전자 성별,피해운전자 연령,피해운전자 상해정도
2011080100100613,2011년 8월 1일 22시,월요일,인천광역시 남구 주안동,경상사고,0,0,1,0,차대차 - 기타,안전운전불이행,건조,맑음,단일로 - 기타,승용,남,31세,상해없음,승용,남,27세,경상
2011080200100037,2011년 8월 2일 01시,화요일,인천광역시 서구 마전동,경상사고,0,0,1,0,차대차 - 측면직각충돌,안전운전불이행,건조,맑음,교차로 - 교차로부근,승용,남,49세,상해없음,승용,남,56세,경상
2011080200100070,2011년 8월 2일 04시,화요일,인천광역시 동구 화수동,중상사고,0,1,0,0,차대차 - 기타,안전운전불이행,건조,맑음,교차로 - 교차로부근,승용,남,56세,상해없음,자전거,남,71세,중상
2011080200100078,2011년 8월 2일 05시,화요일,인천광역시 남구 주안동,중상사고,0,3,2,0,차대차 - 정면충돌,중앙선침범,건조,맑음,단일로 - 기타,승용,남,31세,상해없음,승용,남,43세,중상
2011080200100118,2011년 8월 2일 08시,화요일,인천광역시 서구 가좌동,중상사고,0,1,9,0,차대차 - 기타,안전운전불이행,건조,맑음,교차로 - 교차로안,승합,남,50세,상해없음,화물,남,60세,상해없음
2011080200100156,2011년 8월 2일 10시,화요일,인천광역시 남구 주안동,경상사고,0,0,1,0,차대사람 - 기타,안전운전불이행,건조,맑음,단일로 - 기타,화물,남,38세,상해없음,보행자,남,39세,경상
2011080200100186,2011년 8월 2일 11시,화요일,인천광역시 계양구 병방동,중상사고,0,2,0,0,차대사람 - 기타,보행자보호의무위반,건조,맑음,교차로 - 교차로부근,승용,여,35세,상해없음,보행자,여,47세,중상
2011080200100207,2011년 8월 2일 12시,화요일,인천광역시 부평구 부평동,중상사고,0,1,0,0,차대사람 - 기타,안전운전불이행,건조,흐림,단일로 - 기타,승용,여,35세,상해없음,보행자,여,55세,중상
2011080200100209,2011년 8월 2일 12시,화요일,인천광역시 남동구 간석동,경상사고,0,0,1,0,차대차 - 측면직각충돌,신호위반,건조,맑음,교차로 - 교차로부근,승용,여,39세,상해없음,승용,여,64세,경상
2011080200100269,2011년 8월 2일 14시,화요일,인천광역시 옹진군 영흥면,중상사고,0,2,4,0,차대차 - 추돌 - 주정차중,안전운전불이행,건조,맑음,단일로 - 교량,승용,남,38세,상해없음,승용,남,35세,중상
2011080200100270,2011년 8월 2일 14시,화요일,인천광역시 연수구,중상사고,0,1,0,0,차대차 - 추돌 - 진행중,안전거리미확보,건조,맑음,단일로 - 기타,승용,남,59세,상해없음,이륜,남,45세,중상
2011080200100334,2011년 8월 2일 16시,화요일,인천광역시 부평구 부개동,중상사고,0,1,0,0,차대차 - 측면직각충돌,신호위반,건조,맑음,교차로 - 교차로안,승용,남,32세,상해없음,자전거,남,13세,중상
2011080200100372,2011년 8월 2일 17시,화요일,인천광역시 계양구 박촌동,경상사고,0,0,2,0,차대차 - 측면직각충돌,중앙선침범,습기,흐림,교차로 - 교차로부근,승용,여,36세,상해없음,승용,남,29세,경상
2011080200100373,2011년 8월 2일 17시,화요일,인천광역시 연수구 송도동,경상사고,0,0,1,0,차대차 - 측면직각충돌,교차로운행방법위반,건조,맑음,교차로 - 교차로안,승용,남,27세,상해없음,승용,여,39세,경상
2011080200100374,2011년 8월 2일 17시,화요일,인천광역시 부평구,경상사고,0,0,1,0,차대사람 - 기타,안전운전불이행,건조,맑음,단일로 - 기타,승용,남,39세,상해없음,보행자,여,77세,경상
2011080200100406,2011년 8월 2일 18시,화요일,인천광역시 남구 숭의동,경상사고,0,0,2,0,차대차 - 추돌 - 진행중,차로위반,건조,맑음,교차로 - 교차로안,승용,남,42세,경상,승용,여,48세,경상
2011080200100438,2011년 8월 2일 19시,화요일,인천광역시 남동구 서창동,경상사고,0,0,1,0,차대사람 - 차도통행중,안전운전불이행,건조,맑음,단일로 - 기타,승용,남,55세,상해없음,보행자,남,29세,경상
2011080200100439,2011년 8월 2일 19시,화요일,인천광역시 부평구 부개동,경상사고,0,0,2,0,차대차 - 측면직각충돌,신호위반,건조,맑음,교차로 - 교차로부근,승용,남,40세,상해없음,승용,남,41세,상해없음
2011080200100473,2011년 8월 2일 20시,화요일,인천광역시 서구 가좌동,경상사고,0,0,1,0,차대차 - 측면직각충돌,교차로운행방법위반,건조,맑음,기타 - 기타,승용,남,55세,상해없음,승용,남,33세,상해없음
2011080200100498,2011년 8월 2일 21시,화요일,인천광역시 계양구 계산동,중상사고,0,1,1,0,차대차 - 추돌 - 주정차중,차로위반,건조,맑음,단일로 - 기타,승용,남,65세,상해없음,승합,남,40세,중상
2011080200100499,2011년 8월 2일 21시,화요일,인천광역시 부평구 삼산동,경상사고,0,0,2,0,차대차 - 측면직각충돌,신호위반,건조,맑음,교차로 - 교차로안,이륜,남,18세,상해없음,승용,남,42세,경상
2011080200100534,2011년 8월 2일 22시,화요일,인천광역시 부평구 청천동,중상사고,0,1,0,0,차대차 - 측면직각충돌,안전운전불이행,건조,흐림,단일로 - 기타,승용,남,59세,상해없음,승용,남,57세,상해없음
2011080200100535,2011년 8월 2일 22시,화요일,인천광역시 남동구 논현동,중상사고,0,1,0,0,차대사람 - 횡단중,보행자보호의무위반,건조,맑음,단일로 - 횡단보도상,승용,남,25세,상해없음,보행자,여,3세,중상
2011080200100536,2011년 8월 2일 22시,화요일,인천광역시 계양구 작전동,중상사고,0,1,0,0,차대사람 - 횡단중,보행자보호의무위반,습기,흐림,단일로 - 횡단보도상,기타불명,기타불명,기타불명,기타불명,보행자,여,32세,중상
2011080200100566,2011년 8월 2일 23시,화요일,인천광역시 중구 북성동1가,중상사고,0,1,0,0,차대사람 - 기타,안전운전불이행,습기,흐림,교차로 - 교차로부근,승용,남,40세,상해없음,보행자,남,33세,중상
2011080200100567,2011년 8월 2일 23시,화요일,인천광역시 부평구 청천동,경상사고,0,0,2,0,차대차 - 추돌 - 진행중,안전운전불이행,건조,흐림,교차로 - 교차로부근,승용,여,48세,상해없음,승용,남,38세,경상
2011080300100039,2011년 8월 3일 01시,수요일,인천광역시 서구 석남동,중상사고,0,1,0,0,차대사람 - 기타,안전운전불이행,건조,맑음,교차로 - 교차로부근,화물,남,56세,상해없음,보행자,여,44세,중상
2011080300100078,2011년 8월 3일 05시,수요일,인천광역시 연수구 선학동,경상사고,0,0,1,0,차대차 - 정면충돌,안전거리미확보,건조,맑음,단일로 - 기타,이륜,남,14세,상해없음,승용,남,39세,경상
2011080300100092,2011년 8월 3일 06시,수요일,인천광역시 서구 석남동,경상사고,0,0,2,0,차대차 - 추돌 - 진행중,안전운전불이행,건조,맑음,교차로 - 교차로부근,승용,남,33세,상해없음,화물,남,39세,경상
2011080300100111,2011년 8월 3일 07시,수요일,인천광역시 남동구 고잔동,경상사고,0,0,1,0,차대차 - 추돌 - 주정차중,안전운전불이행,건조,맑음,단일로 - 기타,화물,남,42세,상해없음,승용,남,39세,경상
2011080300100130,2011년 8월 3일 08시,수요일,인천광역시 부평구 청천동,중상사고,0,1,0,0,차대차 - 기타,안전운전불이행,건조,맑음,단일로 - 기타,승용,남,40세,상해없음,승합,남,48세,상해없음
2011080300100131,2011년 8월 3일 08시,수요일,인천광역시 남동구 남촌동,경상사고,0,0,1,0,차대차 - 측면직각충돌,안전거리미확보,건조,맑음,단일로 - 기타,기타불명,기타불명,기타불명,기타불명,승용,여,57세,상해없음
2011080300100265,2011년 8월 3일 13시,수요일,인천광역시 서구 원당동,중상사고,0,1,0,0,차대사람 - 횡단중,보행자보호의무위반,습기,비,단일로 - 교량,승용,여,41세,상해없음,보행자,여,43세,중상
2011080300100266,2011년 8월 3일 13시,수요일,인천광역시 강화군 길상면,경상사고,0,0,1,0,차대사람 - 횡단중,안전운전불이행,건조,맑음,단일로 - 기타,승용,기타불명,기타불명,기타불명,보행자,남,55세,경상
2011080300100296,2011년 8월 3일 14시,수요일,인천광역시 부평구 십정동,경상사고,0,0,1,0,차대사람 - 길가장자리구역통행중,안전운전불이행,건조,맑음,기타 - 기타,자전거,기타불명,기타불명,기타불명,보행자,남,8세,경상
2011080300100443,2011년 8월 3일 18시,수요일,인천광역시 연수구 동춘동,경상사고,0,0,1,0,차대사람 - 보도통행중,보행자보호의무위반,건조,맑음,기타 - 기타,승용,남,31세,상해없음,보행자,남,40세,경상
2011080300100475,2011년 8월 3일 19시,수요일,인천광역시 남구 주안동,경상사고,0,0,1,0,차대사람 - 기타,안전운전불이행,건조,맑음,기타 - 기타,승합,남,57세,상해없음,보행자,남,36세,경상
2011080300100533,2011년 8월 3일 21시,수요일,인천광역시 부평구 십정동,경상사고,0,0,1,0,차대차 - 추돌 - 주정차중,안전운전불이행,건조,맑음,교차로 - 교차로부근,승용,남,55세,상해없음,승용,남,49세,경상
2011080300100534,2011년 8월 3일 21시,수요일,인천광역시 남동구 구월동,경상사고,0,0,1,0,차대차 - 추돌 - 주정차중,안전운전불이행,건조,맑음,단일로 - 기타,승용,남,29세,상해없음,승용,남,55세,상해없음
2011080300100535,2011년 8월 3일 21시,수요일,인천광역시 계양구 작전동,경상사고,0,0,1,0,차대차 - 추돌 - 주정차중,안전운전불이행,건조,맑음,단일로 - 기타,승용,남,46세,상해없음,승용,남,59세,경상
2011080300100572,2011년 8월 3일 22시,수요일,인천광역시 남구 주안동,경상사고,0,0,1,0,차대사람 - 기타,안전운전불이행,습기,비,단일로 - 기타,승용,남,59세,상해없음,보행자,남,57세,경상
2011080300100573,2011년 8월 3일 22시,수요일,인천광역시 연수구 동춘동,경상사고,0,0,2,0,차대차 - 측면직각충돌,안전운전불이행,건조,맑음,교차로 - 교차로안,기타불명,기타불명,기타불명,기타불명,승용,여,41세,경상
2011080300100606,2011년 8월 3일 23시,수요일,인천광역시 남동구 구월동,경상사고,0,0,2,0,차대차 - 측면직각충돌,교차로운행방법위반,건조,맑음,교차로 - 교차로안,승용,여,44세,경상,승용,남,25세,경상
2011080300100607,2011년 8월 3일 23시,수요일,인천광역시 부평구 부평동,중상사고,0,1,0,0,차대사람 - 횡단중,신호위반,습기,비,단일로 - 횡단보도상,화물,남,34세,상해없음,보행자,여,37세,중상
2011080400100025,2011년 8월 4일 00시,목요일,인천광역시 남구 주안동,경상사고,0,0,5,0,차대차 - 추돌 - 주정차중,안전운전불이행,건조,맑음,단일로 - 기타,승용,남,25세,상해없음,승용,남,18세,경상
2011080400100026,2011년 8월 4일 00시,목요일,인천광역시 남동구 도림동,중상사고,0,1,1,0,차대차 - 측면직각충돌,신호위반,습기,비,교차로 - 교차로안,승용,남,25세,상해없음,승용,남,41세,경상
2011080400100040,2011년 8월 4일 01시,목요일,인천광역시 남동구 구월동,경상사고,0,0,1,0,차대차 - 측면직각충돌,안전거리미확보,습기,맑음,단일로 - 기타,승용,남,30세,상해없음,이륜,남,62세,경상
2011080400100070,2011년 8월 4일 04시,목요일,인천광역시 서구 가좌동,중상사고,0,1,0,0,차대차 - 추돌 - 진행중,안전운전불이행,건조,맑음,교차로 - 교차로부근,승용,여,32세,상해없음,승용,남,52세,중상
2011080400100087,2011년 8월 4일 06시,목요일,인천광역시 남구 숭의동,경상사고,0,0,1,0,차대차 - 기타,안전운전불이행,건조,맑음,교차로 - 교차로안,화물,여,45세,상해없음,자전거,남,65세,경상
2011080400100088,2011년 8월 4일 06시,목요일,인천광역시 부평구 부평동,중상사고,0,1,0,0,차대차 - 측면직각충돌,안전운전불이행,건조,맑음,단일로 - 기타,승합,남,61세,상해없음,자전거,남,68세,중상
2011080400100111,2011년 8월 4일 07시,목요일,인천광역시 남동구 구월동,중상사고,0,1,0,0,차대차 - 측면직각충돌,안전운전불이행,습기,비,교차로 - 교차로안,승용,여,42세,상해없음,자전거,남,57세,중상
2011080400100112,2011년 8월 4일 07시,목요일,인천광역시 계양구 장기동,경상사고,0,0,1,0,차대차 - 추돌 - 주정차중,안전운전불이행,건조,맑음,단일로 - 기타,승용,남,51세,상해없음,화물,남,42세,경상
2011080400100142,2011년 8월 4일 08시,목요일,인천광역시 계양구 계산동,중상사고,0,1,0,0,차대차 - 기타,안전운전불이행,습기,비,교차로 - 교차로부근,승용,남,63세,상해없음,승용,남,51세,중상
2011080400100143,2011년 8월 4일 08시,목요일,인천광역시 부평구 부평동,중상사고,0,1,0,0,차대차 - 측면직각충돌,안전운전불이행,습기,비,교차로 - 교차로안,승용,남,30세,상해없음,승용,남,29세,중상
2011080400100172,2011년 8월 4일 09시,목요일,인천광역시 남구 주안동,경상사고,0,0,1,0,차대차 - 기타,신호위반,습기,비,교차로 - 교차로안,승합,남,42세,상해없음,승용,남,41세,경상
2011080400100201,2011년 8월 4일 10시,목요일,인천광역시 동구 송현동,중상사고,0,1,0,0,차대사람 - 보도통행중,보행자보호의무위반,습기,비,단일로 - 횡단보도상,화물,남,32세,상해없음,보행자,여,53세,중상
2011080400100202,2011년 8월 4일 10시,목요일,인천광역시 남동구 구월동,경상사고,0,0,2,0,차대차 - 추돌 - 주정차중,안전운전불이행,건조,맑음,단일로 - 기타,승용,남,45세,상해없음,승용,여,32세,경상
2011080400100315,2011년 8월 4일 14시,목요일,인천광역시 중구 북성동1가,경상사고,0,0,1,0,차대차 - 기타,교차로운행방법위반,습기,흐림,교차로 - 교차로안,승합,남,30세,상해없음,승용,여,53세,경상
2011080400100417,2011년 8월 4일 17시,목요일,인천광역시 남동구 구월동,중상사고,0,1,0,0,차대차 - 측면직각충돌,신호위반,건조,맑음,교차로 - 교차로안,기타불명,기타불명,기타불명,기타불명,승용,남,29세,중상
2011080400100517,2011년 8월 4일 20시,목요일,인천광역시 남동구 만수동,경상사고,0,0,1,0,차대사람 - 기타,안전운전불이행,건조,맑음,단일로 - 기타,기타불명,기타불명,기타불명,기타불명,보행자,여,32세,경상
2011080400100536,2011년 8월 4일 21시,목요일,인천광역시 중구 신포동,경상사고,0,0,1,0,차대차 - 측면직각충돌,교차로운행방법위반,습기,흐림,단일로 - 기타,승용,남,33세,상해없음,승용,남,38세,경상
2011080400100537,2011년 8월 4일 21시,목요일,인천광역시 부평구 청천동,경상사고,0,0,1,0,차대사람 - 횡단중,신호위반,건조,맑음,단일로 - 기타,승용,남,33세,상해없음,보행자,여,30세,경상
2011080400100568,2011년 8월 4일 22시,목요일,인천광역시 남구 학익동,경상사고,0,0,1,0,차대차 - 추돌 - 진행중,안전운전불이행,건조,맑음,교차로 - 교차로부근,승용,남,33세,상해없음,승용,여,32세,경상
2011080400100569,2011년 8월 4일 22시,목요일,인천광역시 남동구 구월동,중상사고,0,1,3,0,차대차 - 추돌 - 주정차중,안전운전불이행,건조,맑음,단일로 - 기타,승용,남,26세,상해없음,승용,남,51세,중상
2011080400100570,2011년 8월 4일 22시,목요일,인천광역시 서구 연희동,경상사고,0,0,1,0,차대사람 - 보도통행중,안전운전불이행,건조,기타,단일로 - 교량,승용,남,42세,상해없음,보행자,남,46세,경상
2011080400100571,2011년 8월 4일 22시,목요일,인천광역시 계양구 계산동,중상사고,0,1,0,0,차대차 - 추돌 - 주정차중,안전운전불이행,건조,맑음,교차로 - 교차로부근,승용,남,30세,상해없음,승용,남,45세,중상
2011080400100572,2011년 8월 4일 22시,목요일,인천광역시 연수구 선학동,경상사고,0,0,3,0,차대차 - 추돌 - 진행중,안전운전불이행,건조,맑음,단일로 - 기타,승용,남,36세,상해없음,승용,남,30세,경상
2011080500100020,2011년 8월 5일 00시,금요일,인천광역시 동구 화평동,경상사고,0,0,3,0,차대차 - 기타,교차로운행방법위반,건조,맑음,교차로 - 교차로안,승용,남,64세,경상,승용,남,57세,경상
2011080500100021,2011년 8월 5일 00시,금요일,인천광역시 서구 석남동,경상사고,0,0,2,0,차대차 - 추돌 - 주정차중,안전운전불이행,건조,맑음,교차로 - 교차로부근,승용,남,35세,상해없음,승용,남,51세,상해없음
2011080500100022,2011년 8월 5일 00시,금요일,인천광역시 계양구 동양동,중상사고,0,1,0,0,차대차 - 측면직각충돌,교차로운행방법위반,건조,맑음,교차로 - 교차로안,승합,남,39세,상해없음,자전거,남,16세,중상
2011080500100049,2011년 8월 5일 02시,금요일,인천광역시 남구 학익동,경상사고,0,0,2,0,차대차 - 추돌 - 진행중,안전운전불이행,건조,맑음,교차로 - 교차로부근,승용,남,42세,상해없음,승용,여,50세,경상
2011080500100050,2011년 8월 5일 02시,금요일,인천광역시 남구 도화동,중상사고,0,1,0,0,차대차 - 측면직각충돌,신호위반,건조,맑음,교차로 - 교차로안,승용,남,25세,상해없음,승용,남,54세,중상
2011080500100071,2011년 8월 5일 04시,금요일,인천광역시 중구 을왕동,경상사고,0,0,1,0,차대사람 - 기타,안전운전불이행,건조,흐림,단일로 - 기타,승용,남,16세,상해없음,보행자,남,23세,경상
2011080500100072,2011년 8월 5일 04시,금요일,인천광역시 부평구 부평동,중상사고,0,1,0,0,차대차 - 측면직각충돌,안전운전불이행,건조,맑음,단일로 - 기타,이륜,남,16세,중상,승용,남,48세,상해없음
2011080500100172,2011년 8월 5일 09시,금요일,인천광역시 동구 화평동,중상사고,0,1,0,0,차대사람 - 차도통행중,안전운전불이행,건조,맑음,교차로 - 교차로부근,화물,남,29세,상해없음,보행자,여,75세,중상
2011080500100173,2011년 8월 5일 09시,금요일,인천광역시 남구 학익동,경상사고,0,0,1,0,차대차 - 기타,안전운전불이행,건조,맑음,단일로 - 기타,기타불명,기타불명,기타불명,기타불명,승합,남,33세,상해없음
2011080500100174,2011년 8월 5일 09시,금요일,인천광역시 남동구 구월동,중상사고,0,1,0,0,차대사람 - 기타,보행자보호의무위반,건조,맑음,단일로 - 횡단보도상,승용,남,54세,상해없음,보행자,여,34세,중상
2011080500100175,2011년 8월 5일 09시,금요일,인천광역시 부평구 부평동,중상사고,0,1,0,0,차대사람 - 횡단중,안전운전불이행,건조,맑음,단일로 - 기타,승용,여,41세,상해없음,보행자,남,44세,중상
2011080500100232,2011년 8월 5일 11시,금요일,인천광역시 계양구 임학동,경상사고,0,0,2,0,차대차 - 추돌 - 진행중,안전운전불이행,건조,맑음,단일로 - 터널,화물,여,50세,상해없음,승용,남,63세,경상
2011080500100233,2011년 8월 5일 11시,금요일,인천광역시 강화군 강화읍,경상사고,0,0,3,0,차대차 - 추돌 - 진행중,안전운전불이행,건조,맑음,단일로 - 기타,승용,남,47세,기타불명,승용,남,44세,경상
2011080500100265,2011년 8월 5일 12시,금요일,인천광역시 부평구 산곡동,경상사고,0,0,2,0,차대차 - 측면직각충돌,신호위반,건조,맑음,교차로 - 교차로안,승용,남,61세,상해없음,승용,남,68세,경상
2011080500100266,2011년 8월 5일 12시,금요일,인천광역시 남동구 구월동,경상사고,0,0,1,0,차대차 - 기타,불법유턴,건조,맑음,교차로 - 교차로안,승용,남,23세,상해없음,승합,남,29세,경상
2011080500100286,2011년 8월 5일 13시,금요일,인천광역시 옹진군 백령면,경상사고,0,0,1,0,차대사람 - 기타,안전운전불이행,건조,맑음,기타 - 기타,승용,남,40세,상해없음,보행자,여,81세,경상
2011080500100287,2011년 8월 5일 13시,금요일,인천광역시 부평구 청천동,중상사고,0,2,0,0,차대차 - 측면직각충돌,신호위반,건조,맑음,교차로 - 교차로안,승용,여,45세,상해없음,승용,남,52세,중상
2011080500100288,2011년 8월 5일 13시,금요일,인천광역시 남동구 간석동,중상사고,0,1,0,0,차량단독 - 기타,안전운전불이행,건조,맑음,교차로 - 교차로부근,승합,남,42세,상해없음,,,,
2011080500100312,2011년 8월 5일 14시,금요일,인천광역시 중구 신흥동2가,중상사고,0,2,1,1,차대차 - 측면직각충돌,신호위반,건조,맑음,교차로 - 교차로안,승용,남,56세,상해없음,승용,남,56세,중상
2011080500100313,2011년 8월 5일 14시,금요일,인천광역시 남동구 구월동,중상사고,0,1,0,0,차대차 - 측면직각충돌,신호위반,건조,맑음,교차로 - 교차로안,승용,남,66세,상해없음,이륜,남,36세,중상
2011080500100344,2011년 8월 5일 15시,금요일,인천광역시 중구 운서동,경상사고,0,0,2,0,차대차 - 기타,안전운전불이행,건조,맑음,교차로 - 교차로부근,화물,남,41세,상해없음,승용,남,36세,경상
2011080500100345,2011년 8월 5일 15시,금요일,인천광역시 남동구 구월동,경상사고,0,0,2,0,차대차 - 기타,안전운전불이행,건조,맑음,교차로 - 교차로부근,승용,남,73세,상해없음,승용,남,43세,경상
2011080500100385,2011년 8월 5일 16시,금요일,인천광역시 남동구 간석동,경상사고,0,0,1,0,차대사람 - 횡단중,신호위반,건조,맑음,단일로 - 횡단보도상,원동기,남,30세,상해없음,보행자,여,40세,경상
2011080500100465,2011년 8월 5일 18시,금요일,인천광역시 서구 경서동,경상사고,0,0,1,0,차대차 - 추돌 - 진행중,안전운전불이행,건조,맑음,단일로 - 기타,승용,남,32세,상해없음,승용,남,48세,경상
2011080500100466,2011년 8월 5일 18시,금요일,인천광역시 연수구 송도동,경상사고,0,0,4,0,차대차 - 정면충돌,교차로운행방법위반,건조,맑음,교차로 - 교차로안,승용,여,39세,경상,화물,남,68세,경상
2011080500100534,2011년 8월 5일 20시,금요일,인천광역시 남구 용현동,중상사고,0,2,0,0,차대차 - 추돌 - 주정차중,안전운전불이행,건조,맑음,단일로 - 횡단보도부근,승합,남,42세,상해없음,승합,남,55세,중상
2011080500100595,2011년 8월 5일 22시,금요일,인천광역시 중구 항동7가,중상사고,0,1,0,0,차대사람 - 횡단중,보행자보호의무위반,건조,맑음,단일로 - 횡단보도상,승합,남,56세,상해없음,보행자,남,8세,중상
2011080500100596,2011년 8월 5일 22시,금요일,인천광역시 남구 문학동,경상사고,0,0,1,0,차대사람 - 기타,안전운전불이행,건조,맑음,단일로 - 기타,승용,여,44세,상해없음,보행자,여,33세,경상
2011080500100627,2011년 8월 5일 23시,금요일,인천광역시 부평구 십정동,경상사고,0,0,2,0,차대차 - 정면충돌,안전운전불이행,건조,맑음,교차로 - 교차로부근,승용,남,42세,상해없음,승용,여,41세,경상
2011080600100024,2011년 8월 6일 00시,토요일,인천광역시 남동구 구월동,경상사고,0,0,2,0,차대차 - 정면충돌,안전운전불이행,습기,흐림,교차로 - 교차로부근,승용,남,52세,상해없음,승용,남,54세,경상
2011080600100025,2011년 8월 6일 00시,토요일,인천광역시 남동구 장수동,경상사고,0,0,1,0,차대차 - 추돌 - 진행중,안전운전불이행,건조,맑음,단일로 - 기타,승용,남,39세,상해없음,화물,남,31세,경상
2011080600100026,2011년 8월 6일 00시,토요일,인천광역시 남동구 고잔동,경상사고,0,0,1,0,차대차 - 측면직각충돌,신호위반,습기,비,교차로 - 교차로안,승용,남,35세,상해없음,승용,남,32세,경상
2011080600100027,2011년 8월 6일 00시,토요일,인천광역시 서구 가정동,중상사고,0,3,1,0,차대차 - 추돌 - 진행중,안전운전불이행,건조,맑음,단일로 - 기타,승용,남,30세,상해없음,승용,남,36세,중상
2011080600100028,2011년 8월 6일 00시,토요일,인천광역시 계양구 계산동,중상사고,0,1,1,0,차대차 - 측면직각충돌,신호위반,건조,맑음,교차로 - 교차로안,승용,남,29세,상해없음,승용,남,52세,중상
2011080600100029,2011년 8월 6일 00시,토요일,인천광역시 계양구 계산동,중상사고,0,2,0,0,차대차 - 측면직각충돌,신호위반,건조,맑음,교차로 - 교차로안,승합,남,32세,상해없음,승용,남,59세,중상
2011080600100030,2011년 8월 6일 00시,토요일,인천광역시 부평구 갈산동,중상사고,0,1,0,0,차대사람 - 횡단중,안전운전불이행,건조,맑음,단일로 - 횡단보도상,승용,기타불명,기타불명,기타불명,보행자,남,47세,중상
2011080600100045,2011년 8월 6일 01시,토요일,인천광역시 부평구,사망사고,1,0,0,0,차대사람 - 횡단중,안전운전불이행,건조,맑음,단일로 - 기타,승용,남,57세,상해없음,보행자,여,31세,사망
2011080600100058,2011년 8월 6일 02시,토요일,인천광역시 중구 북성동1가,경상사고,0,0,4,0,차대차 - 측면직각충돌,안전운전불이행,습기,흐림,교차로 - 교차로안,승용,남,24세,상해없음,승용,남,64세,경상
2011080600100082,2011년 8월 6일 04시,토요일,인천광역시 서구 가좌동,경상사고,0,0,1,0,차대차 - 기타,중앙선침범,건조,맑음,교차로 - 교차로안,이륜,남,14세,상해없음,승용,남,24세,경상
2011080600100083,2011년 8월 6일 04시,토요일,인천광역시 부평구 부평동,중상사고,0,2,0,0,차대차 - 측면직각충돌,중앙선침범,건조,맑음,단일로 - 기타,승용,남,67세,상해없음,승용,남,26세,중상
2011080600100100,2011년 8월 6일 05시,토요일,인천광역시 계양구 작전동,경상사고,0,0,3,0,차대차 - 측면직각충돌,안전운전불이행,건조,맑음,단일로 - 기타,승용,남,31세,상해없음,승용,남,32세,경상
2011080600100178,2011년 8월 6일 09시,토요일,인천광역시 남동구 구월동,경상사고,0,0,1,0,차대차 - 추돌 - 주정차중,안전운전불이행,건조,맑음,단일로 - 기타,승용,남,70세,기타불명,화물,남,60세,경상
2011080600100179,2011년 8월 6일 09시,토요일,인천광역시 연수구 선학동,부상신고사고,0,0,0,1,차대사람 - 기타,안전운전불이행,건조,맑음,단일로 - 기타,승용,기타불명,기타불명,기타불명,보행자,남,42세,부상신고
2011080600100208,2011년 8월 6일 10시,토요일,인천광역시 남구 주안동,경상사고,0,0,1,0,차대차 - 기타,안전운전불이행,건조,맑음,기타 - 기타,승용,남,74세,상해없음,승용,남,43세,경상
2011080600100209,2011년 8월 6일 10시,토요일,인천광역시 남구 용현동,경상사고,0,0,1,0,차대차 - 측면직각충돌,직진우회전진행방해,건조,맑음,교차로 - 교차로안,승용,남,31세,상해없음,승용,남,36세,경상
2011080600100233,2011년 8월 6일 11시,토요일,인천광역시 남구 주안동,중상사고,0,5,2,1,차대차 - 기타,신호위반,건조,맑음,교차로 - 교차로부근,승용,남,30세,상해없음,승용,남,31세,중상
2011080600100263,2011년 8월 6일 12시,토요일,인천광역시 동구 송림동,중상사고,0,1,0,0,차대차 - 측면직각충돌,교차로운행방법위반,건조,맑음,교차로 - 교차로안,화물,남,40세,상해없음,원동기,남,55세,중상
2011080600100264,2011년 8월 6일 12시,토요일,인천광역시 부평구 부평동,경상사고,0,0,1,0,차대차 - 측면직각충돌,안전운전불이행,건조,맑음,교차로 - 교차로안,승용,남,51세,상해없음,자전거,남,6세,경상
2011080600100265,2011년 8월 6일 12시,토요일,인천광역시 연수구,부상신고사고,0,0,0,1,차대차 - 측면직각충돌,중앙선침범,건조,맑음,기타 - 기타,승용,남,37세,상해없음,이륜,남,22세,부상신고
2011080600100289,2011년 8월 6일 13시,토요일,인천광역시 옹진군 북도면,경상사고,0,0,1,0,차대차 - 정면충돌,중앙선침범,건조,맑음,교차로 - 교차로부근,원동기,남,15세,상해없음,자전거,여,25세,경상
2011080600100290,2011년 8월 6일 13시,토요일,인천광역시 남동구 간석동,경상사고,0,0,5,0,차대차 - 측면직각충돌,안전운전불이행,건조,맑음,교차로 - 교차로부근,승용,남,48세,상해없음,승용,여,28세,경상
2011080600100315,2011년 8월 6일 14시,토요일,인천광역시 남구 용현동,경상사고,0,0,1,0,차대사람 - 기타,안전운전불이행,건조,맑음,교차로 - 교차로부근,승용,남,38세,상해없음,보행자,남,32세,경상
2011080600100316,2011년 8월 6일 14시,토요일,인천광역시 서구 가좌동,경상사고,0,0,1,0,차대차 - 측면직각충돌,교차로운행방법위반,습기,흐림,교차로 - 교차로안,이륜,남,54세,상해없음,원동기,남,18세,경상
2011080600100317,2011년 8월 6일 14시,토요일,인천광역시 연수구 송도동,경상사고,0,0,1,0,차대차 - 기타,안전운전불이행,건조,맑음,기타 - 기타,승합,남,50세,기타불명,승용,남,33세,경상
2011080600100347,2011년 8월 6일 15시,토요일,인천광역시 중구 인현동,중상사고,0,2,2,0,차대차 - 추돌 - 주정차중,안전운전불이행,습기,맑음,교차로 - 교차로부근,승합,남,55세,상해없음,승용,남,21세,중상