사고번호,사고일시,요일,시군구,사고내용,사망자수,중상자수,경상자수,부상신고자수,사고유형,법규위반,노면상태,기상상태,도로형태,가해운전자 차종,가해운전자 성별,가해운전자 연령,가해운전자 상해정도,피해운전자 차종,피해운전자 성별,피해운전자 연령,피해운전자 상해정도
2011080600100348,2011년 8월 6일 15시,토요일,인천광역시 남구 학익동,중상사고,0,2,2,0,차대차 - 추돌 - 진행중,안전운전불이행,습기,비,교차로 - 교차로부근,승합,남,38세,상해없음,승용,여,55세,경상
2011080600100349,2011년 8월 6일 15시,토요일,인천광역시 부평구 부평동,경상사고,0,0,1,0,차대차 - 추돌 - 진행중,안전운전불이행,습기,비,단일로 - 기타,화물,여,45세,상해없음,이륜,남,24세,경상
2011080600100350,2011년 8월 6일 15시,토요일,인천광역시 남동구 장수동,경상사고,0,0,1,0,차대차 - 측면직각충돌,안전운전불이행,습기,비,교차로 - 교차로안,화물,남,50세,상해없음,이륜,남,54세,경상
2011080600100351,2011년 8월 6일 15시,토요일,인천광역시 남동구 논현동,경상사고,0,0,1,0,차대차 - 추돌 - 주정차중,안전운전불이행,건조,맑음,단일로 - 기타,승용,여,30세,기타불명,승용,남,32세,상해없음
2011080600100352,2011년 8월 6일 15시,토요일,인천광역시 계양구 병방동,경상사고,0,0,1,0,차대사람 - 기타,안전운전불이행,습기,비,단일로 - 기타,승용,남,45세,상해없음,보행자,남,24세,경상
2011080600100353,2011년 8월 6일 15시,토요일,인천광역시 강화군 양사면,부상신고사고,0,0,0,1,차대사람 - 기타,안전운전불이행,건조,맑음,기타 - 기타,화물,남,45세,상해없음,보행자,남,33세,부상신고
2011080600100436,2011년 8월 6일 17시,토요일,인천광역시 남동구 구월동,중상사고,0,1,1,0,차대차 - 기타,신호위반,건조,맑음,교차로 - 교차로안,원동기,남,16세,경상,승용,남,55세,중상
2011080600100469,2011년 8월 6일 18시,토요일,인천광역시 남구 용현동,경상사고,0,0,2,0,차대차 - 기타,안전운전불이행,건조,맑음,교차로 - 교차로안,승용,남,20세,상해없음,승용,여,45세,경상
2011080600100487,2011년 8월 6일 19시,토요일,인천광역시 서구 마전동,부상신고사고,0,0,0,1,차대사람 - 보도통행중,보행자보호의무위반,건조,맑음,기타 - 기타,기타불명,기타불명,기타불명,기타불명,보행자,남,4세,부상신고
2011080600100488,2011년 8월 6일 19시,토요일,인천광역시 계양구 작전동,부상신고사고,0,0,0,1,차량단독 - 기타,기타,습기,비,단일로 - 기타,승합,남,50세,상해없음,,,,
2011080600100556,2011년 8월 6일 21시,토요일,인천광역시 연수구 선학동,경상사고,0,0,1,0,차대사람 - 차도통행중,불법유턴,건조,맑음,기타 - 기타,승용,남,61세,상해없음,보행자,남,25세,경상
2011080600100571,2011년 8월 6일 22시,토요일,인천광역시 연수구 선학동,경상사고,0,0,2,0,차대차 - 측면직각충돌,교차로운행방법위반,건조,맑음,교차로 - 교차로안,승용,여,58세,상해없음,승용,남,30세,경상
2011080700100014,2011년 8월 7일 00시,일요일,인천광역시 남동구 구월동,경상사고,0,0,1,0,차대사람 - 차도통행중,안전운전불이행,건조,맑음,단일로 - 기타,승용,여,48세,상해없음,보행자,남,27세,경상
2011080700100081,2011년 8월 7일 05시,일요일,인천광역시 부평구 갈산동,중상사고,0,2,0,0,차대차 - 측면직각충돌,신호위반,건조,맑음,교차로 - 교차로안,승용,남,42세,상해없음,승용,남,59세,중상
2011080700100106,2011년 8월 7일 07시,일요일,인천광역시 남구 관교동,중상사고,0,1,4,0,차대차 - 정면충돌,중앙선침범,건조,맑음,교차로 - 교차로부근,승용,남,37세,상해없음,승용,여,48세,경상
2011080700100107,2011년 8월 7일 07시,일요일,인천광역시 남동구 논현동,중상사고,0,1,0,0,차대차 - 기타,안전운전불이행,건조,흐림,교차로 - 교차로안,승용,남,51세,상해없음,자전거,남,29세,중상
2011080700100117,2011년 8월 7일 08시,일요일,인천광역시 남구 도화동,사망사고,1,0,0,0,차대사람 - 기타,안전운전불이행,건조,맑음,단일로 - 기타,승용,남,26세,상해없음,보행자,여,69세,사망
2011080700100135,2011년 8월 7일 09시,일요일,인천광역시 남동구 고잔동,중상사고,0,4,3,0,차대차 - 측면직각충돌,신호위반,건조,맑음,교차로 - 교차로안,승용,남,45세,경상,승용,남,42세,중상
2011080700100136,2011년 8월 7일 09시,일요일,인천광역시 남동구 구월동,경상사고,0,0,1,0,차대차 - 추돌 - 주정차중,안전운전불이행,건조,맑음,단일로 - 기타,승용,남,49세,상해없음,승용,여,27세,경상
2011080700100158,2011년 8월 7일 10시,일요일,인천광역시 연수구 연수동,경상사고,0,0,1,0,차대차 - 기타,안전운전불이행,건조,맑음,교차로 - 교차로부근,승용,여,43세,상해없음,자전거,남,79세,경상
2011080700100178,2011년 8월 7일 11시,일요일,인천광역시 부평구 부평동,경상사고,0,0,1,0,차대차 - 기타,안전거리미확보,건조,맑음,단일로 - 기타,승용,남,55세,상해없음,이륜,남,19세,경상
2011080700100179,2011년 8월 7일 11시,일요일,인천광역시 남동구 도림동,경상사고,0,0,2,0,차대차 - 측면직각충돌,교차로운행방법위반,건조,맑음,교차로 - 교차로안,승용,남,81세,상해없음,승용,여,57세,경상
2011080700100217,2011년 8월 7일 13시,일요일,인천광역시 중구 신포동,경상사고,0,0,3,0,차대차 - 기타,교차로운행방법위반,건조,맑음,단일로 - 기타,승용,남,56세,상해없음,승용,남,67세,상해없음
2011080700100218,2011년 8월 7일 13시,일요일,인천광역시 부평구 일신동,경상사고,0,0,1,0,차대사람 - 길가장자리구역통행중,안전운전불이행,건조,맑음,기타 - 기타,승용,여,42세,상해없음,보행자,여,55세,경상
2011080700100315,2011년 8월 7일 16시,일요일,인천광역시 중구 덕교동,경상사고,0,0,4,0,차대차 - 정면충돌,교차로운행방법위반,건조,맑음,교차로 - 교차로안,승용,남,38세,상해없음,승용,여,30세,경상
2011080700100316,2011년 8월 7일 16시,일요일,인천광역시 서구 심곡동,중상사고,0,1,0,0,차대차 - 기타,기타,건조,맑음,교차로 - 교차로부근,승용,남,50세,상해없음,이륜,남,40세,중상
2011080700100317,2011년 8월 7일 16시,일요일,인천광역시 부평구 삼산동,경상사고,0,0,7,0,차대차 - 추돌 - 진행중,안전운전불이행,건조,맑음,단일로 - 교량,승용,남,50세,경상,승용,여,23세,경상
2011080700100338,2011년 8월 7일 17시,일요일,인천광역시 부평구 산곡동,경상사고,0,0,1,0,차대차 - 측면직각충돌,신호위반,건조,맑음,교차로 - 교차로안,승용,남,24세,상해없음,승용,여,43세,경상
2011080700100370,2011년 8월 7일 18시,일요일,인천광역시 계양구 작전동,중상사고,0,1,0,0,차대차 - 측면직각충돌,교차로운행방법위반,건조,맑음,교차로 - 교차로안,승용,남,38세,상해없음,이륜,남,34세,중상
2011080700100397,2011년 8월 7일 19시,일요일,인천광역시 부평구 청천동,경상사고,0,0,1,0,차대차 - 추돌 - 주정차중,안전거리미확보,건조,맑음,단일로 - 기타,원동기,남,16세,상해없음,승용,여,51세,경상
2011080700100419,2011년 8월 7일 20시,일요일,인천광역시 남구 주안동,경상사고,0,0,1,0,차대사람 - 기타,안전운전불이행,건조,맑음,기타 - 기타,원동기,남,26세,상해없음,보행자,여,55세,경상
2011080700100457,2011년 8월 7일 21시,일요일,인천광역시 남구 주안동,경상사고,0,0,1,0,차대차 - 측면직각충돌,신호위반,습기,비,교차로 - 교차로안,화물,남,30세,상해없음,이륜,남,17세,경상
2011080700100501,2011년 8월 7일 22시,일요일,인천광역시 부평구 산곡동,경상사고,0,0,1,0,차대사람 - 횡단중,안전운전불이행,습기,비,단일로 - 횡단보도상,승용,남,25세,기타불명,보행자,남,52세,경상
2011080700100523,2011년 8월 7일 23시,일요일,인천광역시 남구 용현동,중상사고,0,2,0,0,차대차 - 추돌 - 진행중,안전운전불이행,습기,비,단일로 - 횡단보도부근,승용,남,47세,상해없음,승용,남,48세,중상
2011080700100524,2011년 8월 7일 23시,일요일,인천광역시 서구 연희동,중상사고,0,2,6,1,차대차 - 정면충돌,중앙선침범,습기,비,교차로 - 교차로부근,승용,남,58세,부상신고,승용,남,51세,중상
2011080700100525,2011년 8월 7일 23시,일요일,인천광역시 서구 석남동,중상사고,0,1,0,0,차대차 - 기타,안전운전불이행,건조,맑음,교차로 - 교차로부근,승용,남,55세,상해없음,이륜,남,17세,중상
2011080800100016,2011년 8월 8일 00시,월요일,인천광역시 부평구 부평동,경상사고,0,0,2,0,차대차 - 추돌 - 주정차중,안전거리미확보,습기,비,교차로 - 교차로부근,승용,남,37세,상해없음,승용,남,54세,경상
2011080800100039,2011년 8월 8일 02시,월요일,인천광역시 부평구 부평동,중상사고,0,1,0,0,차대사람 - 기타,안전운전불이행,습기,비,교차로 - 교차로안,승용,여,47세,상해없음,보행자,여,27세,중상
2011080800100102,2011년 8월 8일 07시,월요일,인천광역시 서구 왕길동,경상사고,0,0,3,0,차대차 - 추돌 - 주정차중,안전운전불이행,습기,비,교차로 - 교차로부근,화물,남,41세,상해없음,승합,남,52세,경상
2011080800100129,2011년 8월 8일 08시,월요일,인천광역시 강화군 강화읍,경상사고,0,0,1,0,차대차 - 추돌 - 주정차중,안전운전불이행,건조,맑음,교차로 - 교차로부근,승용,여,45세,상해없음,승용,여,38세,경상
2011080800100182,2011년 8월 8일 10시,월요일,인천광역시 부평구 십정동,중상사고,0,1,0,0,차대사람 - 보도통행중,안전운전불이행,습기,비,단일로 - 기타,화물,남,19세,상해없음,보행자,남,61세,중상
2011080800100183,2011년 8월 8일 10시,월요일,인천광역시 남동구 남촌동,중상사고,0,1,2,0,차대차 - 추돌 - 진행중,안전거리미확보,습기,비,단일로 - 기타,승용,여,46세,경상,승용,여,43세,중상
2011080800100211,2011년 8월 8일 11시,월요일,인천광역시 중구 운서동,경상사고,0,0,1,0,차대차 - 측면직각충돌,안전거리미확보,습기,비,단일로 - 기타,승용,남,52세,상해없음,승용,남,52세,경상
2011080800100250,2011년 8월 8일 12시,월요일,인천광역시 남구 숭의동,경상사고,0,0,2,1,차대차 - 측면직각충돌,직진우회전진행방해,습기,비,교차로 - 교차로안,승용,남,42세,상해없음,화물,남,39세,경상
2011080800100273,2011년 8월 8일 13시,월요일,인천광역시 남동구 구월동,경상사고,0,0,1,0,차대사람 - 차도통행중,안전운전불이행,습기,비,단일로 - 기타,승용,남,33세,상해없음,보행자,여,18세,경상
2011080800100342,2011년 8월 8일 15시,월요일,인천광역시 계양구 임학동,경상사고,0,0,1,0,차대사람 - 횡단중,안전운전불이행,습기,비,교차로 - 교차로부근,승용,남,41세,상해없음,보행자,남,12세,경상
2011080800100430,2011년 8월 8일 18시,월요일,인천광역시 동구 송현동,중상사고,0,1,0,0,차대차 - 기타,안전운전불이행,건조,맑음,단일로 - 기타,승용,기타불명,기타불명,기타불명,이륜,남,17세,중상
2011080800100462,2011년 8월 8일 19시,월요일,인천광역시 부평구,경상사고,0,0,1,0,차대차 - 추돌 - 진행중,안전운전불이행,건조,맑음,단일로 - 기타,승용,남,53세,상해없음,이륜,남,25세,경상
2011080800100463,2011년 8월 8일 19시,월요일,인천광역시 서구 가좌동,경상사고,0,0,1,0,차대차 - 측면직각충돌,안전운전불이행,건조,흐림,단일로 - 기타,승용,남,44세,상해없음,승용,남,38세,상해없음
2011080800100464,2011년 8월 8일 19시,월요일,인천광역시 부평구 부개동,중상사고,0,1,0,0,차대차 - 추돌 - 진행중,안전운전불이행,건조,맑음,단일로 - 기타,승용,남,51세,상해없음,승용,남,74세,중상
2011080800100489,2011년 8월 8일 20시,월요일,인천광역시 남구 주안동,경상사고,0,0,2,0,차대차 - 측면직각충돌,안전운전불이행,건조,맑음,단일로 - 기타,승용,남,31세,상해없음,승용,남,60세,경상
2011080800100490,2011년 8월 8일 20시,월요일,인천광역시 남동구 간석동,경상사고,0,0,1,0,차대차 - 측면직각충돌,차로위반,습기,비,교차로 - 교차로부근,승용,여,22세,상해없음,승용,남,57세,경상
2011080800100491,2011년 8월 8일 20시,월요일,인천광역시 서구 왕길동,경상사고,0,0,2,0,차대차 - 측면직각충돌,신호위반,습기,흐림,교차로 - 교차로안,승용,남,37세,상해없음,승용,여,42세,경상
2011080800100564,2011년 8월 8일 22시,월요일,인천광역시 서구 마전동,부상신고사고,0,0,0,1,차대사람 - 기타,안전운전불이행,건조,맑음,단일로 - 기타,승용,기타불명,기타불명,기타불명,보행자,남,23세,부상신고
2011080900100025,2011년 8월 9일 01시,화요일,인천광역시 남구 용현동,경상사고,0,0,1,0,차대사람 - 기타,안전운전불이행,건조,맑음,단일로 - 기타,승용,남,62세,상해없음,보행자,여,76세,경상
2011080900100167,2011년 8월 9일 09시,화요일,인천광역시 계양구 작전동,중상사고,0,1,0,0,차대차 - 추돌 - 진행중,안전운전불이행,건조,맑음,교차로 - 교차로안,승용,여,41세,상해없음,자전거,여,58세,중상
2011080900100192,2011년 8월 9일 10시,화요일,인천광역시 남동구 구월동,중상사고,0,1,0,0,차대사람 - 차도통행중,안전운전불이행,건조,맑음,단일로 - 기타,승용,남,39세,상해없음,보행자,여,82세,중상
2011080900100221,2011년 8월 9일 11시,화요일,인천광역시 남구 숭의동,경상사고,0,0,1,0,차대차 - 측면직각충돌,안전거리미확보,건조,맑음,단일로 - 횡단보도부근,승합,남,71세,상해없음,승용,남,56세,경상
2011080900100249,2011년 8월 9일 12시,화요일,인천광역시 남동구 서창동,경상사고,0,0,1,0,차대차 - 추돌 - 진행중,안전운전불이행,건조,맑음,단일로 - 교량,승용,남,49세,상해없음,승용,남,29세,경상
2011080900100282,2011년 8월 9일 13시,화요일,인천광역시 계양구 작전동,경상사고,0,0,1,0,차량단독 - 공작물충돌,안전운전불이행,습기,비,단일로 - 기타,승용,남,51세,상해없음,,,,
2011080900100333,2011년 8월 9일 15시,화요일,인천광역시 남구 용현동,경상사고,0,0,1,0,차대차 - 측면직각충돌,안전운전불이행,건조,맑음,단일로 - 기타,승합,남,56세,상해없음,화물,남,52세,경상
2011080900100334,2011년 8월 9일 15시,화요일,인천광역시 계양구 선주지동,중상사고,0,1,0,0,차대차 - 추돌 - 주정차중,안전운전불이행,건조,맑음,단일로 - 기타,승용,남,30세,상해없음,화물,남,48세,중상
2011080900100365,2011년 8월 9일 16시,화요일,인천광역시 남구 용현동,부상신고사고,0,0,0,1,차대사람 - 기타,불법유턴,건조,맑음,단일로 - 기타,기타불명,기타불명,기타불명,기타불명,보행자,여,65세,부상신고
2011080900100366,2011년 8월 9일 16시,화요일,인천광역시 남동구 구월동,경상사고,0,0,2,0,차대차 - 측면직각충돌,차로위반,건조,맑음,단일로 - 기타,승용,남,38세,상해없음,승용,여,30세,경상
2011080900100367,2011년 8월 9일 16시,화요일,인천광역시 계양구 계산동,중상사고,0,1,0,0,차대사람 - 횡단중,안전운전불이행,건조,맑음,기타 - 기타,승용,남,51세,상해없음,보행자,남,8세,중상
2011080900100392,2011년 8월 9일 17시,화요일,인천광역시 남동구 구월동,경상사고,0,0,1,0,차량단독 - 기타,기타,건조,맑음,단일로 - 기타,승합,남,42세,상해없음,,,,
2011080900100430,2011년 8월 9일 18시,화요일,인천광역시 남구 학익동,경상사고,0,0,2,0,차대차 - 기타,안전거리미확보,건조,흐림,교차로 - 교차로부근,승용,남,71세,상해없음,승합,남,46세,상해없음
2011080900100504,2011년 8월 9일 20시,화요일,인천광역시 남동구 만수동,경상사고,0,0,1,0,차대차 - 측면직각충돌,직진우회전진행방해,건조,맑음,단일로 - 기타,승용,여,35세,상해없음,승용,남,32세,경상
2011080900100539,2011년 8월 9일 21시,화요일,인천광역시 남동구 논현동,부상신고사고,0,0,0,1,차대차 - 기타,안전운전불이행,건조,맑음,교차로 - 교차로안,원동기,남,17세,부상신고,승합,남,53세,상해없음
2011080900100540,2011년 8월 9일 21시,화요일,인천광역시 서구 가좌동,경상사고,0,0,1,0,차대차 - 측면직각충돌,안전운전불이행,습기,비,교차로 - 교차로부근,승용,남,44세,상해없음,승용,남,58세,경상
2011080900100564,2011년 8월 9일 22시,화요일,인천광역시 남구 주안동,경상사고,0,0,3,1,차대차 - 추돌 - 주정차중,안전운전불이행,건조,맑음,단일로 - 기타,승용,남,70세,상해없음,승용,남,49세,경상
2011080900100587,2011년 8월 9일 23시,화요일,인천광역시 남구 주안동,중상사고,0,1,0,0,차대차 - 기타,안전거리미확보,건조,맑음,단일로 - 횡단보도상,승용,남,44세,상해없음,이륜,남,25세,중상
2011081000100021,2011년 8월 10일 00시,수요일,인천광역시 남동구 구월동,경상사고,0,0,2,0,차대차 - 추돌 - 주정차중,안전운전불이행,건조,맑음,교차로 - 교차로부근,특수,남,30세,상해없음,승용,남,33세,경상
2011081000100033,2011년 8월 10일 01시,수요일,인천광역시 남구 용현동,경상사고,0,0,1,0,차대차 - 측면직각충돌,신호위반,건조,맑음,교차로 - 교차로안,승용,남,23세,상해없음,승용,남,37세,경상
2011081000100034,2011년 8월 10일 01시,수요일,인천광역시 서구 심곡동,경상사고,0,0,3,0,차대차 - 추돌 - 주정차중,안전운전불이행,건조,맑음,단일로 - 기타,승용,남,29세,상해없음,승합,남,28세,경상
2011081000100059,2011년 8월 10일 03시,수요일,인천광역시 중구 경동,경상사고,0,0,4,0,차대차 - 측면직각충돌,안전거리미확보,건조,흐림,교차로 - 교차로부근,승용,남,26세,상해없음,승용,남,46세,경상
2011081000100060,2011년 8월 10일 03시,수요일,인천광역시 남동구 구월동,중상사고,0,1,0,0,차대차 - 기타,신호위반,습기,비,교차로 - 교차로안,승용,남,50세,상해없음,승용,남,46세,중상
2011081000100080,2011년 8월 10일 05시,수요일,인천광역시 남동구 간석동,경상사고,0,0,2,0,차대차 - 추돌 - 주정차중,안전운전불이행,습기,안개,교차로 - 교차로부근,승용,여,35세,상해없음,승용,남,66세,경상
2011081000100092,2011년 8월 10일 06시,수요일,인천광역시 남동구 논현동,경상사고,0,0,1,0,차대차 - 추돌 - 주정차중,안전운전불이행,건조,흐림,단일로 - 기타,승용,남,54세,상해없음,승용,남,30세,경상
2011081000100116,2011년 8월 10일 07시,수요일,인천광역시 남동구 고잔동,중상사고,0,2,0,0,차대차 - 측면직각충돌,신호위반,건조,흐림,교차로 - 교차로안,승용,남,61세,상해없음,화물,남,57세,중상
2011081000100222,2011년 8월 10일 11시,수요일,인천광역시 남구 관교동,경상사고,0,0,3,0,차대차 - 추돌 - 주정차중,안전운전불이행,건조,맑음,단일로 - 기타,승용,남,37세,상해없음,승용,남,53세,경상
2011081000100223,2011년 8월 10일 11시,수요일,인천광역시 남구 주안동,경상사고,0,0,1,0,차대차 - 기타,안전운전불이행,건조,맑음,기타 - 기타,승용,여,38세,상해없음,승용,남,50세,경상
2011081000100302,2011년 8월 10일 14시,수요일,인천광역시 부평구 부개동,경상사고,0,0,1,0,차대차 - 측면직각충돌,안전운전불이행,건조,맑음,교차로 - 교차로부근,승합,남,43세,상해없음,자전거,여,30세,경상
2011081000100303,2011년 8월 10일 14시,수요일,인천광역시 부평구 부평동,중상사고,0,1,0,0,차대차 - 측면직각충돌,교차로운행방법위반,건조,맑음,교차로 - 교차로안,화물,남,48세,상해없음,원동기,남,28세,중상
2011081000100375,2011년 8월 10일 16시,수요일,인천광역시 남구 학익동,경상사고,0,0,1,0,차량단독 - 기타,기타,건조,맑음,교차로 - 교차로부근,승합,남,37세,상해없음,,,,
2011081000100376,2011년 8월 10일 16시,수요일,인천광역시 남구 관교동,경상사고,0,0,1,0,차량단독 - 기타,안전운전불이행,건조,맑음,단일로 - 기타,승합,남,57세,상해없음,,,,
2011081000100377,2011년 8월 10일 16시,수요일,인천광역시 남동구 만수동,중상사고,0,1,0,0,차대사람 - 기타,안전운전불이행,건조,맑음,교차로 - 교차로안,승용,여,46세,상해없음,보행자,남,11세,중상
2011081000100378,2011년 8월 10일 16시,수요일,인천광역시 부평구 부개동,경상사고,0,0,1,0,차대차 - 측면직각충돌,안전운전불이행,건조,맑음,단일로 - 기타,화물,남,47세,상해없음,승용,남,43세,상해없음
2011081000100419,2011년 8월 10일 17시,수요일,인천광역시 남구 주안동,부상신고사고,0,0,0,1,차대사람 - 차도통행중,안전운전불이행,건조,맑음,단일로 - 기타,기타불명,기타불명,기타불명,기타불명,보행자,남,72세,부상신고
2011081000100420,2011년 8월 10일 17시,수요일,인천광역시 서구 검암동,중상사고,0,1,0,0,차대사람 - 횡단중,안전운전불이행,건조,맑음,단일로 - 기타,승용,남,49세,상해없음,보행자,남,15세,중상
2011081000100448,2011년 8월 10일 18시,수요일,인천광역시 중구 항동2가,경상사고,0,0,1,0,차대차 - 추돌 - 진행중,안전운전불이행,건조,맑음,단일로 - 기타,승용,남,46세,상해없음,승용,여,33세,경상
2011081000100449,2011년 8월 10일 18시,수요일,인천광역시 중구 운서동,경상사고,0,0,1,0,차대차 - 측면직각충돌,신호위반,건조,맑음,교차로 - 교차로안,승합,남,38세,상해없음,승용,남,34세,경상
2011081000100450,2011년 8월 10일 18시,수요일,인천광역시 중구 인현동,경상사고,0,0,1,0,차대사람 - 기타,보행자보호의무위반,건조,맑음,단일로 - 기타,이륜,남,54세,상해없음,보행자,남,47세,경상
2011081000100451,2011년 8월 10일 18시,수요일,인천광역시 남구 용현동,부상신고사고,0,0,0,1,차량단독 - 기타,기타,건조,맑음,단일로 - 기타,승합,기타불명,기타불명,기타불명,,,,
2011081000100452,2011년 8월 10일 18시,수요일,인천광역시 부평구 십정동,중상사고,0,1,0,0,차대사람 - 횡단중,안전운전불이행,건조,맑음,단일로 - 기타,승용,남,65세,상해없음,보행자,여,63세,중상
2011081000100493,2011년 8월 10일 19시,수요일,인천광역시 부평구 산곡동,중상사고,0,1,0,0,차대사람 - 횡단중,안전운전불이행,건조,맑음,단일로 - 횡단보도부근,승용,여,44세,상해없음,보행자,남,17세,중상
2011081000100523,2011년 8월 10일 20시,수요일,인천광역시 동구 송림동,경상사고,0,0,1,0,차대사람 - 횡단중,신호위반,건조,맑음,단일로 - 횡단보도상,승용,남,47세,상해없음,보행자,여,17세,경상
2011081000100524,2011년 8월 10일 20시,수요일,인천광역시 서구 석남동,중상사고,0,1,1,0,차대차 - 추돌 - 주정차중,안전운전불이행,건조,맑음,단일로 - 기타,승용,남,52세,상해없음,승용,여,47세,중상
2011081000100525,2011년 8월 10일 20시,수요일,인천광역시 연수구 연수동,경상사고,0,0,1,0,차대차 - 추돌 - 진행중,안전운전불이행,건조,맑음,교차로 - 교차로안,승용,남,44세,상해없음,승용,남,39세,경상
2011081000100554,2011년 8월 10일 21시,수요일,인천광역시 부평구 청천동,경상사고,0,0,1,0,차대사람 - 횡단중,안전운전불이행,건조,맑음,교차로 - 교차로부근,승용,남,34세,상해없음,보행자,여,45세,경상
2011081000100572,2011년 8월 10일 22시,수요일,인천광역시 남동구 만수동,경상사고,0,0,1,0,차량단독 - 기타,기타,건조,맑음,단일로 - 기타,승합,남,54세,상해없음,,,,
2011081000100605,2011년 8월 10일 23시,수요일,인천광역시 서구 석남동,중상사고,0,1,0,0,차대사람 - 기타,안전운전불이행,건조,맑음,단일로 - 기타,승용,기타불명,기타불명,기타불명,보행자,남,23세,중상
2011081100100016,2011년 8월 11일 00시,목요일,인천광역시 연수구 송도동,중상사고,0,2,1,0,차대차 - 기타,신호위반,습기,안개,교차로 - 교차로부근,승용,남,30세,상해없음,승용,남,37세,중상
2011081100100031,2011년 8월 11일 01시,목요일,인천광역시 남동구 서창동,중상사고,0,1,0,0,차대차 - 기타,안전운전불이행,건조,맑음,단일로 - 기타,기타불명,기타불명,기타불명,기타불명,원동기,남,16세,중상
2011081100100043,2011년 8월 11일 02시,목요일,인천광역시 부평구 부평동,경상사고,0,0,1,0,차대차 - 측면직각충돌,안전운전불이행,건조,맑음,교차로 - 교차로부근,승용,남,26세,상해없음,승용,남,50세,경상
2011081100100044,2011년 8월 11일 02시,목요일,인천광역시 남동구 남촌동,경상사고,0,0,1,0,차대차 - 측면직각충돌,차로위반,습기,비,단일로 - 기타,승용,남,18세,상해없음,승용,남,58세,경상
2011081100100060,2011년 8월 11일 04시,목요일,인천광역시 남동구 고잔동,사망사고,1,0,0,0,차대차 - 추돌 - 주정차중,안전운전불이행,건조,맑음,단일로 - 기타,승용,남,36세,사망,화물,남,37세,기타불명
2011081100100082,2011년 8월 11일 06시,목요일,인천광역시 부평구 십정동,경상사고,0,0,2,0,차대차 - 추돌 - 진행중,안전운전불이행,건조,맑음,교차로 - 교차로부근,승용,남,37세,상해없음,승용,남,51세,경상
2011081100100101,2011년 8월 11일 07시,목요일,인천광역시 남동구 간석동,경상사고,0,0,1,0,차대차 - 기타,안전운전불이행,건조,맑음,교차로 - 교차로부근,승용,남,54세,상해없음,자전거,남,26세,경상
2011081100100122,2011년 8월 11일 08시,목요일,인천광역시 부평구 부평동,경상사고,0,0,1,0,차대차 - 기타,안전거리미확보,건조,맑음,교차로 - 교차로부근,승용,남,22세,상해없음,승합,남,58세,상해없음
2011081100100204,2011년 8월 11일 11시,목요일,인천광역시 남구 숭의동,경상사고,0,0,1,0,차대사람 - 횡단중,안전운전불이행,건조,맑음,단일로 - 기타,승용,남,42세,상해없음,보행자,남,54세,경상
2011081100100205,2011년 8월 11일 11시,목요일,인천광역시 남동구 장수동,중상사고,0,1,0,0,차대차 - 측면직각충돌,교차로운행방법위반,건조,맑음,교차로 - 교차로안,승용,여,45세,상해없음,화물,남,51세,중상
2011081100100238,2011년 8월 11일 12시,목요일,인천광역시 부평구 부평동,경상사고,0,0,1,0,차대사람 - 횡단중,보행자보호의무위반,건조,맑음,단일로 - 횡단보도상,승용,여,32세,상해없음,보행자,여,40세,경상
2011081100100310,2011년 8월 11일 14시,목요일,인천광역시 남구 용현동,경상사고,0,0,3,0,차대차 - 측면직각충돌,신호위반,건조,맑음,교차로 - 교차로안,승용,남,68세,상해없음,승용,남,54세,경상
2011081100100311,2011년 8월 11일 14시,목요일,인천광역시 남동구 고잔동,경상사고,0,0,1,0,차대차 - 측면직각충돌,안전운전불이행,건조,맑음,교차로 - 교차로부근,승용,남,39세,상해없음,이륜,남,41세,경상
2011081100100349,2011년 8월 11일 15시,목요일,인천광역시 부평구 십정동,중상사고,0,1,0,0,차대차 - 기타,기타,건조,맑음,단일로 - 기타,화물,남,69세,상해없음,원동기,남,76세,중상
2011081100100417,2011년 8월 11일 17시,목요일,인천광역시 중구 덕교동,경상사고,0,0,1,0,차대차 - 측면직각충돌,교차로운행방법위반,건조,맑음,교차로 - 교차로안,승용,남,57세,상해없음,승합,남,39세,상해없음
2011081100100505,2011년 8월 11일 20시,목요일,인천광역시 남구 숭의동,경상사고,0,0,1,0,차대차 - 기타,중앙선침범,건조,맑음,기타 - 기타,승용,남,56세,상해없음,승용,남,50세,상해없음
2011081100100506,2011년 8월 11일 20시,목요일,인천광역시 연수구 연수동,경상사고,0,0,1,0,차대차 - 추돌 - 진행중,안전거리미확보,건조,맑음,교차로 - 교차로부근,승용,남,58세,상해없음,승용,남,20세,경상
2011081100100538,2011년 8월 11일 21시,목요일,인천광역시 남동구 논현동,중상사고,0,1,1,0,차대차 - 추돌 - 진행중,안전운전불이행,건조,맑음,단일로 - 기타,승용,남,45세,상해없음,승용,남,49세,경상
2011081100100569,2011년 8월 11일 22시,목요일,인천광역시 남동구 간석동,경상사고,0,0,3,0,차대차 - 추돌 - 진행중,안전운전불이행,건조,맑음,단일로 - 기타,승용,남,31세,상해없음,승용,남,28세,경상
2011081100100570,2011년 8월 11일 22시,목요일,인천광역시 연수구 연수동,중상사고,0,1,0,0,차대차 - 정면충돌,중앙선침범,건조,맑음,단일로 - 기타,승용,남,46세,상해없음,이륜,남,53세,중상