사고번호,사고일시,요일,시군구,사고내용,사망자수,중상자수,경상자수,부상신고자수,사고유형,법규위반,노면상태,기상상태,도로형태,가해운전자 차종,가해운전자 성별,가해운전자 연령,가해운전자 상해정도,피해운전자 차종,피해운전자 성별,피해운전자 연령,피해운전자 상해정도
2011081100100595,2011년 8월 11일 23시,목요일,인천광역시 부평구 십정동,중상사고,0,1,0,0,차대사람 - 기타,안전운전불이행,건조,맑음,단일로 - 기타,자전거,남,16세,상해없음,보행자,여,72세,중상
2011081200100020,2011년 8월 12일 00시,금요일,인천광역시 부평구 청천동,경상사고,0,0,1,1,차대차 - 측면직각충돌,안전거리미확보,건조,맑음,교차로 - 교차로안,이륜,남,17세,부상신고,승용,남,48세,경상
2011081200100021,2011년 8월 12일 00시,금요일,인천광역시 부평구,중상사고,0,1,0,0,차대차 - 기타,안전운전불이행,건조,맑음,단일로 - 기타,이륜,남,47세,상해없음,승용,남,43세,상해없음
2011081200100045,2011년 8월 12일 01시,금요일,인천광역시 부평구 산곡동,경상사고,0,0,1,0,차대차 - 추돌 - 진행중,안전운전불이행,건조,맑음,교차로 - 교차로부근,승용,남,50세,상해없음,승용,남,39세,경상
2011081200100046,2011년 8월 12일 01시,금요일,인천광역시 부평구 부개동,중상사고,0,1,0,0,차량단독 - 공작물충돌,신호위반,건조,맑음,교차로 - 교차로안,승용,남,55세,중상,,,,
2011081200100079,2011년 8월 12일 03시,금요일,인천광역시 연수구 청학동,경상사고,0,0,1,0,차대차 - 정면충돌,안전운전불이행,건조,맑음,단일로 - 기타,승용,남,21세,상해없음,승용,남,57세,경상
2011081200100087,2011년 8월 12일 04시,금요일,인천광역시 서구 석남동,중상사고,0,1,0,0,차대차 - 기타,신호위반,건조,맑음,교차로 - 교차로안,화물,남,47세,상해없음,승용,여,49세,중상
2011081200100088,2011년 8월 12일 04시,금요일,인천광역시 계양구 용종동,중상사고,0,1,0,0,차대차 - 측면직각충돌,교차로운행방법위반,건조,맑음,단일로 - 기타,승용,남,60세,상해없음,화물,남,59세,중상
2011081200100117,2011년 8월 12일 06시,금요일,인천광역시 남동구 수산동,경상사고,0,0,1,0,차대사람 - 횡단중,보행자보호의무위반,건조,맑음,교차로 - 교차로부근,승용,남,42세,상해없음,보행자,남,59세,경상
2011081200100237,2011년 8월 12일 10시,금요일,인천광역시 서구 석남동,중상사고,0,1,0,0,차대사람 - 차도통행중,안전운전불이행,건조,맑음,단일로 - 기타,승용,남,52세,상해없음,보행자,여,57세,중상
2011081200100294,2011년 8월 12일 12시,금요일,인천광역시 부평구 산곡동,경상사고,0,0,1,0,차대차 - 측면직각충돌,안전운전불이행,건조,흐림,단일로 - 횡단보도부근,승용,여,46세,상해없음,자전거,남,52세,경상
2011081200100295,2011년 8월 12일 12시,금요일,인천광역시 연수구 옥련동,중상사고,0,1,1,0,차대차 - 측면직각충돌,안전운전불이행,건조,맑음,교차로 - 교차로안,승합,남,64세,상해없음,승용,남,36세,중상
2011081200100318,2011년 8월 12일 13시,금요일,인천광역시 남동구 간석동,중상사고,0,1,0,0,차대사람 - 횡단중,보행자보호의무위반,습기,비,단일로 - 횡단보도상,승용,남,53세,상해없음,보행자,여,53세,중상
2011081200100319,2011년 8월 12일 13시,금요일,인천광역시 서구 가정동,중상사고,0,1,1,0,차대차 - 추돌 - 주정차중,안전운전불이행,습기,비,기타 - 기타,화물,남,60세,상해없음,승용,남,28세,중상
2011081200100347,2011년 8월 12일 14시,금요일,인천광역시 남구 용현동,경상사고,0,0,1,0,차대차 - 측면직각충돌,안전운전불이행,건조,맑음,단일로 - 기타,화물,남,54세,기타불명,승용,여,51세,경상
2011081200100348,2011년 8월 12일 14시,금요일,인천광역시 남구 용현동,경상사고,0,0,1,0,차대사람 - 차도통행중,안전운전불이행,건조,맑음,단일로 - 기타,승용,여,35세,상해없음,보행자,남,26세,경상
2011081200100432,2011년 8월 12일 16시,금요일,인천광역시 남동구 구월동,중상사고,0,1,0,0,차대차 - 측면직각충돌,신호위반,건조,맑음,교차로 - 교차로안,화물,남,64세,기타불명,이륜,남,27세,중상
2011081200100433,2011년 8월 12일 16시,금요일,인천광역시 계양구 계산동,경상사고,0,0,1,0,차대차 - 측면직각충돌,안전운전불이행,건조,맑음,단일로 - 기타,승용,남,29세,상해없음,이륜,남,17세,경상
2011081200100434,2011년 8월 12일 16시,금요일,인천광역시 계양구 상야동,경상사고,0,0,1,0,차대차 - 기타,안전운전불이행,습기,비,단일로 - 기타,승용,남,48세,상해없음,화물,남,24세,경상
2011081200100520,2011년 8월 12일 18시,금요일,인천광역시 남동구 남촌동,중상사고,0,1,0,0,차대차 - 추돌 - 주정차중,안전거리미확보,건조,맑음,교차로 - 교차로부근,화물,남,54세,상해없음,승용,남,63세,중상
2011081200100521,2011년 8월 12일 18시,금요일,인천광역시 서구 석남동,경상사고,0,0,1,0,차대차 - 기타,안전운전불이행,건조,흐림,교차로 - 교차로부근,화물,남,54세,상해없음,승용,남,37세,경상
2011081200100522,2011년 8월 12일 18시,금요일,인천광역시 서구 왕길동,경상사고,0,0,2,1,차대차 - 측면직각충돌,직진우회전진행방해,습기,비,단일로 - 기타,화물,남,50세,상해없음,승용,남,24세,부상신고
2011081200100523,2011년 8월 12일 18시,금요일,인천광역시 서구 가좌동,경상사고,0,0,3,0,차대차 - 추돌 - 진행중,안전운전불이행,건조,맑음,단일로 - 기타,승용,여,27세,상해없음,화물,남,42세,경상
2011081200100563,2011년 8월 12일 19시,금요일,인천광역시 부평구 청천동,경상사고,0,0,1,0,차대차 - 측면직각충돌,교차로운행방법위반,습기,비,교차로 - 교차로안,화물,남,41세,상해없음,화물,남,53세,경상
2011081200100564,2011년 8월 12일 19시,금요일,인천광역시 서구 원당동,경상사고,0,0,1,0,차대차 - 측면직각충돌,신호위반,습기,비,단일로 - 교량,승용,여,35세,상해없음,승용,남,35세,경상
2011081200100615,2011년 8월 12일 20시,금요일,인천광역시 남구 숭의동,중상사고,0,1,0,0,차대사람 - 기타,안전운전불이행,습기,비,단일로 - 기타,승합,남,52세,상해없음,보행자,남,46세,중상
2011081200100616,2011년 8월 12일 20시,금요일,인천광역시 강화군 화도면,경상사고,0,0,1,0,차대사람 - 기타,안전운전불이행,건조,맑음,단일로 - 기타,승합,남,62세,상해없음,보행자,남,41세,경상
2011081200100658,2011년 8월 12일 21시,금요일,인천광역시 남구 주안동,경상사고,0,0,1,0,차대사람 - 횡단중,안전운전불이행,습기,비,단일로 - 기타,승용,남,39세,상해없음,보행자,남,48세,경상
2011081200100659,2011년 8월 12일 21시,금요일,인천광역시 남동구 간석동,중상사고,0,2,1,1,차대차 - 측면직각충돌,안전거리미확보,건조,맑음,교차로 - 교차로부근,승용,남,49세,상해없음,승용,남,34세,상해없음
2011081200100660,2011년 8월 12일 21시,금요일,인천광역시 남동구 논현동,경상사고,0,0,1,0,차대차 - 측면직각충돌,안전거리미확보,건조,맑음,교차로 - 교차로부근,이륜,남,17세,상해없음,승용,여,26세,경상
2011081200100661,2011년 8월 12일 21시,금요일,인천광역시 계양구 계산동,중상사고,0,1,0,0,차대사람 - 기타,안전운전불이행,건조,맑음,단일로 - 기타,화물,남,47세,상해없음,보행자,남,24세,중상
2011081200100706,2011년 8월 12일 22시,금요일,인천광역시 부평구 청천동,중상사고,0,1,0,0,차대사람 - 횡단중,신호위반,습기,비,단일로 - 횡단보도상,승용,여,52세,상해없음,보행자,여,51세,중상
2011081200100707,2011년 8월 12일 22시,금요일,인천광역시 계양구 계산동,경상사고,0,0,1,0,차대차 - 추돌 - 진행중,안전운전불이행,건조,맑음,단일로 - 기타,승합,남,32세,상해없음,승용,남,26세,상해없음
2011081200100760,2011년 8월 12일 23시,금요일,인천광역시 계양구 임학동,경상사고,0,0,1,0,차대사람 - 길가장자리구역통행중,안전운전불이행,건조,맑음,단일로 - 기타,승용,남,37세,상해없음,보행자,남,30세,경상
2011081200100761,2011년 8월 12일 23시,금요일,인천광역시 부평구 부평동,중상사고,0,1,0,0,차대사람 - 횡단중,안전운전불이행,건조,흐림,단일로 - 기타,승용,남,63세,상해없음,보행자,남,58세,중상
2011081300100030,2011년 8월 13일 00시,토요일,인천광역시 동구 송림동,중상사고,0,1,1,0,차대차 - 기타,신호위반,습기,흐림,교차로 - 교차로안,이륜,남,16세,상해없음,승용,남,28세,경상
2011081300100072,2011년 8월 13일 02시,토요일,인천광역시 남구 숭의동,중상사고,0,1,2,0,차대차 - 측면직각충돌,교차로운행방법위반,건조,맑음,교차로 - 교차로안,승용,남,61세,상해없음,승용,남,47세,경상
2011081300100073,2011년 8월 13일 02시,토요일,인천광역시 남구 용현동,경상사고,0,0,1,0,차대차 - 추돌 - 주정차중,안전운전불이행,습기,비,교차로 - 교차로부근,기타불명,기타불명,기타불명,기타불명,승용,남,38세,상해없음
2011081300100091,2011년 8월 13일 03시,토요일,인천광역시 중구 운서동,중상사고,0,1,0,0,차량단독 - 공작물충돌,안전운전불이행,건조,맑음,단일로 - 기타,승용,남,45세,상해없음,,,,
2011081300100198,2011년 8월 13일 09시,토요일,인천광역시 계양구 계산동,경상사고,0,0,1,0,차대사람 - 차도통행중,안전운전불이행,습기,비,단일로 - 기타,승용,남,41세,상해없음,보행자,여,51세,경상
2011081300100250,2011년 8월 13일 11시,토요일,인천광역시 부평구 십정동,중상사고,0,1,0,0,차대차 - 추돌 - 주정차중,안전운전불이행,습기,비,단일로 - 기타,승용,여,50세,상해없음,승용,남,26세,중상
2011081300100288,2011년 8월 13일 12시,토요일,인천광역시 남동구 장수동,중상사고,0,3,4,0,차대차 - 기타,안전운전불이행,습기,비,단일로 - 교량,화물,남,33세,상해없음,승용,남,48세,경상
2011081300100289,2011년 8월 13일 12시,토요일,인천광역시 계양구 작전동,경상사고,0,0,1,0,차대차 - 측면직각충돌,차로위반,습기,비,단일로 - 기타,승용,기타불명,기타불명,기타불명,승용,남,55세,경상
2011081300100290,2011년 8월 13일 12시,토요일,인천광역시 강화군 강화읍,경상사고,0,0,1,0,차대사람 - 횡단중,안전운전불이행,습기,흐림,기타 - 기타,승용,여,50세,상해없음,보행자,여,66세,경상
2011081300100327,2011년 8월 13일 13시,토요일,인천광역시 남구 용현동,중상사고,0,1,1,0,차대차 - 측면직각충돌,안전운전불이행,기타,기타,교차로 - 교차로안,화물,남,56세,상해없음,승용,여,41세,중상
2011081300100394,2011년 8월 13일 15시,토요일,인천광역시 남구 용현동,경상사고,0,0,4,0,차대차 - 기타,안전운전불이행,건조,맑음,기타 - 기타,승용,남,59세,상해없음,승용,남,39세,상해없음
2011081300100419,2011년 8월 13일 16시,토요일,인천광역시 부평구 부개동,중상사고,0,1,0,0,차대사람 - 횡단중,신호위반,건조,맑음,단일로 - 횡단보도상,이륜,기타불명,기타불명,기타불명,보행자,여,49세,중상
2011081300100449,2011년 8월 13일 17시,토요일,인천광역시 남구 용현동,부상신고사고,0,0,0,1,차량단독 - 기타,기타,건조,맑음,단일로 - 기타,승합,남,47세,상해없음,,,,
2011081300100450,2011년 8월 13일 17시,토요일,인천광역시 계양구 장기동,중상사고,0,1,0,0,차대사람 - 횡단중,보행자보호의무위반,건조,맑음,단일로 - 횡단보도상,화물,남,22세,상해없음,보행자,여,73세,중상
2011081300100451,2011년 8월 13일 17시,토요일,인천광역시 계양구 계산동,경상사고,0,0,2,0,차대차 - 측면직각충돌,안전거리미확보,습기,흐림,단일로 - 기타,승용,남,52세,상해없음,승용,여,31세,경상
2011081300100516,2011년 8월 13일 19시,토요일,인천광역시 부평구 부개동,경상사고,0,0,1,0,차대차 - 기타,안전운전불이행,건조,맑음,단일로 - 횡단보도상,승용,남,47세,상해없음,자전거,남,8세,경상
2011081300100582,2011년 8월 13일 21시,토요일,인천광역시 남동구 간석동,경상사고,0,0,1,0,차대차 - 측면직각충돌,신호위반,건조,맑음,교차로 - 교차로안,승용,남,66세,상해없음,승용,남,47세,경상
2011081300100583,2011년 8월 13일 21시,토요일,인천광역시 서구 시천동,경상사고,0,0,2,0,차대차 - 추돌 - 진행중,안전운전불이행,건조,맑음,단일로 - 교량,승용,기타불명,기타불명,기타불명,승용,남,56세,경상
2011081300100645,2011년 8월 13일 23시,토요일,인천광역시 옹진군 영흥면,중상사고,0,2,0,0,차대차 - 측면직각충돌,중앙선침범,건조,맑음,단일로 - 기타,승용,남,34세,상해없음,승용,남,26세,중상
2011081400100032,2011년 8월 14일 01시,일요일,인천광역시 남구 용현동,중상사고,0,1,0,0,차량단독 - 공작물충돌,안전운전불이행,건조,맑음,교차로 - 교차로부근,승용,남,25세,중상,,,,
2011081400100117,2011년 8월 14일 06시,일요일,인천광역시 연수구 옥련동,사망사고,1,0,0,0,차대사람 - 횡단중,신호위반,습기,비,단일로 - 기타,화물,남,53세,상해없음,보행자,여,79세,사망
2011081400100128,2011년 8월 14일 07시,일요일,인천광역시 동구 송림동,경상사고,0,0,1,0,차대차 - 정면충돌,중앙선침범,건조,맑음,교차로 - 교차로안,화물,남,41세,상해없음,승용,남,47세,경상
2011081400100129,2011년 8월 14일 07시,일요일,인천광역시 남동구 남촌동,중상사고,0,1,0,0,차대차 - 측면직각충돌,신호위반,건조,맑음,교차로 - 교차로안,승합,남,49세,상해없음,승용,남,52세,중상
2011081400100138,2011년 8월 14일 08시,일요일,인천광역시 계양구 계산동,중상사고,0,2,0,0,차대차 - 측면직각충돌,안전운전불이행,건조,맑음,단일로 - 기타,승용,남,49세,상해없음,승용,남,66세,중상
2011081400100175,2011년 8월 14일 10시,일요일,인천광역시 부평구 부평동,경상사고,0,0,1,0,차대차 - 측면직각충돌,신호위반,건조,맑음,교차로 - 교차로안,승용,남,25세,상해없음,승용,남,48세,경상
2011081400100176,2011년 8월 14일 10시,일요일,인천광역시 계양구 효성동,경상사고,0,0,1,0,차대차 - 측면직각충돌,신호위반,습기,비,교차로 - 교차로안,이륜,여,49세,상해없음,승용,남,63세,경상
2011081400100177,2011년 8월 14일 10시,일요일,인천광역시 서구 경서동,중상사고,0,1,0,1,차량단독 - 기타,안전운전불이행,습기,비,단일로 - 교량,승용,남,22세,상해없음,,,,
2011081400100294,2011년 8월 14일 14시,일요일,인천광역시 중구 운서동,경상사고,0,0,5,0,차대차 - 추돌 - 진행중,안전거리미확보,건조,맑음,교차로 - 교차로부근,승용,남,38세,경상,승용,남,51세,상해없음
2011081400100295,2011년 8월 14일 14시,일요일,인천광역시 부평구 십정동,경상사고,0,0,1,0,차대차 - 측면직각충돌,안전운전불이행,습기,비,단일로 - 횡단보도상,승용,남,58세,상해없음,자전거,남,35세,경상
2011081400100296,2011년 8월 14일 14시,일요일,인천광역시 남동구 간석동,경상사고,0,0,1,0,차대사람 - 횡단중,안전운전불이행,습기,비,교차로 - 교차로부근,승용,남,48세,상해없음,보행자,여,61세,경상
2011081400100329,2011년 8월 14일 15시,일요일,인천광역시 부평구 일신동,경상사고,0,0,5,1,차대차 - 추돌 - 진행중,안전거리미확보,습기,비,단일로 - 기타,승용,남,36세,상해없음,승용,남,67세,경상
2011081400100357,2011년 8월 14일 16시,일요일,인천광역시 중구 운남동,중상사고,0,2,3,0,차대차 - 측면직각충돌,신호위반,건조,맑음,교차로 - 교차로안,화물,남,48세,상해없음,승합,남,63세,경상
2011081400100392,2011년 8월 14일 17시,일요일,인천광역시 옹진군 덕적면,경상사고,0,0,1,0,차대차 - 측면직각충돌,교차로운행방법위반,건조,맑음,교차로 - 교차로안,승용,남,39세,상해없음,자전거,남,12세,경상
2011081400100453,2011년 8월 14일 19시,일요일,인천광역시 남동구 만수동,경상사고,0,0,1,0,차대차 - 기타,안전운전불이행,건조,맑음,교차로 - 교차로부근,승용,남,32세,상해없음,승용,남,54세,경상
2011081400100454,2011년 8월 14일 19시,일요일,인천광역시 남동구 구월동,경상사고,0,0,1,0,차대사람 - 기타,안전운전불이행,건조,맑음,단일로 - 횡단보도부근,승용,남,23세,상해없음,보행자,남,19세,경상
2011081400100478,2011년 8월 14일 20시,일요일,인천광역시 남구 학익동,경상사고,0,0,2,0,차대차 - 측면직각충돌,안전운전불이행,건조,맑음,단일로 - 기타,승용,남,57세,상해없음,승용,남,39세,경상
2011081400100534,2011년 8월 14일 22시,일요일,인천광역시 남구 주안동,경상사고,0,0,1,0,차대차 - 기타,차로위반,건조,맑음,기타 - 기타,이륜,남,27세,상해없음,승용,남,58세,경상
2011081400100552,2011년 8월 14일 23시,일요일,인천광역시 남동구 만수동,중상사고,0,2,1,0,차대차 - 측면직각충돌,신호위반,건조,맑음,교차로 - 교차로안,승용,남,52세,경상,화물,남,49세,중상
2011081400100553,2011년 8월 14일 23시,일요일,인천광역시 남동구 장수동,중상사고,0,2,0,0,차대차 - 측면직각충돌,안전거리미확보,건조,맑음,단일로 - 교량,승용,여,31세,상해없음,승용,남,27세,중상
2011081500100016,2011년 8월 15일 00시,월요일,인천광역시 남동구 남촌동,경상사고,0,0,2,0,차대차 - 추돌 - 주정차중,안전운전불이행,건조,맑음,교차로 - 교차로부근,승용,남,35세,상해없음,승용,남,52세,경상
2011081500100017,2011년 8월 15일 00시,월요일,인천광역시 계양구 동양동,경상사고,0,0,1,0,차대차 - 정면충돌,중앙선침범,건조,맑음,교차로 - 교차로부근,승용,남,43세,상해없음,승용,남,65세,경상
2011081500100031,2011년 8월 15일 01시,월요일,인천광역시 중구 운서동,중상사고,0,1,0,0,차량단독 - 공작물충돌,안전운전불이행,건조,흐림,단일로 - 기타,승용,남,26세,상해없음,,,,
2011081500100045,2011년 8월 15일 02시,월요일,인천광역시 중구 을왕동,중상사고,0,1,1,0,차대사람 - 기타,안전운전불이행,건조,맑음,단일로 - 기타,승용,남,22세,상해없음,보행자,여,35세,중상
2011081500100046,2011년 8월 15일 02시,월요일,인천광역시 계양구 작전동,부상신고사고,0,0,0,3,차대차 - 기타,안전운전불이행,건조,맑음,단일로 - 기타,승용,남,26세,기타불명,승용,남,32세,부상신고
2011081500100070,2011년 8월 15일 04시,월요일,인천광역시 중구 을왕동,중상사고,0,1,0,0,차대사람 - 기타,안전운전불이행,건조,맑음,단일로 - 기타,승용,남,36세,상해없음,보행자,남,53세,중상
2011081500100111,2011년 8월 15일 07시,월요일,인천광역시 부평구,경상사고,0,0,1,0,차대사람 - 기타,안전운전불이행,건조,맑음,단일로 - 기타,승용,여,21세,상해없음,보행자,남,33세,경상
2011081500100155,2011년 8월 15일 09시,월요일,인천광역시 남구 주안동,중상사고,0,1,0,0,차대사람 - 길가장자리구역통행중,안전운전불이행,건조,맑음,단일로 - 기타,승용,남,27세,상해없음,보행자,남,83세,중상
2011081500100211,2011년 8월 15일 12시,월요일,인천광역시 남동구 장수동,경상사고,0,0,3,0,차대차 - 추돌 - 주정차중,안전거리미확보,건조,맑음,교차로 - 교차로부근,화물,남,39세,상해없음,승용,남,47세,경상
2011081500100212,2011년 8월 15일 12시,월요일,인천광역시 연수구 선학동,중상사고,0,1,0,0,차대사람 - 차도통행중,안전운전불이행,습기,맑음,교차로 - 교차로부근,승용,여,44세,상해없음,보행자,여,18세,중상
2011081500100239,2011년 8월 15일 13시,월요일,인천광역시 남동구 구월동,경상사고,0,0,1,0,차대차 - 추돌 - 주정차중,안전운전불이행,건조,흐림,단일로 - 기타,승용,남,56세,상해없음,승용,여,32세,경상
2011081500100263,2011년 8월 15일 14시,월요일,인천광역시 중구 운서동,경상사고,0,0,1,0,차대사람 - 기타,안전운전불이행,건조,흐림,기타 - 기타,승용,남,41세,상해없음,보행자,남,3세,경상
2011081500100286,2011년 8월 15일 15시,월요일,인천광역시 중구 북성동2가,중상사고,0,1,0,0,차대사람 - 기타,안전운전불이행,건조,맑음,교차로 - 교차로부근,승용,남,38세,상해없음,보행자,남,69세,중상
2011081500100287,2011년 8월 15일 15시,월요일,인천광역시 부평구,중상사고,0,1,0,0,차대사람 - 기타,안전운전불이행,건조,맑음,단일로 - 기타,승용,남,52세,상해없음,보행자,여,21세,중상
2011081500100288,2011년 8월 15일 15시,월요일,인천광역시 서구 석남동,경상사고,0,0,1,0,차대사람 - 기타,안전운전불이행,건조,맑음,단일로 - 기타,승용,남,48세,상해없음,보행자,여,47세,경상
2011081500100289,2011년 8월 15일 15시,월요일,인천광역시 계양구 작전동,중상사고,0,1,0,0,차대차 - 기타,교차로운행방법위반,건조,맑음,교차로 - 교차로안,화물,남,26세,상해없음,승용,여,51세,중상
2011081500100378,2011년 8월 15일 18시,월요일,인천광역시 서구 가좌동,경상사고,0,0,1,0,차대차 - 측면직각충돌,안전운전불이행,건조,맑음,단일로 - 기타,화물,남,59세,상해없음,원동기,남,24세,경상
2011081500100404,2011년 8월 15일 19시,월요일,인천광역시 중구 신포동,경상사고,0,0,1,0,차대차 - 기타,안전운전불이행,건조,맑음,교차로 - 교차로부근,승용,남,66세,상해없음,승용,여,27세,경상
2011081500100405,2011년 8월 15일 19시,월요일,인천광역시 남구 용현동,경상사고,0,0,4,0,차대차 - 측면직각충돌,차로위반,건조,맑음,기타 - 기타,승용,남,47세,상해없음,승용,남,40세,경상
2011081500100406,2011년 8월 15일 19시,월요일,인천광역시 서구 연희동,경상사고,0,0,2,0,차대차 - 기타,안전운전불이행,건조,맑음,단일로 - 기타,화물,남,47세,상해없음,화물,남,44세,경상
2011081500100457,2011년 8월 15일 21시,월요일,인천광역시 연수구 청학동,중상사고,0,2,0,0,차대차 - 측면직각충돌,교차로운행방법위반,건조,맑음,교차로 - 교차로안,승용,남,33세,상해없음,승용,여,47세,중상
2011081500100458,2011년 8월 15일 21시,월요일,인천광역시 연수구 송도동,경상사고,0,0,1,0,차대사람 - 기타,안전운전불이행,건조,맑음,교차로 - 교차로부근,승합,여,52세,상해없음,보행자,남,31세,경상
2011081500100489,2011년 8월 15일 22시,월요일,인천광역시 중구 북성동1가,중상사고,0,1,0,0,차대사람 - 기타,안전운전불이행,건조,맑음,단일로 - 기타,승용,기타불명,기타불명,기타불명,보행자,남,23세,중상
2011081500100506,2011년 8월 15일 23시,월요일,인천광역시 남동구 구월동,중상사고,0,1,1,0,차대차 - 기타,신호위반,건조,맑음,교차로 - 교차로안,승용,여,46세,상해없음,이륜,남,37세,경상
2011081500100507,2011년 8월 15일 23시,월요일,인천광역시 서구 가정동,경상사고,0,0,2,0,차대차 - 측면직각충돌,교차로운행방법위반,건조,맑음,교차로 - 교차로안,승용,남,46세,상해없음,승용,남,39세,상해없음
2011081600100012,2011년 8월 16일 00시,화요일,인천광역시 남구 주안동,경상사고,0,0,3,0,차대차 - 측면직각충돌,안전운전불이행,건조,맑음,단일로 - 기타,승용,여,30세,상해없음,승용,남,33세,경상
2011081600100013,2011년 8월 16일 00시,화요일,인천광역시 서구 석남동,경상사고,0,0,1,0,차대차 - 측면직각충돌,신호위반,건조,맑음,교차로 - 교차로안,승용,남,20세,상해없음,승용,남,49세,경상
2011081600100045,2011년 8월 16일 03시,화요일,인천광역시 남구 주안동,중상사고,0,1,0,0,차량단독 - 기타,안전운전불이행,건조,맑음,단일로 - 기타,이륜,남,17세,상해없음,,,,
2011081600100072,2011년 8월 16일 06시,화요일,인천광역시 부평구 산곡동,경상사고,0,0,4,1,차대차 - 기타,안전운전불이행,건조,맑음,단일로 - 기타,승용,여,40세,상해없음,승합,남,39세,상해없음
2011081600100082,2011년 8월 16일 07시,화요일,인천광역시 연수구 연수동,경상사고,0,0,1,0,차대차 - 추돌 - 주정차중,안전운전불이행,건조,맑음,교차로 - 교차로부근,승용,여,45세,상해없음,화물,남,29세,경상
2011081600100109,2011년 8월 16일 08시,화요일,인천광역시 부평구 부평동,경상사고,0,0,1,0,차대차 - 측면직각충돌,교차로운행방법위반,건조,맑음,교차로 - 교차로안,승용,남,62세,상해없음,승용,여,58세,경상
2011081600100110,2011년 8월 16일 08시,화요일,인천광역시 남동구 남촌동,중상사고,0,1,0,0,차대차 - 기타,안전운전불이행,건조,맑음,단일로 - 기타,승용,남,34세,상해없음,원동기,남,53세,중상
2011081600100133,2011년 8월 16일 09시,화요일,인천광역시 서구 연희동,중상사고,0,2,2,0,차대차 - 추돌 - 진행중,안전운전불이행,건조,맑음,기타 - 기타,승용,남,50세,상해없음,승용,여,46세,경상
2011081600100134,2011년 8월 16일 09시,화요일,인천광역시 서구 검암동,경상사고,0,0,1,0,차대사람 - 기타,불법유턴,건조,흐림,교차로 - 교차로안,화물,남,37세,상해없음,보행자,남,59세,경상
2011081600100158,2011년 8월 16일 10시,화요일,인천광역시 강화군 강화읍,부상신고사고,0,0,0,1,차대차 - 기타,안전운전불이행,건조,맑음,교차로 - 교차로부근,화물,남,68세,상해없음,자전거,여,71세,부상신고
2011081600100187,2011년 8월 16일 11시,화요일,인천광역시 동구 송현동,경상사고,0,0,2,0,차대차 - 기타,안전거리미확보,건조,맑음,교차로 - 교차로부근,이륜,남,68세,경상,승합,남,40세,경상
2011081600100224,2011년 8월 16일 12시,화요일,인천광역시 남동구 고잔동,경상사고,0,0,1,0,차대차 - 측면직각충돌,안전운전불이행,건조,맑음,기타 - 기타,화물,남,55세,상해없음,화물,남,32세,경상
2011081600100247,2011년 8월 16일 13시,화요일,인천광역시 부평구 부평동,경상사고,0,0,2,0,차대차 - 추돌 - 주정차중,안전운전불이행,건조,맑음,단일로 - 기타,승합,여,46세,상해없음,승용,남,44세,경상
2011081600100248,2011년 8월 16일 13시,화요일,인천광역시 남동구 구월동,경상사고,0,0,3,0,차대차 - 측면직각충돌,중앙선침범,습기,비,교차로 - 교차로부근,승용,여,40세,상해없음,승용,여,47세,경상
2011081600100276,2011년 8월 16일 14시,화요일,인천광역시 계양구 임학동,중상사고,0,1,0,0,차대사람 - 횡단중,안전운전불이행,습기,비,단일로 - 기타,승용,남,55세,상해없음,보행자,여,50세,중상
2011081600100371,2011년 8월 16일 17시,화요일,인천광역시 남동구 구월동,중상사고,0,2,0,0,차대차 - 측면직각충돌,교차로운행방법위반,건조,맑음,교차로 - 교차로부근,특수,남,34세,상해없음,승용,여,30세,중상
2011081600100410,2011년 8월 16일 18시,화요일,인천광역시 남동구 논현동,경상사고,0,0,1,0,차대차 - 기타,안전거리미확보,습기,비,교차로 - 교차로부근,승용,남,58세,상해없음,승용,남,20세,경상
2011081600100411,2011년 8월 16일 18시,화요일,인천광역시 부평구 일신동,중상사고,0,1,1,0,차대사람 - 기타,안전운전불이행,건조,맑음,단일로 - 기타,승용,남,49세,상해없음,보행자,여,38세,중상
2011081600100441,2011년 8월 16일 19시,화요일,인천광역시 중구 을왕동,경상사고,0,0,1,0,차대차 - 기타,안전운전불이행,습기,안개,교차로 - 교차로부근,승용,남,39세,상해없음,승용,기타불명,기타불명,기타불명
2011081600100442,2011년 8월 16일 19시,화요일,인천광역시 서구 가좌동,경상사고,0,0,4,0,차대차 - 기타,중앙선침범,습기,비,교차로 - 교차로부근,승용,남,52세,상해없음,승용,남,31세,경상
2011081600100496,2011년 8월 16일 20시,화요일,인천광역시 동구 송림동,경상사고,0,0,1,0,차대차 - 추돌 - 진행중,안전운전불이행,습기,비,교차로 - 교차로부근,승용,남,43세,상해없음,승용,남,39세,상해없음
2011081600100526,2011년 8월 16일 21시,화요일,인천광역시 중구 사동,경상사고,0,0,7,0,차대차 - 추돌 - 주정차중,안전운전불이행,습기,비,단일로 - 기타,승용,남,72세,상해없음,승용,여,44세,경상
2011081600100527,2011년 8월 16일 21시,화요일,인천광역시 부평구 부평동,경상사고,0,0,2,0,차대차 - 측면직각충돌,안전운전불이행,습기,비,교차로 - 교차로안,승용,남,37세,상해없음,승용,남,46세,경상
2011081600100528,2011년 8월 16일 21시,화요일,인천광역시 서구 오류동,중상사고,0,1,0,0,차대차 - 추돌 - 진행중,안전운전불이행,건조,기타,단일로 - 교량,승용,남,35세,상해없음,원동기,남,56세,중상