사고번호,사고일시,요일,시군구,사고내용,사망자수,중상자수,경상자수,부상신고자수,사고유형,법규위반,노면상태,기상상태,도로형태,가해운전자 차종,가해운전자 성별,가해운전자 연령,가해운전자 상해정도,피해운전자 차종,피해운전자 성별,피해운전자 연령,피해운전자 상해정도
2011081600100529,2011년 8월 16일 21시,화요일,인천광역시 부평구 삼산동,중상사고,0,1,0,1,차대차 - 추돌 - 주정차중,안전운전불이행,습기,흐림,교차로 - 교차로부근,승용,남,26세,상해없음,승용,남,53세,중상
2011081600100556,2011년 8월 16일 22시,화요일,인천광역시 부평구 갈산동,경상사고,0,0,1,0,차대차 - 정면충돌,중앙선침범,습기,비,교차로 - 교차로부근,승합,남,34세,상해없음,승용,남,27세,상해없음
2011081700100021,2011년 8월 17일 00시,수요일,인천광역시 남동구 논현동,경상사고,0,0,1,0,차대차 - 측면직각충돌,불법유턴,건조,맑음,단일로 - 기타,승용,남,41세,상해없음,승용,남,44세,상해없음
2011081700100042,2011년 8월 17일 01시,수요일,인천광역시 계양구 작전동,경상사고,0,0,2,0,차대차 - 측면직각충돌,안전운전불이행,건조,맑음,단일로 - 기타,승용,남,58세,상해없음,승용,남,59세,경상
2011081700100070,2011년 8월 17일 03시,수요일,인천광역시 계양구 계산동,경상사고,0,0,3,0,차대차 - 측면직각충돌,차로위반,건조,맑음,단일로 - 기타,승용,남,34세,상해없음,승용,남,50세,경상
2011081700100095,2011년 8월 17일 05시,수요일,인천광역시 부평구 산곡동,부상신고사고,0,0,0,1,차대사람 - 횡단중,안전운전불이행,습기,비,단일로 - 횡단보도상,승용,남,33세,상해없음,보행자,여,84세,부상신고
2011081700100096,2011년 8월 17일 05시,수요일,인천광역시 부평구 산곡동,중상사고,0,1,0,0,차대차 - 측면직각충돌,신호위반,습기,비,교차로 - 교차로안,승용,남,50세,상해없음,이륜,남,67세,중상
2011081700100097,2011년 8월 17일 05시,수요일,인천광역시 계양구 효성동,중상사고,0,1,1,0,차대차 - 측면직각충돌,신호위반,습기,비,교차로 - 교차로안,승용,남,38세,상해없음,승용,남,54세,경상
2011081700100123,2011년 8월 17일 07시,수요일,인천광역시 부평구 산곡동,경상사고,0,0,1,0,차대사람 - 횡단중,보행자보호의무위반,습기,흐림,단일로 - 횡단보도상,이륜,남,16세,상해없음,보행자,남,26세,경상
2011081700100124,2011년 8월 17일 07시,수요일,인천광역시 계양구 동양동,중상사고,0,2,0,0,차대차 - 측면직각충돌,안전운전불이행,건조,맑음,교차로 - 교차로안,원동기,남,15세,중상,승용,남,37세,상해없음
2011081700100155,2011년 8월 17일 08시,수요일,인천광역시 남동구 구월동,중상사고,0,1,0,0,차량단독 - 기타,안전운전불이행,기타,맑음,기타 - 기타,승합,남,71세,상해없음,,,,
2011081700100235,2011년 8월 17일 11시,수요일,인천광역시 남구 주안동,경상사고,0,0,5,0,차대차 - 기타,안전운전불이행,건조,맑음,교차로 - 교차로부근,승용,여,38세,상해없음,승용,남,42세,경상
2011081700100291,2011년 8월 17일 13시,수요일,인천광역시 연수구 옥련동,경상사고,0,0,1,0,차대사람 - 횡단중,안전운전불이행,건조,흐림,단일로 - 기타,이륜,남,47세,상해없음,보행자,여,60세,경상
2011081700100327,2011년 8월 17일 14시,수요일,인천광역시 부평구 부평동,경상사고,0,0,1,0,차대차 - 측면직각충돌,차로위반,건조,맑음,단일로 - 기타,승용,남,58세,상해없음,승용,남,44세,경상
2011081700100328,2011년 8월 17일 14시,수요일,인천광역시 부평구 부평동,경상사고,0,0,1,0,차대사람 - 기타,안전운전불이행,건조,맑음,교차로 - 교차로부근,화물,남,41세,상해없음,보행자,여,62세,경상
2011081700100329,2011년 8월 17일 14시,수요일,인천광역시 연수구 연수동,중상사고,0,1,0,0,차대사람 - 기타,안전운전불이행,건조,맑음,교차로 - 교차로부근,승용,남,42세,상해없음,보행자,남,11세,중상
2011081700100352,2011년 8월 17일 15시,수요일,인천광역시 남구 숭의동,경상사고,0,0,1,0,차대차 - 기타,안전운전불이행,습기,맑음,교차로 - 교차로안,승용,여,39세,상해없음,이륜,남,31세,경상
2011081700100383,2011년 8월 17일 16시,수요일,인천광역시 남동구 만수동,중상사고,0,1,0,0,차대차 - 측면직각충돌,안전운전불이행,건조,맑음,단일로 - 기타,화물,남,31세,상해없음,자전거,남,8세,중상
2011081700100409,2011년 8월 17일 17시,수요일,인천광역시 서구 연희동,부상신고사고,0,0,0,1,차대차 - 추돌 - 진행중,안전운전불이행,건조,맑음,교차로 - 교차로안,원동기,남,16세,상해없음,원동기,남,19세,부상신고
2011081700100476,2011년 8월 17일 19시,수요일,인천광역시 중구 항동7가,경상사고,0,0,1,0,차대차 - 기타,안전운전불이행,건조,맑음,단일로 - 기타,승용,남,58세,상해없음,승용,남,60세,경상
2011081700100477,2011년 8월 17일 19시,수요일,인천광역시 서구 심곡동,경상사고,0,0,2,0,차대차 - 측면직각충돌,안전운전불이행,습기,흐림,교차로 - 교차로부근,승용,남,54세,상해없음,승용,남,34세,경상
2011081700100478,2011년 8월 17일 19시,수요일,인천광역시 계양구 효성동,경상사고,0,0,2,0,차대차 - 추돌 - 진행중,안전운전불이행,건조,맑음,단일로 - 기타,승합,남,68세,상해없음,화물,남,37세,경상
2011081700100479,2011년 8월 17일 19시,수요일,인천광역시 서구 경서동,중상사고,0,2,0,0,차대차 - 기타,안전거리미확보,건조,맑음,단일로 - 기타,승용,기타불명,기타불명,기타불명,승용,여,29세,중상
2011081700100517,2011년 8월 17일 20시,수요일,인천광역시 남구 도화동,경상사고,0,0,1,0,차량단독 - 기타,기타,건조,맑음,교차로 - 교차로부근,승용,남,43세,상해없음,,,,
2011081700100518,2011년 8월 17일 20시,수요일,인천광역시 서구 가정동,경상사고,0,0,1,0,차대차 - 측면직각충돌,안전운전불이행,습기,비,단일로 - 기타,승용,남,44세,상해없음,승용,남,32세,경상
2011081700100519,2011년 8월 17일 20시,수요일,인천광역시 부평구 일신동,중상사고,0,1,0,0,차대사람 - 차도통행중,안전운전불이행,건조,맑음,단일로 - 횡단보도부근,화물,남,38세,상해없음,보행자,여,34세,중상
2011081700100551,2011년 8월 17일 21시,수요일,인천광역시 남동구 만수동,중상사고,0,1,0,0,차대차 - 측면직각충돌,보행자보호의무위반,습기,흐림,교차로 - 교차로부근,승용,여,47세,상해없음,자전거,남,12세,중상
2011081700100552,2011년 8월 17일 21시,수요일,인천광역시 서구 경서동,경상사고,0,0,3,0,차대차 - 추돌 - 진행중,안전운전불이행,건조,맑음,단일로 - 기타,승합,남,45세,상해없음,승용,남,39세,경상
2011081700100627,2011년 8월 17일 23시,수요일,인천광역시 남구 숭의동,경상사고,0,0,1,0,차대차 - 추돌 - 진행중,안전운전불이행,건조,맑음,단일로 - 기타,승용,남,50세,상해없음,승용,남,53세,경상
2011081700100628,2011년 8월 17일 23시,수요일,인천광역시 서구 가정동,경상사고,0,0,3,0,차대차 - 측면직각충돌,안전거리미확보,건조,흐림,단일로 - 기타,원동기,남,16세,상해없음,이륜,남,18세,경상
2011081800100019,2011년 8월 18일 00시,목요일,인천광역시 계양구 계산동,중상사고,0,1,0,0,차대사람 - 횡단중,안전운전불이행,건조,맑음,교차로 - 교차로부근,승용,남,37세,상해없음,보행자,남,26세,중상
2011081800100020,2011년 8월 18일 00시,목요일,인천광역시 강화군 강화읍,경상사고,0,0,1,0,차대차 - 측면직각충돌,안전운전불이행,건조,맑음,교차로 - 교차로부근,승용,남,48세,상해없음,승용,남,46세,경상
2011081800100036,2011년 8월 18일 01시,목요일,인천광역시 남구 주안동,부상신고사고,0,0,0,1,차대사람 - 횡단중,안전운전불이행,건조,맑음,단일로 - 기타,기타불명,기타불명,기타불명,기타불명,보행자,남,26세,부상신고
2011081800100037,2011년 8월 18일 01시,목요일,인천광역시 계양구 작전동,경상사고,0,0,1,0,차대차 - 측면직각충돌,교차로운행방법위반,건조,맑음,교차로 - 교차로안,승용,남,57세,상해없음,승용,남,45세,경상
2011081800100038,2011년 8월 18일 01시,목요일,인천광역시 부평구 일신동,중상사고,0,1,2,0,차대차 - 추돌 - 진행중,안전운전불이행,건조,흐림,단일로 - 기타,승용,남,36세,상해없음,승합,남,26세,중상
2011081800100057,2011년 8월 18일 02시,목요일,인천광역시 남구 주안동,중상사고,0,1,0,0,차대사람 - 횡단중,안전운전불이행,건조,맑음,단일로 - 기타,승용,남,51세,상해없음,보행자,남,41세,중상
2011081800100058,2011년 8월 18일 02시,목요일,인천광역시 남동구 만수동,경상사고,0,0,1,0,차대차 - 기타,안전운전불이행,건조,맑음,단일로 - 기타,승용,남,27세,상해없음,승용,남,38세,경상
2011081800100070,2011년 8월 18일 03시,목요일,인천광역시 남동구 구월동,경상사고,0,0,2,0,차대차 - 측면직각충돌,신호위반,건조,맑음,교차로 - 교차로안,화물,남,43세,상해없음,승용,남,63세,경상
2011081800100083,2011년 8월 18일 04시,목요일,인천광역시 부평구 갈산동,중상사고,0,1,0,0,차대사람 - 횡단중,안전운전불이행,건조,맑음,단일로 - 기타,승용,남,58세,상해없음,보행자,남,49세,중상
2011081800100098,2011년 8월 18일 05시,목요일,인천광역시 옹진군 영흥면,사망사고,1,0,0,0,차대사람 - 차도통행중,안전운전불이행,건조,맑음,단일로 - 기타,승용,남,46세,상해없음,보행자,남,57세,사망
2011081800100099,2011년 8월 18일 05시,목요일,인천광역시 남동구 구월동,경상사고,0,0,1,0,차대차 - 측면직각충돌,안전거리미확보,건조,맑음,단일로 - 기타,이륜,남,17세,상해없음,승용,남,57세,상해없음
2011081800100164,2011년 8월 18일 08시,목요일,인천광역시 부평구 청천동,경상사고,0,0,1,0,차대차 - 측면직각충돌,신호위반,건조,맑음,교차로 - 교차로부근,승용,남,65세,상해없음,승용,남,45세,경상
2011081800100165,2011년 8월 18일 08시,목요일,인천광역시 남동구 남촌동,경상사고,0,0,1,0,차대사람 - 기타,안전운전불이행,건조,맑음,기타 - 기타,승용,남,34세,상해없음,보행자,남,46세,경상
2011081800100166,2011년 8월 18일 08시,목요일,인천광역시 남동구 남촌동,중상사고,0,1,0,0,차대차 - 기타,안전운전불이행,건조,맑음,단일로 - 기타,승용,남,54세,상해없음,자전거,남,72세,중상
2011081800100224,2011년 8월 18일 10시,목요일,인천광역시 강화군 강화읍,중상사고,0,1,0,0,차량단독 - 전도전복,안전운전불이행,건조,맑음,단일로 - 기타,이륜,여,58세,중상,,,,
2011081800100250,2011년 8월 18일 11시,목요일,인천광역시 중구 신포동,중상사고,0,1,0,0,차대사람 - 길가장자리구역통행중,안전운전불이행,건조,맑음,단일로 - 기타,승용,여,63세,상해없음,보행자,남,57세,중상
2011081800100251,2011년 8월 18일 11시,목요일,인천광역시 계양구 계산동,경상사고,0,0,1,0,차대사람 - 횡단중,안전운전불이행,건조,맑음,교차로 - 교차로부근,승용,남,30세,상해없음,보행자,남,21세,경상
2011081800100279,2011년 8월 18일 12시,목요일,인천광역시 계양구 작전동,경상사고,0,0,1,0,차대차 - 기타,안전운전불이행,건조,맑음,교차로 - 교차로부근,승용,남,60세,상해없음,자전거,여,14세,경상
2011081800100313,2011년 8월 18일 13시,목요일,인천광역시 부평구 삼산동,중상사고,0,1,0,0,차대차 - 기타,불법유턴,건조,맑음,단일로 - 기타,화물,남,53세,상해없음,이륜,남,45세,중상
2011081800100358,2011년 8월 18일 14시,목요일,인천광역시 남구 주안동,중상사고,0,1,0,0,차대차 - 추돌 - 주정차중,안전운전불이행,건조,맑음,단일로 - 기타,승용,남,59세,상해없음,승용,여,36세,중상
2011081800100359,2011년 8월 18일 14시,목요일,인천광역시 계양구 계산동,경상사고,0,0,1,0,차대사람 - 길가장자리구역통행중,안전운전불이행,건조,맑음,단일로 - 기타,승용,기타불명,기타불명,기타불명,보행자,남,23세,경상
2011081800100360,2011년 8월 18일 14시,목요일,인천광역시 연수구 동춘동,중상사고,0,1,0,0,차대사람 - 기타,안전운전불이행,건조,맑음,기타 - 기타,승용,여,57세,상해없음,보행자,여,53세,중상
2011081800100361,2011년 8월 18일 14시,목요일,인천광역시 연수구 송도동,중상사고,0,1,0,0,차량단독 - 기타,안전운전불이행,건조,맑음,단일로 - 기타,승합,남,65세,상해없음,,,,
2011081800100392,2011년 8월 18일 15시,목요일,인천광역시 중구 항동7가,사망사고,1,0,0,0,차량단독 - 기타,안전운전불이행,건조,맑음,단일로 - 횡단보도부근,승합,남,44세,상해없음,,,,
2011081800100393,2011년 8월 18일 15시,목요일,인천광역시 남동구 구월동,경상사고,0,0,1,0,차대차 - 기타,안전운전불이행,건조,맑음,단일로 - 기타,승합,남,53세,상해없음,승용,남,38세,경상
2011081800100428,2011년 8월 18일 16시,목요일,인천광역시 서구 가좌동,중상사고,0,1,0,0,차대차 - 기타,안전거리미확보,건조,맑음,교차로 - 교차로부근,이륜,남,16세,중상,화물,남,43세,상해없음
2011081800100429,2011년 8월 18일 16시,목요일,인천광역시 부평구 부평동,경상사고,0,0,1,0,차대사람 - 차도통행중,신호위반,건조,맑음,단일로 - 기타,승용,남,24세,상해없음,보행자,여,58세,경상
2011081800100470,2011년 8월 18일 17시,목요일,인천광역시 부평구 갈산동,중상사고,0,1,0,0,차대사람 - 횡단중,안전운전불이행,건조,맑음,교차로 - 교차로안,화물,남,33세,상해없음,보행자,여,53세,중상
2011081800100514,2011년 8월 18일 18시,목요일,인천광역시 중구 중산동,중상사고,0,1,0,0,차대차 - 측면직각충돌,중앙선침범,건조,맑음,단일로 - 기타,화물,남,57세,상해없음,이륜,남,43세,중상
2011081800100515,2011년 8월 18일 18시,목요일,인천광역시 서구 검암동,경상사고,0,0,2,0,차대차 - 추돌 - 진행중,안전운전불이행,건조,맑음,교차로 - 교차로안,승용,여,46세,상해없음,승용,남,24세,경상
2011081800100549,2011년 8월 18일 19시,목요일,인천광역시 계양구 작전동,경상사고,0,0,1,0,차대사람 - 기타,기타,건조,맑음,단일로 - 기타,화물,남,59세,상해없음,보행자,여,44세,경상
2011081800100593,2011년 8월 18일 20시,목요일,인천광역시 남동구 만수동,경상사고,0,0,1,0,차대차 - 기타,안전운전불이행,건조,맑음,교차로 - 교차로안,승용,남,22세,상해없음,원동기,남,47세,경상
2011081800100627,2011년 8월 18일 21시,목요일,인천광역시 연수구 선학동,중상사고,0,1,0,0,차대사람 - 기타,안전운전불이행,건조,맑음,교차로 - 교차로안,승용,여,33세,상해없음,보행자,여,19세,중상
2011081800100659,2011년 8월 18일 22시,목요일,인천광역시 동구 화수동,중상사고,0,1,0,0,차대차 - 추돌 - 주정차중,안전운전불이행,건조,맑음,교차로 - 교차로부근,승용,남,33세,상해없음,승용,남,43세,중상
2011081800100660,2011년 8월 18일 22시,목요일,인천광역시 남구 주안동,경상사고,0,0,1,0,차대차 - 측면직각충돌,안전운전불이행,건조,맑음,단일로 - 기타,승용,남,51세,상해없음,화물,남,29세,경상
2011081800100661,2011년 8월 18일 22시,목요일,인천광역시 남동구 논현동,중상사고,0,1,0,0,차대차 - 측면직각충돌,안전운전불이행,건조,맑음,교차로 - 교차로부근,승용,남,51세,상해없음,이륜,남,20세,중상
2011081800100688,2011년 8월 18일 23시,목요일,인천광역시 부평구 부평동,경상사고,0,0,1,0,차대차 - 기타,중앙선침범,건조,맑음,단일로 - 기타,승용,남,28세,상해없음,승용,남,48세,상해없음
2011081900100024,2011년 8월 19일 00시,금요일,인천광역시 남구 주안동,경상사고,0,0,1,0,차대차 - 추돌 - 주정차중,안전운전불이행,건조,맑음,단일로 - 기타,승용,남,44세,상해없음,승용,남,45세,상해없음
2011081900100025,2011년 8월 19일 00시,금요일,인천광역시 남동구 간석동,중상사고,0,2,1,0,차대차 - 측면직각충돌,신호위반,건조,맑음,교차로 - 교차로안,승용,여,30세,경상,승용,남,40세,중상
2011081900100087,2011년 8월 19일 06시,금요일,인천광역시 부평구 부평동,경상사고,0,0,1,0,차대차 - 추돌 - 진행중,안전운전불이행,건조,맑음,교차로 - 교차로부근,승용,남,42세,상해없음,승용,남,47세,경상
2011081900100106,2011년 8월 19일 07시,금요일,인천광역시 남동구 구월동,경상사고,0,0,1,0,차대차 - 추돌 - 진행중,안전거리미확보,건조,맑음,교차로 - 교차로부근,화물,남,49세,상해없음,승용,여,37세,경상
2011081900100133,2011년 8월 19일 08시,금요일,인천광역시 부평구 부평동,경상사고,0,0,1,0,차대차 - 추돌 - 주정차중,안전거리미확보,건조,맑음,교차로 - 교차로부근,승용,여,60세,상해없음,승용,남,58세,경상
2011081900100134,2011년 8월 19일 08시,금요일,인천광역시 남동구 남촌동,경상사고,0,0,1,0,차대차 - 추돌 - 진행중,안전거리미확보,건조,맑음,단일로 - 기타,승합,남,25세,기타불명,승용,남,52세,경상
2011081900100222,2011년 8월 19일 12시,금요일,인천광역시 서구 가정동,중상사고,0,1,0,0,차대차 - 기타,신호위반,건조,맑음,교차로 - 교차로안,화물,남,47세,상해없음,이륜,남,36세,중상
2011081900100249,2011년 8월 19일 13시,금요일,인천광역시 부평구 청천동,경상사고,0,0,1,0,차대사람 - 횡단중,안전운전불이행,건조,맑음,기타 - 기타,기타불명,기타불명,기타불명,기타불명,보행자,남,3세,경상
2011081900100250,2011년 8월 19일 13시,금요일,인천광역시 남동구 간석동,경상사고,0,0,1,0,차대차 - 측면직각충돌,안전거리미확보,건조,맑음,단일로 - 기타,승용,남,49세,상해없음,이륜,남,18세,경상
2011081900100251,2011년 8월 19일 13시,금요일,인천광역시 부평구 삼산동,경상사고,0,0,2,0,차대차 - 측면직각충돌,안전운전불이행,건조,맑음,단일로 - 기타,승용,여,51세,상해없음,승용,남,36세,경상
2011081900100307,2011년 8월 19일 15시,금요일,인천광역시 남동구 구월동,중상사고,0,2,0,0,차대차 - 추돌 - 주정차중,안전거리미확보,건조,맑음,교차로 - 교차로부근,화물,남,62세,상해없음,승용,남,24세,중상
2011081900100349,2011년 8월 19일 16시,금요일,인천광역시 남동구 만수동,경상사고,0,0,2,0,차대차 - 추돌 - 진행중,안전운전불이행,건조,맑음,단일로 - 기타,승용,남,51세,상해없음,승용,남,28세,경상
2011081900100350,2011년 8월 19일 16시,금요일,인천광역시 강화군 길상면,중상사고,0,2,0,0,차대차 - 정면충돌,중앙선침범,건조,맑음,단일로 - 기타,화물,남,59세,상해없음,승용,남,52세,중상
2011081900100351,2011년 8월 19일 16시,금요일,인천광역시 연수구 송도동,중상사고,0,3,0,0,차대차 - 기타,신호위반,건조,맑음,교차로 - 교차로안,승용,남,50세,상해없음,승용,여,55세,중상
2011081900100416,2011년 8월 19일 18시,금요일,인천광역시 중구 항동7가,경상사고,0,0,1,0,차대차 - 기타,안전운전불이행,건조,맑음,교차로 - 교차로부근,승용,남,38세,상해없음,승용,여,40세,경상
2011081900100417,2011년 8월 19일 18시,금요일,인천광역시 부평구 산곡동,중상사고,0,1,0,0,차대사람 - 보도통행중,안전운전불이행,건조,맑음,기타 - 기타,승용,여,27세,상해없음,보행자,남,4세,중상
2011081900100418,2011년 8월 19일 18시,금요일,인천광역시 부평구 갈산동,경상사고,0,0,1,0,차대차 - 측면직각충돌,교차로운행방법위반,건조,맑음,교차로 - 교차로안,화물,남,53세,상해없음,자전거,남,11세,경상
2011081900100492,2011년 8월 19일 20시,금요일,인천광역시 서구 당하동,경상사고,0,0,1,0,차대사람 - 횡단중,보행자보호의무위반,건조,맑음,단일로 - 횡단보도상,승용,여,41세,상해없음,보행자,여,13세,경상
2011081900100493,2011년 8월 19일 20시,금요일,인천광역시 계양구 용종동,중상사고,0,1,0,0,차대차 - 측면직각충돌,중앙선침범,건조,맑음,교차로 - 교차로안,승용,남,40세,상해없음,이륜,남,19세,중상
2011081900100536,2011년 8월 19일 21시,금요일,인천광역시 동구 송림동,경상사고,0,0,1,0,차대차 - 기타,신호위반,건조,맑음,교차로 - 교차로안,승용,여,51세,상해없음,이륜,남,28세,경상
2011081900100569,2011년 8월 19일 22시,금요일,인천광역시 남구 문학동,경상사고,0,0,4,0,차대차 - 측면직각충돌,안전운전불이행,건조,맑음,단일로 - 기타,승용,여,44세,상해없음,승용,남,27세,경상
2011081900100570,2011년 8월 19일 22시,금요일,인천광역시 연수구 동춘동,경상사고,0,0,1,0,차대차 - 기타,안전운전불이행,건조,맑음,단일로 - 기타,승합,남,52세,상해없음,이륜,남,18세,경상
2011081900100571,2011년 8월 19일 22시,금요일,인천광역시 부평구 삼산동,부상신고사고,0,0,0,1,차대사람 - 횡단중,안전운전불이행,건조,맑음,교차로 - 교차로안,승용,남,53세,상해없음,보행자,여,40세,부상신고
2011081900100610,2011년 8월 19일 23시,금요일,인천광역시 부평구 청천동,경상사고,0,0,2,0,차대차 - 측면직각충돌,신호위반,건조,맑음,교차로 - 교차로안,승용,남,26세,상해없음,승용,남,42세,경상
2011082000100051,2011년 8월 20일 01시,토요일,인천광역시 남동구 구월동,경상사고,0,0,2,0,차대차 - 기타,불법유턴,건조,맑음,교차로 - 교차로부근,승용,남,21세,상해없음,승용,남,44세,경상
2011082000100052,2011년 8월 20일 01시,토요일,인천광역시 연수구 연수동,경상사고,0,0,2,0,차대차 - 기타,안전운전불이행,건조,맑음,교차로 - 교차로부근,승용,남,33세,기타불명,승용,남,55세,경상
2011082000100074,2011년 8월 20일 02시,토요일,인천광역시 남동구 간석동,경상사고,0,0,2,0,차대차 - 측면직각충돌,안전운전불이행,건조,맑음,교차로 - 교차로안,기타불명,기타불명,기타불명,기타불명,승용,남,58세,경상
2011082000100092,2011년 8월 20일 03시,토요일,인천광역시 서구 금곡동,중상사고,0,1,0,1,차대차 - 기타,중앙선침범,건조,맑음,단일로 - 기타,승용,남,31세,부상신고,승용,남,50세,중상
2011082000100253,2011년 8월 20일 11시,토요일,인천광역시 남구 주안동,경상사고,0,0,1,0,차대차 - 측면직각충돌,교차로운행방법위반,건조,맑음,교차로 - 교차로안,화물,남,37세,상해없음,이륜,남,33세,경상
2011082000100254,2011년 8월 20일 11시,토요일,인천광역시 부평구 산곡동,중상사고,0,1,0,0,차대차 - 측면직각충돌,안전운전불이행,건조,맑음,단일로 - 횡단보도부근,승용,여,36세,상해없음,자전거,남,72세,중상
2011082000100308,2011년 8월 20일 13시,토요일,인천광역시 중구 항동7가,중상사고,0,1,2,0,차대차 - 추돌 - 주정차중,안전운전불이행,건조,맑음,교차로 - 교차로부근,화물,남,55세,상해없음,화물,남,49세,중상
2011082000100309,2011년 8월 20일 13시,토요일,인천광역시 부평구 삼산동,중상사고,0,1,0,0,차대사람 - 횡단중,안전운전불이행,건조,맑음,단일로 - 기타,원동기,남,40세,상해없음,보행자,여,65세,중상
2011082000100310,2011년 8월 20일 13시,토요일,인천광역시 부평구 부평동,중상사고,0,1,0,0,차대사람 - 횡단중,중앙선침범,건조,맑음,교차로 - 교차로안,이륜,남,23세,상해없음,보행자,남,65세,중상
2011082000100336,2011년 8월 20일 14시,토요일,인천광역시 부평구 청천동,경상사고,0,0,1,0,차대차 - 측면직각충돌,안전운전불이행,건조,맑음,교차로 - 교차로안,승용,남,30세,상해없음,자전거,남,50세,경상
2011082000100337,2011년 8월 20일 14시,토요일,인천광역시 계양구 작전동,경상사고,0,0,1,0,차대사람 - 기타,안전운전불이행,건조,맑음,단일로 - 기타,승용,남,50세,상해없음,보행자,여,25세,경상
2011082000100370,2011년 8월 20일 15시,토요일,인천광역시 남동구 구월동,경상사고,0,0,1,0,차대사람 - 횡단중,안전운전불이행,건조,맑음,교차로 - 교차로안,화물,남,45세,상해없음,보행자,여,53세,경상
2011082000100371,2011년 8월 20일 15시,토요일,인천광역시 계양구,경상사고,0,0,1,0,차대사람 - 보도통행중,안전운전불이행,건조,맑음,기타 - 기타,승용,여,41세,상해없음,보행자,남,63세,경상
2011082000100406,2011년 8월 20일 16시,토요일,인천광역시 남구 주안동,경상사고,0,0,1,0,차대사람 - 보도통행중,기타,건조,맑음,단일로 - 기타,이륜,남,23세,상해없음,보행자,여,33세,경상
2011082000100441,2011년 8월 20일 17시,토요일,인천광역시 부평구 삼산동,경상사고,0,0,1,0,차대차 - 기타,안전운전불이행,건조,맑음,교차로 - 교차로안,승용,여,43세,상해없음,이륜,남,17세,경상
2011082000100442,2011년 8월 20일 17시,토요일,인천광역시 부평구 삼산동,중상사고,0,2,1,0,차대차 - 측면직각충돌,안전운전불이행,건조,맑음,단일로 - 기타,승용,여,30세,상해없음,승용,남,66세,상해없음
2011082000100472,2011년 8월 20일 18시,토요일,인천광역시 강화군 양도면,중상사고,0,1,0,0,차대사람 - 횡단중,안전운전불이행,건조,맑음,단일로 - 기타,승용,남,47세,상해없음,보행자,여,11세,중상
2011082000100473,2011년 8월 20일 18시,토요일,인천광역시 연수구 송도동,경상사고,0,0,2,0,차대차 - 측면직각충돌,신호위반,건조,맑음,교차로 - 교차로안,승용,남,31세,상해없음,승용,여,45세,경상
2011082000100564,2011년 8월 20일 20시,토요일,인천광역시 남동구 구월동,경상사고,0,0,1,0,차대사람 - 기타,안전운전불이행,건조,맑음,단일로 - 기타,승용,남,49세,상해없음,보행자,남,33세,경상
2011082000100565,2011년 8월 20일 20시,토요일,인천광역시 연수구 연수동,중상사고,0,1,0,0,차대사람 - 횡단중,안전운전불이행,건조,맑음,단일로 - 기타,승용,남,46세,상해없음,보행자,남,65세,중상
2011082000100634,2011년 8월 20일 22시,토요일,인천광역시 부평구 부평동,경상사고,0,0,3,0,차대차 - 기타,안전거리미확보,건조,맑음,단일로 - 기타,승합,남,54세,상해없음,승합,남,55세,상해없음
2011082000100635,2011년 8월 20일 22시,토요일,인천광역시 계양구 박촌동,경상사고,0,0,1,0,차대차 - 측면직각충돌,안전거리미확보,건조,맑음,교차로 - 교차로부근,원동기,남,47세,상해없음,승용,남,39세,상해없음
2011082000100636,2011년 8월 20일 22시,토요일,인천광역시 계양구 계산동,중상사고,0,1,0,0,차대차 - 측면직각충돌,중앙선침범,건조,맑음,교차로 - 교차로안,승용,남,56세,상해없음,이륜,남,25세,중상
2011082000100679,2011년 8월 20일 23시,토요일,인천광역시 남동구 논현동,중상사고,0,1,0,0,차대사람 - 기타,안전운전불이행,건조,맑음,교차로 - 교차로안,승용,남,39세,상해없음,보행자,남,42세,중상
2011082000100680,2011년 8월 20일 23시,토요일,인천광역시 서구 백석동,중상사고,0,1,0,0,차대차 - 기타,안전운전불이행,건조,맑음,단일로 - 기타,원동기,남,35세,상해없음,승용,남,18세,상해없음
2011082100100036,2011년 8월 21일 00시,일요일,인천광역시 남동구 만수동,경상사고,0,0,1,0,차대차 - 기타,안전운전불이행,건조,맑음,단일로 - 기타,승용,남,28세,상해없음,승용,남,37세,경상
2011082100100037,2011년 8월 21일 00시,일요일,인천광역시 연수구 연수동,경상사고,0,0,1,0,차대차 - 측면직각충돌,안전운전불이행,건조,맑음,단일로 - 기타,자전거,남,16세,경상,승용,남,24세,상해없음
2011082100100061,2011년 8월 21일 01시,일요일,인천광역시 계양구 계산동,중상사고,0,1,1,0,차대사람 - 기타,안전운전불이행,건조,맑음,교차로 - 교차로부근,승용,남,26세,상해없음,보행자,남,29세,중상
2011082100100126,2011년 8월 21일 05시,일요일,인천광역시 서구 가좌동,중상사고,0,1,0,0,차대차 - 기타,안전운전불이행,건조,맑음,교차로 - 교차로안,승용,남,59세,상해없음,이륜,남,75세,중상
2011082100100136,2011년 8월 21일 06시,일요일,인천광역시 남동구 간석동,중상사고,0,3,0,1,차대차 - 측면직각충돌,신호위반,건조,맑음,교차로 - 교차로안,승용,여,29세,부상신고,승용,남,58세,중상
2011082100100146,2011년 8월 21일 07시,일요일,인천광역시 계양구 귤현동,중상사고,0,1,0,0,차대사람 - 횡단중,안전운전불이행,건조,맑음,단일로 - 기타,승용,남,52세,상해없음,보행자,남,19세,중상