사고번호,사고일시,요일,시군구,사고내용,사망자수,중상자수,경상자수,부상신고자수,사고유형,법규위반,노면상태,기상상태,도로형태,가해운전자 차종,가해운전자 성별,가해운전자 연령,가해운전자 상해정도,피해운전자 차종,피해운전자 성별,피해운전자 연령,피해운전자 상해정도
2011082100100205,2011년 8월 21일 11시,일요일,인천광역시 중구 을왕동,경상사고,0,0,5,0,차대차 - 추돌 - 주정차중,안전운전불이행,건조,맑음,단일로 - 기타,승용,남,37세,상해없음,승용,남,33세,경상
2011082100100206,2011년 8월 21일 11시,일요일,인천광역시 서구 심곡동,경상사고,0,0,1,1,차대차 - 측면직각충돌,신호위반,건조,맑음,교차로 - 교차로안,승용,남,56세,부상신고,승용,남,44세,경상
2011082100100227,2011년 8월 21일 12시,일요일,인천광역시 옹진군 백령면,중상사고,0,1,0,0,차대차 - 추돌 - 진행중,안전운전불이행,건조,맑음,교차로 - 교차로안,승용,남,53세,상해없음,원동기,남,67세,중상
2011082100100228,2011년 8월 21일 12시,일요일,인천광역시 남구 도화동,중상사고,0,1,0,1,차대사람 - 기타,안전운전불이행,건조,맑음,기타 - 기타,승용,여,51세,상해없음,보행자,남,60세,부상신고
2011082100100229,2011년 8월 21일 12시,일요일,인천광역시 부평구 부평동,중상사고,0,1,0,0,차대차 - 측면직각충돌,신호위반,건조,맑음,단일로 - 횡단보도부근,승용,남,39세,상해없음,원동기,남,73세,중상
2011082100100256,2011년 8월 21일 13시,일요일,인천광역시 중구 운서동,경상사고,0,0,2,0,차대차 - 기타,안전운전불이행,건조,맑음,단일로 - 기타,승용,남,25세,상해없음,승용,남,30세,경상
2011082100100257,2011년 8월 21일 13시,일요일,인천광역시 계양구 계산동,중상사고,0,1,4,0,차대차 - 기타,중앙선침범,건조,맑음,교차로 - 교차로안,이륜,남,19세,중상,승용,남,34세,경상
2011082100100283,2011년 8월 21일 14시,일요일,인천광역시 남구 주안동,경상사고,0,0,1,0,차대차 - 기타,안전운전불이행,건조,맑음,단일로 - 횡단보도부근,원동기,남,82세,경상,승용,남,72세,상해없음
2011082100100284,2011년 8월 21일 14시,일요일,인천광역시 부평구 십정동,경상사고,0,0,2,0,차대사람 - 보도통행중,기타,건조,맑음,교차로 - 교차로부근,원동기,남,18세,상해없음,보행자,여,19세,경상
2011082100100311,2011년 8월 21일 15시,일요일,인천광역시 강화군 화도면,중상사고,0,1,0,0,차대차 - 추돌 - 진행중,안전운전불이행,건조,맑음,교차로 - 교차로부근,이륜,남,57세,중상,승용,남,38세,상해없음
2011082100100342,2011년 8월 21일 16시,일요일,인천광역시 남동구 구월동,경상사고,0,0,1,0,차대차 - 추돌 - 주정차중,안전운전불이행,건조,맑음,교차로 - 교차로부근,승용,남,36세,상해없음,승용,남,49세,경상
2011082100100370,2011년 8월 21일 17시,일요일,인천광역시 남동구 도림동,중상사고,0,1,0,0,차대사람 - 횡단중,안전운전불이행,건조,맑음,단일로 - 횡단보도부근,승용,남,30세,상해없음,보행자,여,35세,중상
2011082100100392,2011년 8월 21일 18시,일요일,인천광역시 중구 내동,경상사고,0,0,1,0,차대사람 - 기타,안전운전불이행,건조,맑음,단일로 - 기타,승용,기타불명,기타불명,기타불명,보행자,여,43세,경상
2011082100100393,2011년 8월 21일 18시,일요일,인천광역시 부평구 부평동,경상사고,0,0,2,0,차대차 - 측면직각충돌,불법유턴,건조,맑음,단일로 - 횡단보도상,이륜,남,43세,경상,승용,남,22세,경상
2011082100100394,2011년 8월 21일 18시,일요일,인천광역시 남동구 고잔동,경상사고,0,0,2,0,차대차 - 추돌 - 주정차중,안전운전불이행,건조,맑음,단일로 - 기타,승용,남,37세,상해없음,승용,남,51세,경상
2011082100100433,2011년 8월 21일 19시,일요일,인천광역시 중구 인현동,중상사고,0,3,3,0,차대차 - 기타,안전운전불이행,건조,맑음,단일로 - 기타,승용,여,57세,중상,승용,남,63세,경상
2011082100100464,2011년 8월 21일 20시,일요일,인천광역시 남동구 논현동,중상사고,0,1,0,0,차대차 - 기타,안전운전불이행,건조,맑음,교차로 - 교차로부근,승용,남,37세,상해없음,이륜,남,53세,중상
2011082100100531,2011년 8월 21일 23시,일요일,인천광역시 강화군 화도면,중상사고,0,1,0,0,차대차 - 기타,안전운전불이행,건조,기타,기타 - 기타,화물,기타불명,기타불명,기타불명,승용,남,56세,중상
2011082200100008,2011년 8월 22일 00시,월요일,인천광역시 남동구 구월동,경상사고,0,0,1,0,차대차 - 추돌 - 주정차중,안전운전불이행,건조,맑음,교차로 - 교차로부근,이륜,남,22세,상해없음,승용,여,41세,경상
2011082200100013,2011년 8월 22일 01시,월요일,인천광역시 남동구 만수동,경상사고,0,0,2,0,차대차 - 기타,안전운전불이행,건조,맑음,교차로 - 교차로안,승용,남,23세,상해없음,이륜,남,17세,경상
2011082200100044,2011년 8월 22일 05시,월요일,인천광역시 남동구 구월동,경상사고,0,0,1,0,차대차 - 기타,신호위반,건조,맑음,교차로 - 교차로안,승용,남,21세,상해없음,승용,남,55세,경상
2011082200100054,2011년 8월 22일 06시,월요일,인천광역시 남동구 만수동,경상사고,0,0,1,0,차대차 - 추돌 - 주정차중,안전운전불이행,건조,맑음,단일로 - 횡단보도부근,승용,남,53세,상해없음,승용,남,42세,경상
2011082200100055,2011년 8월 22일 06시,월요일,인천광역시 서구 검암동,부상신고사고,0,0,0,1,차대사람 - 차도통행중,안전운전불이행,건조,맑음,단일로 - 기타,승용,남,48세,상해없음,보행자,여,18세,부상신고
2011082200100137,2011년 8월 22일 09시,월요일,인천광역시 연수구 옥련동,중상사고,0,1,0,0,차대사람 - 기타,안전운전불이행,건조,맑음,단일로 - 기타,승합,남,51세,상해없음,보행자,여,66세,중상
2011082200100165,2011년 8월 22일 10시,월요일,인천광역시 서구 연희동,경상사고,0,0,3,0,차대차 - 측면직각충돌,신호위반,건조,맑음,교차로 - 교차로안,승용,남,66세,상해없음,승합,남,61세,경상
2011082200100166,2011년 8월 22일 10시,월요일,인천광역시 부평구 삼산동,경상사고,0,0,1,0,차대차 - 기타,안전운전불이행,건조,맑음,단일로 - 기타,승용,남,19세,상해없음,화물,남,54세,경상
2011082200100194,2011년 8월 22일 11시,월요일,인천광역시 서구 신현동,경상사고,0,0,1,0,차대차 - 추돌 - 주정차중,안전운전불이행,건조,맑음,단일로 - 기타,화물,남,52세,기타불명,승용,남,39세,경상
2011082200100222,2011년 8월 22일 12시,월요일,인천광역시 남구 숭의동,경상사고,0,0,1,0,차대차 - 측면직각충돌,안전운전불이행,건조,맑음,교차로 - 교차로안,화물,남,20세,상해없음,자전거,남,68세,경상
2011082200100286,2011년 8월 22일 14시,월요일,인천광역시 부평구 산곡동,경상사고,0,0,5,0,차대사람 - 길가장자리구역통행중,안전운전불이행,건조,맑음,단일로 - 기타,승용,남,53세,상해없음,보행자,남,17세,경상
2011082200100287,2011년 8월 22일 14시,월요일,인천광역시 서구 석남동,중상사고,0,1,0,0,차대사람 - 길가장자리구역통행중,안전운전불이행,건조,맑음,단일로 - 기타,승용,남,50세,상해없음,보행자,남,19세,중상
2011082200100318,2011년 8월 22일 15시,월요일,인천광역시 서구 심곡동,경상사고,0,0,1,0,차대사람 - 횡단중,보행자보호의무위반,건조,맑음,교차로 - 교차로안,승용,남,52세,상해없음,보행자,남,12세,경상
2011082200100319,2011년 8월 22일 15시,월요일,인천광역시 연수구 연수동,경상사고,0,0,1,0,차대차 - 기타,안전운전불이행,건조,맑음,단일로 - 기타,승용,여,58세,상해없음,승용,여,34세,경상
2011082200100351,2011년 8월 22일 16시,월요일,인천광역시 남동구 장수동,중상사고,0,2,1,0,차대차 - 추돌 - 주정차중,안전운전불이행,건조,맑음,단일로 - 기타,승용,남,43세,상해없음,승용,남,44세,중상
2011082200100352,2011년 8월 22일 16시,월요일,인천광역시 남동구 만수동,경상사고,0,0,2,0,차대차 - 측면직각충돌,안전운전불이행,건조,맑음,교차로 - 교차로부근,승용,남,34세,상해없음,승용,남,30세,경상
2011082200100353,2011년 8월 22일 16시,월요일,인천광역시 강화군 화도면,중상사고,0,2,0,0,차대차 - 측면직각충돌,중앙선침범,건조,맑음,단일로 - 기타,승용,남,56세,상해없음,승용,남,42세,중상
2011082200100354,2011년 8월 22일 16시,월요일,인천광역시 연수구 송도동,중상사고,0,1,1,0,차대사람 - 횡단중,안전운전불이행,건조,맑음,단일로 - 기타,이륜,남,34세,상해없음,보행자,여,32세,경상
2011082200100396,2011년 8월 22일 17시,월요일,인천광역시 부평구 부평동,중상사고,0,1,0,0,차대차 - 기타,안전운전불이행,습기,비,단일로 - 횡단보도부근,승용,남,31세,상해없음,자전거,남,25세,중상
2011082200100397,2011년 8월 22일 17시,월요일,인천광역시 부평구 청천동,경상사고,0,0,1,0,차량단독 - 기타,안전운전불이행,습기,비,단일로 - 기타,승합,남,53세,기타불명,,,,
2011082200100398,2011년 8월 22일 17시,월요일,인천광역시 연수구 청학동,중상사고,0,1,0,0,차대차 - 측면직각충돌,교차로운행방법위반,건조,맑음,교차로 - 교차로안,승용,여,54세,상해없음,자전거,여,55세,중상
2011082200100436,2011년 8월 22일 18시,월요일,인천광역시 남구 주안동,경상사고,0,0,1,0,차대사람 - 기타,안전운전불이행,건조,맑음,단일로 - 기타,자전거,남,33세,상해없음,보행자,여,39세,경상
2011082200100437,2011년 8월 22일 18시,월요일,인천광역시 남동구 만수동,중상사고,0,1,0,0,차대차 - 기타,안전운전불이행,건조,맑음,교차로 - 교차로안,원동기,남,24세,중상,승용,남,49세,상해없음
2011082200100484,2011년 8월 22일 19시,월요일,인천광역시 계양구 용종동,중상사고,0,1,1,0,차대차 - 측면직각충돌,신호위반,건조,맑음,교차로 - 교차로부근,승용,남,54세,상해없음,이륜,남,16세,중상
2011082200100485,2011년 8월 22일 19시,월요일,인천광역시 부평구 부평동,중상사고,0,1,0,0,차대차 - 정면충돌,중앙선침범,건조,맑음,단일로 - 기타,승용,남,55세,상해없음,이륜,남,18세,중상
2011082200100521,2011년 8월 22일 20시,월요일,인천광역시 부평구 청천동,경상사고,0,0,2,0,차대차 - 정면충돌,신호위반,습기,흐림,교차로 - 교차로안,화물,남,46세,상해없음,승용,남,35세,상해없음
2011082200100554,2011년 8월 22일 21시,월요일,인천광역시 남구 주안동,경상사고,0,0,1,0,차대차 - 추돌 - 진행중,차로위반,건조,맑음,교차로 - 교차로안,건설기계,남,49세,상해없음,승용,남,32세,경상
2011082200100555,2011년 8월 22일 21시,월요일,인천광역시 부평구 십정동,경상사고,0,0,1,0,차대사람 - 횡단중,안전운전불이행,습기,흐림,교차로 - 교차로안,승용,남,34세,상해없음,보행자,남,39세,경상
2011082200100556,2011년 8월 22일 21시,월요일,인천광역시 서구 석남동,경상사고,0,0,4,0,차대차 - 추돌 - 주정차중,안전운전불이행,건조,맑음,교차로 - 교차로부근,승용,남,29세,상해없음,승용,남,51세,경상
2011082200100604,2011년 8월 22일 23시,월요일,인천광역시 연수구 옥련동,중상사고,0,1,1,0,차대차 - 추돌 - 주정차중,안전운전불이행,건조,맑음,단일로 - 기타,승용,남,40세,상해없음,승용,여,49세,중상
2011082300100019,2011년 8월 23일 00시,화요일,인천광역시 부평구 십정동,경상사고,0,0,1,0,차대차 - 측면직각충돌,안전운전불이행,습기,흐림,교차로 - 교차로부근,승용,남,40세,상해없음,승용,남,50세,경상
2011082300100020,2011년 8월 23일 00시,화요일,인천광역시 서구 연희동,경상사고,0,0,1,0,차대사람 - 기타,안전운전불이행,건조,맑음,기타 - 기타,승합,남,31세,상해없음,보행자,남,50세,경상
2011082300100021,2011년 8월 23일 00시,화요일,인천광역시 계양구 박촌동,중상사고,0,1,0,0,차대차 - 측면직각충돌,차로위반,건조,맑음,교차로 - 교차로부근,승용,남,25세,상해없음,승용,남,29세,중상
2011082300100034,2011년 8월 23일 01시,화요일,인천광역시 부평구 십정동,경상사고,0,0,1,0,차대사람 - 기타,안전운전불이행,건조,맑음,단일로 - 기타,승용,여,38세,상해없음,보행자,남,36세,경상
2011082300100035,2011년 8월 23일 01시,화요일,인천광역시 남동구 간석동,중상사고,0,1,4,0,차대차 - 측면직각충돌,안전운전불이행,건조,맑음,교차로 - 교차로안,승용,남,33세,상해없음,승용,남,52세,경상
2011082300100036,2011년 8월 23일 01시,화요일,인천광역시 부평구 삼산동,중상사고,0,1,0,0,차대사람 - 횡단중,신호위반,건조,맑음,단일로 - 횡단보도상,이륜,남,34세,상해없음,보행자,남,27세,중상
2011082300100046,2011년 8월 23일 02시,화요일,인천광역시 연수구 연수동,중상사고,0,1,0,0,차대사람 - 기타,중앙선침범,건조,맑음,기타 - 기타,승용,남,29세,상해없음,보행자,남,26세,중상
2011082300100073,2011년 8월 23일 05시,화요일,인천광역시 부평구,중상사고,0,1,0,0,차대사람 - 기타,안전운전불이행,건조,맑음,교차로 - 교차로안,승용,남,49세,상해없음,보행자,여,60세,중상
2011082300100089,2011년 8월 23일 06시,화요일,인천광역시 서구 마전동,중상사고,0,1,0,0,차대차 - 추돌 - 주정차중,안전운전불이행,건조,맑음,교차로 - 교차로부근,승용,남,42세,상해없음,승합,남,47세,중상
2011082300100119,2011년 8월 23일 07시,화요일,인천광역시 서구 석남동,경상사고,0,0,4,0,차대차 - 측면직각충돌,신호위반,건조,맑음,교차로 - 교차로부근,승용,남,53세,상해없음,승용,남,45세,경상
2011082300100120,2011년 8월 23일 07시,화요일,인천광역시 계양구 노오지동,중상사고,0,1,2,0,차대차 - 추돌 - 진행중,안전운전불이행,건조,맑음,단일로 - 기타,승용,남,30세,상해없음,승용,남,26세,경상
2011082300100121,2011년 8월 23일 07시,화요일,인천광역시 서구 경서동,중상사고,0,2,1,0,차대차 - 측면직각충돌,안전운전불이행,건조,맑음,단일로 - 기타,승합,여,38세,상해없음,승용,남,54세,중상
2011082300100152,2011년 8월 23일 08시,화요일,인천광역시 서구 경서동,중상사고,0,1,0,0,차대사람 - 기타,안전운전불이행,건조,맑음,단일로 - 교량,승합,남,57세,상해없음,보행자,남,40세,중상
2011082300100180,2011년 8월 23일 09시,화요일,인천광역시 부평구 부평동,경상사고,0,0,1,0,차대사람 - 기타,안전운전불이행,건조,맑음,단일로 - 기타,승용,남,57세,상해없음,보행자,여,8세,경상
2011082300100181,2011년 8월 23일 09시,화요일,인천광역시 남동구 간석동,경상사고,0,0,1,0,차대차 - 측면직각충돌,차로위반,건조,맑음,단일로 - 기타,이륜,남,77세,경상,승합,남,61세,상해없음
2011082300100182,2011년 8월 23일 09시,화요일,인천광역시 연수구 청학동,경상사고,0,0,1,0,차대차 - 측면직각충돌,안전운전불이행,건조,맑음,교차로 - 교차로안,승용,남,44세,상해없음,승용,남,50세,경상
2011082300100267,2011년 8월 23일 12시,화요일,인천광역시 남구 도화동,사망사고,1,0,0,0,차대사람 - 기타,안전운전불이행,건조,맑음,단일로 - 기타,화물,남,42세,상해없음,보행자,남,80세,사망
2011082300100297,2011년 8월 23일 13시,화요일,인천광역시 남구 주안동,중상사고,0,1,0,0,차대차 - 측면직각충돌,안전운전불이행,건조,맑음,교차로 - 교차로부근,이륜,남,19세,중상,승용,남,55세,상해없음
2011082300100364,2011년 8월 23일 15시,화요일,인천광역시 중구 운서동,중상사고,0,2,1,0,차대차 - 정면충돌,중앙선침범,건조,맑음,교차로 - 교차로부근,승용,남,73세,경상,화물,남,32세,중상
2011082300100365,2011년 8월 23일 15시,화요일,인천광역시 남동구 만수동,경상사고,0,0,1,0,차대차 - 측면직각충돌,안전거리미확보,건조,맑음,교차로 - 교차로부근,승용,남,51세,상해없음,승용,남,51세,경상
2011082300100366,2011년 8월 23일 15시,화요일,인천광역시 연수구 청학동,중상사고,0,1,0,0,차대차 - 측면직각충돌,직진우회전진행방해,건조,맑음,교차로 - 교차로안,승용,남,42세,상해없음,승용,여,31세,중상
2011082300100392,2011년 8월 23일 16시,화요일,인천광역시 부평구 산곡동,경상사고,0,0,1,0,차대차 - 기타,안전거리미확보,건조,맑음,단일로 - 기타,승합,남,58세,상해없음,승합,남,46세,상해없음
2011082300100393,2011년 8월 23일 16시,화요일,인천광역시 서구 가좌동,경상사고,0,0,1,1,차대차 - 기타,안전거리미확보,건조,맑음,교차로 - 교차로부근,이륜,남,20세,부상신고,승용,남,54세,경상
2011082300100394,2011년 8월 23일 16시,화요일,인천광역시 연수구 옥련동,중상사고,0,1,0,0,차대사람 - 기타,안전운전불이행,건조,맑음,단일로 - 기타,승용,여,43세,상해없음,보행자,남,52세,중상
2011082300100395,2011년 8월 23일 16시,화요일,인천광역시 부평구 갈산동,중상사고,0,1,0,0,차대사람 - 횡단중,신호위반,건조,맑음,단일로 - 횡단보도상,이륜,남,17세,상해없음,보행자,여,7세,중상
2011082300100426,2011년 8월 23일 17시,화요일,인천광역시 강화군 선원면,경상사고,0,0,1,0,차대차 - 추돌 - 진행중,안전운전불이행,건조,맑음,단일로 - 기타,승용,여,41세,상해없음,원동기,남,55세,경상
2011082300100467,2011년 8월 23일 18시,화요일,인천광역시 남동구 서창동,경상사고,0,0,1,0,차대사람 - 기타,보행자보호의무위반,건조,맑음,단일로 - 횡단보도상,이륜,남,33세,상해없음,보행자,여,64세,경상
2011082300100468,2011년 8월 23일 18시,화요일,인천광역시 서구 가정동,경상사고,0,0,2,0,차대차 - 측면직각충돌,안전운전불이행,습기,비,단일로 - 기타,승합,남,53세,상해없음,승용,남,38세,경상
2011082300100510,2011년 8월 23일 19시,화요일,인천광역시 남동구 만수동,중상사고,0,1,0,0,차대차 - 정면충돌,교차로운행방법위반,건조,맑음,교차로 - 교차로안,승합,남,28세,상해없음,이륜,남,24세,중상
2011082300100542,2011년 8월 23일 20시,화요일,인천광역시 중구 을왕동,경상사고,0,0,1,0,차대사람 - 기타,안전운전불이행,건조,맑음,단일로 - 기타,승용,남,38세,상해없음,보행자,남,7세,경상
2011082300100543,2011년 8월 23일 20시,화요일,인천광역시 남동구 구월동,중상사고,0,1,0,0,차대차 - 측면직각충돌,교차로운행방법위반,건조,맑음,교차로 - 교차로안,승용,남,36세,상해없음,원동기,남,49세,중상
2011082300100583,2011년 8월 23일 21시,화요일,인천광역시 남구 도화동,경상사고,0,0,1,0,차대차 - 기타,안전운전불이행,건조,맑음,교차로 - 교차로부근,승용,남,29세,상해없음,승용,남,51세,경상
2011082300100617,2011년 8월 23일 22시,화요일,인천광역시 중구 인현동,경상사고,0,0,1,0,차대차 - 기타,신호위반,건조,흐림,교차로 - 교차로부근,승용,남,72세,상해없음,승용,여,46세,경상
2011082300100618,2011년 8월 23일 22시,화요일,인천광역시 중구 운남동,중상사고,0,1,0,0,차대사람 - 횡단중,보행자보호의무위반,건조,맑음,단일로 - 횡단보도상,승용,여,31세,상해없음,보행자,여,62세,중상
2011082300100619,2011년 8월 23일 22시,화요일,인천광역시 남구 주안동,중상사고,0,1,0,0,차대차 - 기타,신호위반,건조,맑음,교차로 - 교차로부근,승용,남,45세,기타불명,원동기,남,23세,중상
2011082300100620,2011년 8월 23일 22시,화요일,인천광역시 남구 용현동,경상사고,0,0,2,0,차대사람 - 기타,안전운전불이행,건조,맑음,단일로 - 기타,자전거,여,60세,상해없음,보행자,남,49세,경상
2011082300100621,2011년 8월 23일 22시,화요일,인천광역시 남동구 간석동,경상사고,0,0,1,0,차대차 - 측면직각충돌,교차로운행방법위반,건조,맑음,단일로 - 기타,승용,남,37세,상해없음,승용,남,44세,경상
2011082300100622,2011년 8월 23일 22시,화요일,인천광역시 남동구 간석동,경상사고,0,0,2,0,차대차 - 측면직각충돌,안전운전불이행,건조,맑음,교차로 - 교차로안,이륜,남,17세,상해없음,승용,남,25세,경상
2011082300100653,2011년 8월 23일 23시,화요일,인천광역시 남동구 만수동,중상사고,0,1,1,0,차대차 - 측면직각충돌,안전운전불이행,건조,맑음,교차로 - 교차로안,승용,남,22세,상해없음,승용,남,48세,중상
2011082400100037,2011년 8월 24일 01시,수요일,인천광역시 부평구 청천동,중상사고,0,1,0,0,차대차 - 측면직각충돌,중앙선침범,건조,맑음,교차로 - 교차로부근,승용,남,26세,상해없음,승용,남,50세,중상
2011082400100048,2011년 8월 24일 02시,수요일,인천광역시 부평구 십정동,경상사고,0,0,1,1,차대차 - 기타,안전운전불이행,건조,맑음,단일로 - 기타,승용,남,30세,상해없음,승용,남,39세,부상신고
2011082400100054,2011년 8월 24일 03시,수요일,인천광역시 남구 문학동,경상사고,0,0,2,0,차대차 - 추돌 - 주정차중,안전운전불이행,건조,맑음,교차로 - 교차로부근,승용,여,23세,상해없음,승용,남,59세,경상
2011082400100055,2011년 8월 24일 03시,수요일,인천광역시 연수구 연수동,경상사고,0,0,11,0,차대차 - 측면직각충돌,신호위반,건조,맑음,교차로 - 교차로안,승용,남,51세,상해없음,승용,남,31세,경상
2011082400100134,2011년 8월 24일 08시,수요일,인천광역시 남구 주안동,중상사고,0,2,0,0,차량단독 - 기타,안전운전불이행,건조,맑음,기타 - 기타,승합,남,37세,상해없음,,,,
2011082400100157,2011년 8월 24일 09시,수요일,인천광역시 부평구 부평동,중상사고,0,1,0,0,차대차 - 측면직각충돌,안전운전불이행,건조,맑음,단일로 - 기타,화물,남,43세,상해없음,자전거,여,49세,중상
2011082400100281,2011년 8월 24일 14시,수요일,인천광역시 남구 주안동,경상사고,0,0,1,0,차대차 - 측면직각충돌,안전운전불이행,건조,맑음,단일로 - 기타,화물,남,61세,상해없음,화물,남,31세,경상
2011082400100282,2011년 8월 24일 14시,수요일,인천광역시 남동구 간석동,경상사고,0,0,1,0,차대차 - 기타,안전운전불이행,건조,맑음,교차로 - 교차로부근,승용,남,42세,상해없음,자전거,남,53세,경상
2011082400100283,2011년 8월 24일 14시,수요일,인천광역시 연수구 연수동,중상사고,0,1,0,0,차대차 - 측면직각충돌,안전운전불이행,건조,맑음,단일로 - 횡단보도상,화물,남,71세,상해없음,자전거,남,76세,중상
2011082400100309,2011년 8월 24일 15시,수요일,인천광역시 연수구 동춘동,중상사고,0,1,1,0,차대차 - 추돌 - 주정차중,안전운전불이행,건조,맑음,교차로 - 교차로부근,승합,남,52세,상해없음,승용,여,42세,중상
2011082400100383,2011년 8월 24일 17시,수요일,인천광역시 남동구 장수동,중상사고,0,1,0,0,차대차 - 정면충돌,중앙선침범,건조,맑음,단일로 - 기타,승용,남,37세,상해없음,화물,여,53세,중상
2011082400100384,2011년 8월 24일 17시,수요일,인천광역시 남동구 간석동,중상사고,0,1,0,0,차대차 - 기타,안전운전불이행,건조,맑음,단일로 - 기타,화물,남,51세,상해없음,승용,남,65세,중상
2011082400100385,2011년 8월 24일 17시,수요일,인천광역시 서구 당하동,경상사고,0,0,1,0,차대차 - 기타,안전운전불이행,건조,맑음,교차로 - 교차로안,승용,기타불명,기타불명,기타불명,자전거,남,16세,경상
2011082400100386,2011년 8월 24일 17시,수요일,인천광역시 계양구 효성동,중상사고,0,1,0,0,차대차 - 측면직각충돌,교차로운행방법위반,건조,맑음,교차로 - 교차로안,승용,남,29세,상해없음,이륜,남,45세,중상
2011082400100387,2011년 8월 24일 17시,수요일,인천광역시 계양구 작전동,경상사고,0,0,1,0,차대차 - 측면직각충돌,안전운전불이행,건조,맑음,단일로 - 기타,승용,남,19세,상해없음,승용,남,31세,경상
2011082400100388,2011년 8월 24일 17시,수요일,인천광역시 부평구 부평동,중상사고,0,1,0,0,차대차 - 기타,안전운전불이행,건조,맑음,단일로 - 횡단보도상,승합,여,50세,상해없음,자전거,남,64세,중상
2011082400100507,2011년 8월 24일 20시,수요일,인천광역시 부평구 부평동,중상사고,0,1,0,0,차대차 - 정면충돌,신호위반,건조,맑음,교차로 - 교차로안,이륜,남,18세,상해없음,승용,남,56세,상해없음
2011082400100508,2011년 8월 24일 20시,수요일,인천광역시 서구 왕길동,중상사고,0,1,1,0,차대차 - 기타,신호위반,건조,맑음,교차로 - 교차로안,승용,남,38세,상해없음,승용,남,31세,경상
2011082400100509,2011년 8월 24일 20시,수요일,인천광역시 서구 원창동,경상사고,0,0,1,0,차대차 - 측면직각충돌,신호위반,건조,맑음,단일로 - 교량,승용,남,39세,상해없음,화물,여,59세,경상
2011082400100539,2011년 8월 24일 21시,수요일,인천광역시 남동구 논현동,경상사고,0,0,1,0,차대사람 - 기타,안전운전불이행,건조,맑음,교차로 - 교차로부근,기타불명,기타불명,기타불명,기타불명,보행자,남,42세,경상
2011082400100563,2011년 8월 24일 22시,수요일,인천광역시 남동구 논현동,중상사고,0,1,0,1,차대차 - 측면직각충돌,신호위반,건조,맑음,교차로 - 교차로안,승용,남,44세,상해없음,이륜,남,15세,중상
2011082400100591,2011년 8월 24일 23시,수요일,인천광역시 남동구 논현동,경상사고,0,0,2,0,차대차 - 추돌 - 진행중,안전운전불이행,건조,맑음,교차로 - 교차로부근,승용,남,34세,상해없음,승용,남,36세,경상
2011082400100592,2011년 8월 24일 23시,수요일,인천광역시 계양구 효성동,중상사고,0,1,0,0,차대사람 - 기타,안전운전불이행,건조,맑음,단일로 - 기타,승용,여,45세,상해없음,보행자,남,43세,중상
2011082500100043,2011년 8월 25일 01시,목요일,인천광역시 연수구 청학동,경상사고,0,0,1,0,차대차 - 측면직각충돌,안전운전불이행,건조,맑음,단일로 - 기타,승용,남,31세,상해없음,원동기,남,16세,경상
2011082500100092,2011년 8월 25일 05시,목요일,인천광역시 서구 공촌동,경상사고,0,0,2,0,차대차 - 추돌 - 주정차중,안전운전불이행,건조,맑음,교차로 - 교차로부근,승용,남,58세,상해없음,승용,여,38세,경상
2011082500100112,2011년 8월 25일 06시,목요일,인천광역시 남구 용현동,경상사고,0,0,1,0,차대차 - 측면직각충돌,교차로운행방법위반,건조,맑음,교차로 - 교차로안,승용,남,34세,상해없음,승용,남,44세,경상
2011082500100113,2011년 8월 25일 06시,목요일,인천광역시 서구 심곡동,경상사고,0,0,2,0,차대차 - 기타,안전거리미확보,건조,맑음,교차로 - 교차로안,승용,남,52세,상해없음,승용,남,48세,경상
2011082500100114,2011년 8월 25일 06시,목요일,인천광역시 계양구 장기동,경상사고,0,0,2,0,차대차 - 추돌 - 주정차중,안전거리미확보,건조,맑음,교차로 - 교차로부근,화물,남,31세,상해없음,화물,남,38세,경상
2011082500100145,2011년 8월 25일 07시,목요일,인천광역시 남동구 장수동,경상사고,0,0,1,0,차대차 - 추돌 - 주정차중,안전거리미확보,건조,맑음,단일로 - 기타,승용,남,31세,상해없음,승용,남,32세,경상
2011082500100178,2011년 8월 25일 08시,목요일,인천광역시 남동구 논현동,중상사고,0,1,0,0,차대차 - 기타,안전운전불이행,건조,맑음,단일로 - 기타,승용,여,32세,상해없음,자전거,여,47세,중상
2011082500100179,2011년 8월 25일 08시,목요일,인천광역시 남동구 간석동,중상사고,0,1,0,0,차량단독 - 기타,안전운전불이행,건조,맑음,단일로 - 기타,승합,남,59세,상해없음,,,,
2011082500100180,2011년 8월 25일 08시,목요일,인천광역시 서구 가좌동,중상사고,0,1,1,0,차대차 - 측면직각충돌,중앙선침범,건조,맑음,기타 - 기타,승용,남,34세,상해없음,승용,여,54세,경상
2011082500100277,2011년 8월 25일 11시,목요일,인천광역시 연수구 선학동,경상사고,0,0,1,0,차대차 - 추돌 - 주정차중,안전거리미확보,건조,맑음,교차로 - 교차로부근,승용,기타불명,기타불명,기타불명,승용,여,47세,경상
2011082500100314,2011년 8월 25일 12시,목요일,인천광역시 남구 주안동,중상사고,0,1,0,0,차대차 - 기타,안전운전불이행,건조,맑음,교차로 - 교차로부근,승용,남,53세,상해없음,승용,여,46세,중상
2011082500100315,2011년 8월 25일 12시,목요일,인천광역시 남동구 고잔동,중상사고,0,1,0,0,차대차 - 측면직각충돌,신호위반,건조,맑음,교차로 - 교차로안,특수,남,56세,중상,화물,남,38세,상해없음