사고번호,사고일시,요일,시군구,사고내용,사망자수,중상자수,경상자수,부상신고자수,사고유형,법규위반,노면상태,기상상태,도로형태,가해운전자 차종,가해운전자 성별,가해운전자 연령,가해운전자 상해정도,피해운전자 차종,피해운전자 성별,피해운전자 연령,피해운전자 상해정도
2011082900100388,2011년 8월 29일 15시,월요일,인천광역시 남구 용현동,경상사고,0,0,1,0,차대사람 - 기타,불법유턴,건조,맑음,교차로 - 교차로부근,기타불명,기타불명,기타불명,기타불명,보행자,여,81세,경상
2011082900100427,2011년 8월 29일 16시,월요일,인천광역시 부평구 부개동,경상사고,0,0,1,0,차대차 - 기타,안전운전불이행,건조,맑음,단일로 - 기타,승용,남,59세,상해없음,승용,남,25세,경상
2011082900100464,2011년 8월 29일 17시,월요일,인천광역시 부평구 청천동,경상사고,0,0,1,0,차대차 - 측면직각충돌,불법유턴,건조,맑음,단일로 - 기타,자전거,남,12세,경상,승용,남,51세,상해없음
2011082900100465,2011년 8월 29일 17시,월요일,인천광역시 연수구 옥련동,중상사고,0,1,0,0,차대차 - 측면직각충돌,신호위반,건조,맑음,단일로 - 기타,승용,여,31세,상해없음,승용,여,33세,중상
2011082900100512,2011년 8월 29일 18시,월요일,인천광역시 부평구 부평동,중상사고,0,1,0,0,차량단독 - 기타,기타,건조,맑음,단일로 - 기타,승합,남,65세,상해없음,,,,
2011082900100513,2011년 8월 29일 18시,월요일,인천광역시 부평구 삼산동,경상사고,0,0,1,0,차량단독 - 기타,안전운전불이행,건조,맑음,단일로 - 기타,승합,남,65세,상해없음,,,,
2011082900100552,2011년 8월 29일 19시,월요일,인천광역시 남구 주안동,경상사고,0,0,2,0,차대차 - 기타,안전거리미확보,건조,맑음,교차로 - 교차로안,승용,남,38세,상해없음,화물,남,34세,경상
2011082900100553,2011년 8월 29일 19시,월요일,인천광역시 부평구 부평동,경상사고,0,0,1,0,차대사람 - 횡단중,보행자보호의무위반,건조,맑음,교차로 - 교차로부근,승용,남,31세,상해없음,보행자,여,22세,경상
2011082900100554,2011년 8월 29일 19시,월요일,인천광역시 계양구 작전동,경상사고,0,0,1,0,차대사람 - 횡단중,보행자보호의무위반,건조,맑음,단일로 - 기타,승용,남,31세,상해없음,보행자,여,7세,경상
2011082900100593,2011년 8월 29일 20시,월요일,인천광역시 남구 도화동,중상사고,0,1,1,0,차대차 - 기타,기타,건조,맑음,단일로 - 기타,승합,남,49세,기타불명,승용,남,44세,기타불명
2011082900100594,2011년 8월 29일 20시,월요일,인천광역시 서구 가정동,경상사고,0,0,1,0,차대차 - 추돌 - 진행중,안전거리미확보,건조,맑음,단일로 - 기타,승용,남,51세,상해없음,승용,남,39세,경상
2011082900100595,2011년 8월 29일 20시,월요일,인천광역시 연수구 송도동,경상사고,0,0,1,0,차대차 - 기타,교차로운행방법위반,건조,맑음,교차로 - 교차로안,승용,여,42세,상해없음,원동기,남,17세,경상
2011082900100630,2011년 8월 29일 21시,월요일,인천광역시 남동구 구월동,경상사고,0,0,1,0,차대차 - 기타,안전운전불이행,건조,맑음,교차로 - 교차로부근,화물,남,18세,상해없음,승용,남,43세,경상
2011082900100631,2011년 8월 29일 21시,월요일,인천광역시 서구 원당동,경상사고,0,0,1,0,차대사람 - 기타,안전운전불이행,건조,맑음,기타 - 기타,승용,여,31세,상해없음,보행자,여,29세,경상
2011082900100661,2011년 8월 29일 22시,월요일,인천광역시 남구 주안동,경상사고,0,0,1,0,차대차 - 측면직각충돌,안전운전불이행,건조,맑음,교차로 - 교차로안,승용,남,38세,상해없음,승용,남,39세,경상
2011083000100027,2011년 8월 30일 01시,화요일,인천광역시 남동구 구월동,중상사고,0,1,0,0,차대차 - 기타,안전운전불이행,건조,맑음,단일로 - 기타,승용,남,31세,상해없음,원동기,남,60세,중상
2011083000100028,2011년 8월 30일 01시,화요일,인천광역시 남동구 고잔동,경상사고,0,0,4,0,차대차 - 기타,안전운전불이행,건조,맑음,단일로 - 기타,승용,남,19세,상해없음,승용,남,40세,경상
2011083000100039,2011년 8월 30일 02시,화요일,인천광역시 남구 도화동,경상사고,0,0,4,1,차대차 - 기타,안전운전불이행,건조,맑음,단일로 - 기타,승용,남,26세,부상신고,승용,남,38세,경상
2011083000100040,2011년 8월 30일 02시,화요일,인천광역시 서구 대곡동,경상사고,0,0,1,0,차대사람 - 기타,안전운전불이행,건조,맑음,단일로 - 기타,승용,남,38세,상해없음,보행자,남,48세,경상
2011083000100067,2011년 8월 30일 05시,화요일,인천광역시 연수구 동춘동,사망사고,1,0,0,0,차대차 - 추돌 - 주정차중,안전운전불이행,건조,맑음,교차로 - 교차로부근,승용,남,37세,상해없음,승합,남,37세,상해없음
2011083000100136,2011년 8월 30일 08시,화요일,인천광역시 남구 숭의동,부상신고사고,0,0,0,1,차대차 - 기타,안전운전불이행,건조,맑음,교차로 - 교차로안,자전거,남,68세,부상신고,이륜,남,37세,상해없음
2011083000100137,2011년 8월 30일 08시,화요일,인천광역시 서구 석남동,경상사고,0,0,1,0,차대차 - 추돌 - 진행중,안전운전불이행,건조,맑음,기타 - 기타,승용,남,43세,상해없음,승용,남,26세,경상
2011083000100138,2011년 8월 30일 08시,화요일,인천광역시 계양구 박촌동,중상사고,0,1,0,0,차대사람 - 차도통행중,안전운전불이행,건조,맑음,단일로 - 기타,승합,남,41세,상해없음,보행자,여,58세,중상
2011083000100169,2011년 8월 30일 09시,화요일,인천광역시 부평구 청천동,경상사고,0,0,3,0,차대차 - 측면직각충돌,신호위반,건조,맑음,교차로 - 교차로안,승합,남,55세,상해없음,승용,남,48세,경상
2011083000100170,2011년 8월 30일 09시,화요일,인천광역시 계양구 계산동,경상사고,0,0,1,0,차대차 - 측면직각충돌,안전운전불이행,건조,맑음,교차로 - 교차로부근,승용,남,67세,상해없음,자전거,여,53세,경상
2011083000100171,2011년 8월 30일 09시,화요일,인천광역시 계양구 용종동,경상사고,0,0,2,0,차대차 - 기타,안전운전불이행,건조,맑음,단일로 - 기타,승용,남,56세,경상,승용,남,44세,상해없음
2011083000100206,2011년 8월 30일 10시,화요일,인천광역시 남구 용현동,중상사고,0,1,0,0,차대차 - 기타,안전운전불이행,건조,맑음,단일로 - 기타,승합,남,56세,상해없음,자전거,여,63세,중상
2011083000100207,2011년 8월 30일 10시,화요일,인천광역시 남동구 간석동,경상사고,0,0,1,0,차대사람 - 횡단중,안전운전불이행,건조,맑음,단일로 - 횡단보도부근,승용,남,34세,상해없음,보행자,남,76세,경상
2011083000100208,2011년 8월 30일 10시,화요일,인천광역시 남동구 구월동,중상사고,0,1,0,0,차대차 - 측면직각충돌,기타,건조,맑음,단일로 - 기타,원동기,남,53세,중상,승용,여,37세,상해없음
2011083000100209,2011년 8월 30일 10시,화요일,인천광역시 계양구 계산동,경상사고,0,0,1,0,차대차 - 기타,안전운전불이행,건조,맑음,교차로 - 교차로부근,승용,남,27세,상해없음,승합,남,56세,상해없음
2011083000100247,2011년 8월 30일 11시,화요일,인천광역시 서구 경서동,경상사고,0,0,1,0,차대차 - 측면직각충돌,안전운전불이행,건조,맑음,단일로 - 교량,특수,남,46세,상해없음,승용,남,52세,경상
2011083000100276,2011년 8월 30일 12시,화요일,인천광역시 남구 숭의동,경상사고,0,0,1,0,차대차 - 측면직각충돌,안전운전불이행,건조,맑음,교차로 - 교차로안,승용,남,29세,상해없음,이륜,남,30세,경상
2011083000100277,2011년 8월 30일 12시,화요일,인천광역시 남구 관교동,경상사고,0,0,1,0,차대차 - 추돌 - 주정차중,안전거리미확보,건조,맑음,교차로 - 교차로안,승합,남,48세,상해없음,승용,남,53세,경상
2011083000100278,2011년 8월 30일 12시,화요일,인천광역시 서구 가좌동,경상사고,0,0,1,0,차대사람 - 횡단중,보행자보호의무위반,건조,맑음,교차로 - 교차로부근,승합,남,49세,상해없음,보행자,여,53세,경상
2011083000100305,2011년 8월 30일 13시,화요일,인천광역시 서구 당하동,경상사고,0,0,2,0,차대차 - 측면직각충돌,교차로운행방법위반,건조,맑음,교차로 - 교차로부근,승합,남,48세,상해없음,승용,남,29세,경상
2011083000100306,2011년 8월 30일 13시,화요일,인천광역시 계양구 동양동,경상사고,0,0,1,0,차대차 - 측면직각충돌,신호위반,건조,맑음,교차로 - 교차로안,화물,남,27세,상해없음,원동기,남,42세,경상
2011083000100340,2011년 8월 30일 14시,화요일,인천광역시 서구 석남동,중상사고,0,1,0,0,차대사람 - 횡단중,안전운전불이행,건조,맑음,단일로 - 기타,이륜,남,37세,상해없음,보행자,여,69세,중상
2011083000100378,2011년 8월 30일 15시,화요일,인천광역시 계양구 계산동,중상사고,0,1,1,0,차대차 - 추돌 - 주정차중,안전운전불이행,건조,맑음,단일로 - 기타,승용,남,39세,상해없음,승용,여,50세,경상
2011083000100379,2011년 8월 30일 15시,화요일,인천광역시 연수구 연수동,중상사고,0,1,0,0,차대차 - 정면충돌,안전운전불이행,건조,맑음,교차로 - 교차로안,화물,남,35세,상해없음,이륜,남,36세,중상
2011083000100414,2011년 8월 30일 16시,화요일,인천광역시 서구 가좌동,경상사고,0,0,2,0,차대차 - 기타,중앙선침범,건조,맑음,단일로 - 기타,특수,남,29세,상해없음,승용,남,37세,경상
2011083000100445,2011년 8월 30일 17시,화요일,인천광역시 연수구 옥련동,부상신고사고,0,0,0,1,차대사람 - 기타,안전운전불이행,건조,맑음,단일로 - 기타,승용,기타불명,기타불명,기타불명,보행자,남,55세,부상신고
2011083000100478,2011년 8월 30일 18시,화요일,인천광역시 중구 신흥동3가,경상사고,0,0,1,0,차대차 - 측면직각충돌,안전운전불이행,건조,맑음,교차로 - 교차로안,승용,남,59세,상해없음,자전거,남,51세,경상
2011083000100479,2011년 8월 30일 18시,화요일,인천광역시 동구 화수동,경상사고,0,0,1,0,차대차 - 측면직각충돌,안전운전불이행,건조,맑음,교차로 - 교차로안,승용,남,52세,상해없음,승용,남,30세,경상
2011083000100480,2011년 8월 30일 18시,화요일,인천광역시 부평구 청천동,중상사고,0,2,1,0,차대차 - 기타,안전운전불이행,건조,맑음,교차로 - 교차로부근,승용,여,31세,중상,승용,남,55세,중상
2011083000100481,2011년 8월 30일 18시,화요일,인천광역시 남동구 구월동,경상사고,0,0,1,0,차대차 - 기타,기타,기타,맑음,단일로 - 기타,승용,남,58세,상해없음,승용,남,25세,경상
2011083000100482,2011년 8월 30일 18시,화요일,인천광역시 남동구 고잔동,부상신고사고,0,0,0,1,차대차 - 측면직각충돌,교차로운행방법위반,건조,맑음,교차로 - 교차로안,이륜,남,17세,부상신고,화물,남,41세,상해없음
2011083000100483,2011년 8월 30일 18시,화요일,인천광역시 계양구 효성동,중상사고,0,1,0,0,차대차 - 측면직각충돌,안전거리미확보,건조,맑음,교차로 - 교차로부근,승용,남,64세,상해없음,이륜,남,16세,중상
2011083000100527,2011년 8월 30일 19시,화요일,인천광역시 남동구 장수동,중상사고,0,1,0,0,차대사람 - 차도통행중,안전운전불이행,건조,맑음,단일로 - 기타,승용,여,45세,상해없음,보행자,남,80세,중상
2011083000100567,2011년 8월 30일 20시,화요일,인천광역시 남구 용현동,경상사고,0,0,1,0,차대차 - 기타,안전운전불이행,건조,맑음,교차로 - 교차로부근,자전거,남,22세,상해없음,승합,남,55세,상해없음
2011083000100568,2011년 8월 30일 20시,화요일,인천광역시 강화군 하점면,중상사고,0,1,1,0,차대차 - 측면직각충돌,안전운전불이행,건조,맑음,단일로 - 기타,화물,남,60세,상해없음,승용,남,39세,상해없음
2011083000100597,2011년 8월 30일 21시,화요일,인천광역시 남구 학익동,경상사고,0,0,2,0,차대차 - 측면직각충돌,신호위반,건조,맑음,교차로 - 교차로안,승용,남,57세,상해없음,이륜,남,17세,경상
2011083000100628,2011년 8월 30일 22시,화요일,인천광역시 옹진군 영흥면,경상사고,0,0,1,0,차대차 - 측면직각충돌,중앙선침범,건조,맑음,단일로 - 기타,승합,남,28세,상해없음,승용,남,40세,상해없음
2011083000100629,2011년 8월 30일 22시,화요일,인천광역시 연수구 송도동,중상사고,0,1,1,0,차대차 - 기타,안전운전불이행,건조,맑음,교차로 - 교차로부근,승용,남,40세,상해없음,승용,남,40세,중상
2011083100100042,2011년 8월 31일 02시,수요일,인천광역시 중구 운서동,경상사고,0,0,1,0,차대차 - 기타,안전운전불이행,건조,맑음,단일로 - 기타,승용,남,21세,상해없음,승용,남,21세,상해없음
2011083100100043,2011년 8월 31일 02시,수요일,인천광역시 부평구 산곡동,경상사고,0,0,1,0,차대차 - 측면직각충돌,안전운전불이행,건조,맑음,교차로 - 교차로안,승용,남,46세,상해없음,승용,남,44세,상해없음
2011083100100055,2011년 8월 31일 03시,수요일,인천광역시 남구 관교동,경상사고,0,0,1,0,차대차 - 추돌 - 진행중,안전운전불이행,건조,맑음,단일로 - 기타,승용,남,42세,상해없음,화물,남,50세,상해없음
2011083100100146,2011년 8월 31일 08시,수요일,인천광역시 계양구 작전동,중상사고,0,1,0,0,차대차 - 추돌 - 진행중,안전운전불이행,건조,맑음,단일로 - 기타,승용,남,55세,상해없음,승합,남,39세,상해없음
2011083100100147,2011년 8월 31일 08시,수요일,인천광역시 부평구 삼산동,경상사고,0,0,2,0,차대차 - 측면직각충돌,교차로운행방법위반,건조,맑음,교차로 - 교차로안,승용,남,48세,경상,승용,남,68세,경상
2011083100100178,2011년 8월 31일 09시,수요일,인천광역시 서구 검암동,중상사고,0,1,0,0,차대차 - 추돌 - 진행중,교차로운행방법위반,건조,맑음,교차로 - 교차로안,승용,남,59세,상해없음,이륜,남,29세,중상
2011083100100179,2011년 8월 31일 09시,수요일,인천광역시 부평구 갈산동,경상사고,0,0,1,0,차대차 - 추돌 - 진행중,안전거리미확보,건조,맑음,교차로 - 교차로부근,승용,남,19세,상해없음,승용,남,59세,경상
2011083100100209,2011년 8월 31일 10시,수요일,인천광역시 부평구 산곡동,중상사고,0,1,0,0,차대차 - 측면직각충돌,신호위반,건조,맑음,단일로 - 기타,건설기계,남,61세,상해없음,이륜,남,55세,중상
2011083100100222,2011년 8월 31일 11시,수요일,인천광역시 강화군 강화읍,중상사고,0,1,0,0,차대사람 - 기타,안전운전불이행,건조,맑음,기타 - 기타,화물,남,57세,상해없음,보행자,여,68세,중상
2011083100100290,2011년 8월 31일 13시,수요일,인천광역시 강화군 강화읍,부상신고사고,0,0,0,2,차대차 - 기타,안전운전불이행,건조,맑음,교차로 - 교차로안,화물,남,52세,상해없음,화물,남,45세,상해없음
2011083100100291,2011년 8월 31일 13시,수요일,인천광역시 연수구 동춘동,중상사고,0,2,0,0,차대차 - 측면직각충돌,교차로운행방법위반,건조,맑음,교차로 - 교차로안,승용,여,45세,상해없음,승용,여,36세,중상
2011083100100320,2011년 8월 31일 14시,수요일,인천광역시 계양구 임학동,중상사고,0,1,0,0,차대사람 - 기타,안전운전불이행,건조,맑음,교차로 - 교차로안,화물,남,58세,상해없음,보행자,여,19세,중상
2011083100100354,2011년 8월 31일 15시,수요일,인천광역시 부평구,중상사고,0,1,0,0,차대사람 - 기타,보행자보호의무위반,건조,맑음,단일로 - 횡단보도상,승용,여,55세,상해없음,보행자,남,81세,중상
2011083100100355,2011년 8월 31일 15시,수요일,인천광역시 강화군 화도면,중상사고,0,5,0,0,차대차 - 정면충돌,중앙선침범,건조,맑음,단일로 - 기타,승용,남,33세,중상,승용,남,74세,중상
2011083100100401,2011년 8월 31일 16시,수요일,인천광역시 남구 용현동,경상사고,0,0,1,0,차대사람 - 횡단중,안전운전불이행,건조,맑음,단일로 - 기타,승용,여,40세,상해없음,보행자,남,12세,경상
2011083100100402,2011년 8월 31일 16시,수요일,인천광역시 남동구 장수동,경상사고,0,0,2,0,차대차 - 측면직각충돌,신호위반,건조,맑음,교차로 - 교차로안,화물,남,38세,상해없음,승용,여,47세,경상
2011083100100403,2011년 8월 31일 16시,수요일,인천광역시 연수구 연수동,경상사고,0,0,2,0,차대차 - 기타,중앙선침범,건조,맑음,단일로 - 기타,승용,여,44세,상해없음,승용,남,75세,경상
2011083100100445,2011년 8월 31일 17시,수요일,인천광역시 부평구 청천동,경상사고,0,0,2,0,차대차 - 측면직각충돌,중앙선침범,건조,맑음,단일로 - 기타,승합,남,35세,상해없음,이륜,남,17세,경상
2011083100100446,2011년 8월 31일 17시,수요일,인천광역시 서구 금곡동,중상사고,0,1,0,0,차대차 - 측면직각충돌,안전운전불이행,건조,맑음,단일로 - 기타,화물,남,50세,상해없음,자전거,남,54세,중상
2011083100100538,2011년 8월 31일 19시,수요일,인천광역시 남구 주안동,경상사고,0,0,2,0,차대차 - 추돌 - 주정차중,안전운전불이행,건조,맑음,교차로 - 교차로부근,승용,남,27세,상해없음,승용,남,59세,경상
2011083100100574,2011년 8월 31일 20시,수요일,인천광역시 중구 을왕동,중상사고,0,1,1,0,차대차 - 측면직각충돌,안전운전불이행,건조,맑음,기타 - 기타,승용,남,36세,상해없음,승용,여,41세,경상
2011083100100575,2011년 8월 31일 20시,수요일,인천광역시 서구 석남동,부상신고사고,0,0,0,1,차대차 - 추돌 - 진행중,안전운전불이행,건조,맑음,단일로 - 교량,이륜,남,14세,부상신고,승용,남,33세,상해없음
2011083100100608,2011년 8월 31일 21시,수요일,인천광역시 남구 숭의동,경상사고,0,0,1,0,차대사람 - 기타,기타,건조,맑음,단일로 - 횡단보도부근,승용,남,57세,상해없음,보행자,남,50세,경상
2011083100100609,2011년 8월 31일 21시,수요일,인천광역시 서구 심곡동,중상사고,0,1,0,0,차대사람 - 횡단중,안전운전불이행,건조,맑음,단일로 - 기타,승용,여,35세,상해없음,보행자,여,26세,중상
2011083100100652,2011년 8월 31일 22시,수요일,인천광역시 남구 주안동,경상사고,0,0,1,1,차대차 - 추돌 - 주정차중,안전운전불이행,건조,맑음,단일로 - 기타,승용,남,53세,부상신고,승합,남,46세,상해없음
2011083100100653,2011년 8월 31일 22시,수요일,인천광역시 남동구 구월동,경상사고,0,0,1,0,차대사람 - 기타,안전운전불이행,건조,맑음,교차로 - 교차로안,승용,남,41세,기타불명,보행자,남,51세,경상
2011083100100654,2011년 8월 31일 22시,수요일,인천광역시 서구 석남동,경상사고,0,0,1,0,차대사람 - 횡단중,보행자보호의무위반,건조,맑음,단일로 - 횡단보도상,기타불명,기타불명,기타불명,기타불명,보행자,남,38세,경상
2011083100100655,2011년 8월 31일 22시,수요일,인천광역시 남동구 도림동,경상사고,0,0,1,0,차대차 - 측면직각충돌,안전운전불이행,건조,맑음,단일로 - 기타,기타불명,기타불명,기타불명,기타불명,승합,남,39세,경상
2011083100100678,2011년 8월 31일 23시,수요일,인천광역시 동구 만석동,경상사고,0,0,1,0,차대차 - 기타,기타,건조,맑음,단일로 - 기타,승용,남,31세,기타불명,자전거,남,38세,경상
2011083100100679,2011년 8월 31일 23시,수요일,인천광역시 부평구 십정동,경상사고,0,0,1,0,차대사람 - 횡단중,안전운전불이행,건조,맑음,단일로 - 기타,승용,남,60세,상해없음,보행자,여,19세,경상
2011083100100680,2011년 8월 31일 23시,수요일,인천광역시 서구 연희동,경상사고,0,0,1,0,차대사람 - 횡단중,보행자보호의무위반,건조,맑음,단일로 - 횡단보도상,승용,남,21세,상해없음,보행자,남,43세,경상
2011083100100681,2011년 8월 31일 23시,수요일,인천광역시 계양구 효성동,경상사고,0,0,2,0,차대차 - 기타,기타,건조,맑음,단일로 - 기타,승용,남,26세,상해없음,승합,남,36세,상해없음
2011090100100063,2011년 9월 1일 02시,목요일,인천광역시 남구 주안동,경상사고,0,0,2,0,차대차 - 기타,안전운전불이행,건조,맑음,교차로 - 교차로부근,승용,남,52세,기타불명,승용,남,32세,경상
2011090100100074,2011년 9월 1일 03시,목요일,인천광역시 남구 도화동,경상사고,0,0,1,0,차량단독 - 기타,안전운전불이행,건조,맑음,단일로 - 기타,승용,남,36세,상해없음,,,,
2011090100100116,2011년 9월 1일 06시,목요일,인천광역시 남구 용현동,경상사고,0,0,1,0,차대차 - 측면직각충돌,안전운전불이행,건조,맑음,단일로 - 기타,화물,남,44세,상해없음,승용,남,45세,기타불명
2011090100100117,2011년 9월 1일 06시,목요일,인천광역시 부평구 청천동,중상사고,0,1,1,0,차대차 - 측면직각충돌,차로위반,건조,맑음,교차로 - 교차로부근,승용,남,44세,상해없음,승용,남,54세,경상
2011090100100154,2011년 9월 1일 07시,목요일,인천광역시 남구 도화동,중상사고,0,2,0,0,차대차 - 측면직각충돌,신호위반,건조,맑음,교차로 - 교차로안,승용,남,53세,상해없음,승용,남,44세,상해없음
2011090100100155,2011년 9월 1일 07시,목요일,인천광역시 남구 주안동,경상사고,0,0,1,0,차대사람 - 기타,안전운전불이행,건조,맑음,교차로 - 교차로부근,승용,남,30세,상해없음,보행자,여,85세,경상
2011090100100156,2011년 9월 1일 07시,목요일,인천광역시 남동구 수산동,경상사고,0,0,1,0,차대차 - 측면직각충돌,신호위반,건조,맑음,교차로 - 교차로부근,화물,남,37세,상해없음,승용,여,53세,경상
2011090100100157,2011년 9월 1일 07시,목요일,인천광역시 서구 백석동,경상사고,0,0,3,0,차대차 - 정면충돌,중앙선침범,건조,맑음,교차로 - 교차로부근,승용,남,56세,상해없음,승용,남,36세,경상
2011090100100158,2011년 9월 1일 07시,목요일,인천광역시 서구 가정동,경상사고,0,0,1,0,차대차 - 추돌 - 주정차중,안전운전불이행,건조,맑음,단일로 - 기타,승용,남,58세,상해없음,승용,남,45세,경상
2011090100100206,2011년 9월 1일 08시,목요일,인천광역시 남동구 만수동,경상사고,0,0,1,0,차대차 - 측면직각충돌,안전운전불이행,건조,맑음,단일로 - 기타,승용,여,33세,상해없음,이륜,남,18세,경상
2011090100100207,2011년 9월 1일 08시,목요일,인천광역시 계양구 계산동,경상사고,0,0,2,0,차대차 - 추돌 - 진행중,안전운전불이행,건조,맑음,단일로 - 기타,승용,남,20세,상해없음,승용,여,52세,경상
2011090100100231,2011년 9월 1일 09시,목요일,인천광역시 남구 숭의동,중상사고,0,1,0,0,차대차 - 측면직각충돌,신호위반,건조,맑음,교차로 - 교차로안,승용,남,47세,상해없음,이륜,남,49세,중상
2011090100100232,2011년 9월 1일 09시,목요일,인천광역시 부평구 부평동,경상사고,0,0,1,0,차대차 - 측면직각충돌,안전운전불이행,건조,맑음,교차로 - 교차로부근,승용,여,40세,상해없음,승합,남,35세,상해없음
2011090100100258,2011년 9월 1일 10시,목요일,인천광역시 계양구 계산동,경상사고,0,0,1,0,차대차 - 추돌 - 진행중,안전운전불이행,건조,맑음,단일로 - 기타,승용,여,36세,상해없음,승용,남,62세,경상
2011090100100318,2011년 9월 1일 12시,목요일,인천광역시 남구 주안동,경상사고,0,0,2,0,차대차 - 추돌 - 진행중,안전거리미확보,건조,맑음,단일로 - 기타,승용,남,39세,상해없음,승용,남,43세,상해없음
2011090100100348,2011년 9월 1일 13시,목요일,인천광역시 중구 신흥동3가,경상사고,0,0,1,0,차대차 - 측면직각충돌,안전운전불이행,건조,맑음,교차로 - 교차로부근,화물,남,48세,상해없음,자전거,남,49세,경상
2011090100100381,2011년 9월 1일 14시,목요일,인천광역시 남구 용현동,경상사고,0,0,1,0,차대차 - 측면직각충돌,직진우회전진행방해,건조,맑음,교차로 - 교차로안,승용,남,56세,상해없음,자전거,남,73세,경상
2011090100100428,2011년 9월 1일 15시,목요일,인천광역시 남동구 논현동,경상사고,0,0,1,0,차량단독 - 기타,안전운전불이행,건조,맑음,단일로 - 기타,승합,남,50세,상해없음,,,,
2011090100100462,2011년 9월 1일 16시,목요일,인천광역시 중구 북성동1가,중상사고,0,1,0,0,차대차 - 측면직각충돌,안전운전불이행,건조,맑음,교차로 - 교차로부근,건설기계,남,34세,상해없음,원동기,남,57세,중상
2011090100100463,2011년 9월 1일 16시,목요일,인천광역시 부평구 부평동,중상사고,0,1,0,0,차대사람 - 기타,안전운전불이행,건조,맑음,단일로 - 기타,승용,남,38세,상해없음,보행자,남,69세,중상
2011090100100464,2011년 9월 1일 16시,목요일,인천광역시 서구 오류동,중상사고,0,1,0,0,차대차 - 측면직각충돌,안전운전불이행,건조,맑음,교차로 - 교차로안,건설기계,남,45세,상해없음,화물,남,34세,중상
2011090100100497,2011년 9월 1일 17시,목요일,인천광역시 부평구 청천동,경상사고,0,0,1,0,차대차 - 추돌 - 진행중,안전거리미확보,건조,맑음,단일로 - 기타,승용,남,46세,상해없음,자전거,남,44세,경상
2011090100100568,2011년 9월 1일 19시,목요일,인천광역시 연수구 청학동,중상사고,0,1,0,0,차대차 - 측면직각충돌,안전거리미확보,건조,맑음,단일로 - 기타,승용,남,31세,상해없음,원동기,남,58세,중상
2011090100100609,2011년 9월 1일 20시,목요일,인천광역시 남구 용현동,경상사고,0,0,1,0,차대사람 - 횡단중,보행자보호의무위반,건조,맑음,단일로 - 횡단보도상,승합,남,58세,상해없음,보행자,여,65세,경상
2011090100100610,2011년 9월 1일 20시,목요일,인천광역시 서구 심곡동,경상사고,0,0,1,0,차대차 - 측면직각충돌,안전운전불이행,건조,맑음,교차로 - 교차로부근,화물,남,39세,상해없음,승용,남,47세,경상
2011090100100611,2011년 9월 1일 20시,목요일,인천광역시 계양구 효성동,경상사고,0,0,1,0,차대사람 - 기타,안전운전불이행,건조,맑음,교차로 - 교차로부근,승용,남,57세,상해없음,보행자,여,31세,경상
2011090100100683,2011년 9월 1일 22시,목요일,인천광역시 서구 가정동,경상사고,0,0,2,0,차대차 - 기타,안전거리미확보,건조,맑음,교차로 - 교차로부근,승용,남,52세,상해없음,승용,남,24세,상해없음
2011090100100716,2011년 9월 1일 23시,목요일,인천광역시 서구 불로동,경상사고,0,0,1,0,차대사람 - 기타,안전운전불이행,건조,맑음,단일로 - 기타,승용,남,28세,상해없음,보행자,남,41세,경상
2011090200100019,2011년 9월 2일 00시,금요일,인천광역시 부평구 부평동,중상사고,0,2,0,1,차대사람 - 횡단중,보행자보호의무위반,건조,맑음,교차로 - 교차로부근,승합,남,44세,상해없음,보행자,여,41세,중상
2011090200100020,2011년 9월 2일 00시,금요일,인천광역시 남동구 구월동,경상사고,0,0,1,0,차대사람 - 기타,안전운전불이행,건조,맑음,단일로 - 횡단보도상,기타불명,기타불명,기타불명,기타불명,보행자,남,17세,경상
2011090200100021,2011년 9월 2일 00시,금요일,인천광역시 남구 문학동,사망사고,1,0,2,0,차대차 - 정면충돌,안전운전불이행,건조,맑음,단일로 - 교량,승용,남,31세,상해없음,승용,남,23세,사망
2011090200100053,2011년 9월 2일 03시,금요일,인천광역시 부평구 부평동,경상사고,0,0,3,0,차대차 - 기타,안전운전불이행,건조,맑음,교차로 - 교차로부근,승용,남,41세,상해없음,화물,남,35세,경상
2011090200100079,2011년 9월 2일 05시,금요일,인천광역시 연수구 청학동,경상사고,0,0,1,0,차대차 - 추돌 - 진행중,안전운전불이행,건조,맑음,교차로 - 교차로부근,승용,남,27세,상해없음,승용,여,49세,기타불명
2011090200100095,2011년 9월 2일 06시,금요일,인천광역시 부평구 십정동,중상사고,0,1,0,0,차대사람 - 기타,보행자보호의무위반,건조,맑음,단일로 - 횡단보도상,승합,남,28세,상해없음,보행자,여,70세,중상
2011090200100155,2011년 9월 2일 08시,금요일,인천광역시 남동구 만수동,중상사고,0,1,0,0,차대차 - 기타,신호위반,건조,맑음,단일로 - 횡단보도상,승용,여,58세,상해없음,자전거,여,38세,중상
2011090200100156,2011년 9월 2일 08시,금요일,인천광역시 부평구 갈산동,중상사고,0,1,0,0,차대사람 - 길가장자리구역통행중,안전운전불이행,건조,맑음,단일로 - 기타,승용,여,51세,상해없음,보행자,여,24세,중상
2011090200100182,2011년 9월 2일 09시,금요일,인천광역시 남동구 논현동,경상사고,0,0,1,0,차대차 - 측면직각충돌,안전운전불이행,건조,맑음,단일로 - 기타,승용,남,32세,상해없음,자전거,여,35세,경상