사고번호,사고일시,요일,시군구,사고내용,사망자수,중상자수,경상자수,부상신고자수,사고유형,법규위반,노면상태,기상상태,도로형태,가해운전자 차종,가해운전자 성별,가해운전자 연령,가해운전자 상해정도,피해운전자 차종,피해운전자 성별,피해운전자 연령,피해운전자 상해정도
2011091600100141,2011년 9월 16일 08시,금요일,인천광역시 부평구 십정동,경상사고,0,0,2,0,차대차 - 추돌 - 진행중,안전운전불이행,건조,맑음,교차로 - 교차로부근,승용,남,27세,상해없음,승용,남,61세,경상
2011091600100243,2011년 9월 16일 12시,금요일,인천광역시 남구 학익동,경상사고,0,0,1,0,차대사람 - 횡단중,안전운전불이행,건조,맑음,단일로 - 횡단보도부근,기타불명,기타불명,기타불명,기타불명,보행자,남,11세,경상
2011091600100244,2011년 9월 16일 12시,금요일,인천광역시 서구 왕길동,경상사고,0,0,1,0,차대사람 - 기타,안전운전불이행,건조,맑음,단일로 - 기타,승용,남,18세,상해없음,보행자,남,26세,경상
2011091600100270,2011년 9월 16일 13시,금요일,인천광역시 계양구 작전동,중상사고,0,1,0,0,차대사람 - 횡단중,신호위반,건조,맑음,단일로 - 횡단보도상,승용,여,55세,상해없음,보행자,남,7세,중상
2011091600100295,2011년 9월 16일 14시,금요일,인천광역시 부평구 산곡동,경상사고,0,0,1,0,차대차 - 기타,안전거리미확보,건조,맑음,단일로 - 기타,승합,남,44세,상해없음,이륜,남,23세,경상
2011091600100296,2011년 9월 16일 14시,금요일,인천광역시 부평구 부평동,경상사고,0,0,1,0,차대사람 - 기타,보행자보호의무위반,건조,맑음,단일로 - 횡단보도상,이륜,기타불명,기타불명,기타불명,보행자,여,75세,경상
2011091600100335,2011년 9월 16일 15시,금요일,인천광역시 서구 원창동,중상사고,0,1,0,0,차대차 - 기타,안전운전불이행,건조,맑음,교차로 - 교차로부근,건설기계,남,54세,상해없음,이륜,남,31세,중상
2011091600100336,2011년 9월 16일 15시,금요일,인천광역시 서구 가좌동,경상사고,0,0,1,0,차대차 - 기타,안전거리미확보,건조,맑음,단일로 - 기타,승용,여,30세,상해없음,이륜,남,35세,경상
2011091600100364,2011년 9월 16일 16시,금요일,인천광역시 부평구 갈산동,중상사고,0,1,0,0,차대차 - 측면직각충돌,교차로운행방법위반,건조,맑음,교차로 - 교차로부근,승용,남,51세,상해없음,승용,남,46세,중상
2011091600100392,2011년 9월 16일 17시,금요일,인천광역시 강화군 삼산면,중상사고,0,1,0,0,차대차 - 측면직각충돌,중앙선침범,건조,맑음,단일로 - 기타,화물,남,68세,상해없음,이륜,남,80세,중상
2011091600100424,2011년 9월 16일 18시,금요일,인천광역시 서구 가좌동,중상사고,0,1,0,0,차대사람 - 횡단중,보행자보호의무위반,건조,맑음,단일로 - 기타,승용,남,39세,상해없음,보행자,여,10세,중상
2011091600100466,2011년 9월 16일 19시,금요일,인천광역시 중구 항동7가,중상사고,0,1,0,0,차대사람 - 횡단중,중앙선침범,건조,맑음,교차로 - 교차로부근,승용,남,47세,상해없음,보행자,남,52세,중상
2011091600100467,2011년 9월 16일 19시,금요일,인천광역시 남구 주안동,경상사고,0,0,1,0,차대사람 - 기타,기타,건조,맑음,단일로 - 기타,원동기,남,53세,상해없음,보행자,남,5세,경상
2011091600100468,2011년 9월 16일 19시,금요일,인천광역시 서구 연희동,경상사고,0,0,1,0,차대사람 - 기타,안전운전불이행,건조,맑음,교차로 - 교차로부근,이륜,남,16세,상해없음,보행자,남,39세,경상
2011091600100493,2011년 9월 16일 20시,금요일,인천광역시 부평구 십정동,경상사고,0,0,1,0,차대사람 - 길가장자리구역통행중,안전운전불이행,건조,맑음,단일로 - 기타,승용,여,31세,상해없음,보행자,남,50세,경상
2011091600100494,2011년 9월 16일 20시,금요일,인천광역시 계양구 작전동,경상사고,0,0,1,0,차대차 - 추돌 - 진행중,안전운전불이행,건조,맑음,단일로 - 기타,승용,남,52세,상해없음,승용,남,34세,경상
2011091600100525,2011년 9월 16일 21시,금요일,인천광역시 남구 학익동,경상사고,0,0,1,0,차대사람 - 차도통행중,안전운전불이행,건조,맑음,단일로 - 기타,기타불명,기타불명,기타불명,기타불명,보행자,남,15세,경상
2011091600100526,2011년 9월 16일 21시,금요일,인천광역시 부평구 청천동,중상사고,0,1,0,0,차대사람 - 횡단중,안전운전불이행,건조,맑음,단일로 - 기타,화물,남,32세,상해없음,보행자,여,77세,중상
2011091600100582,2011년 9월 16일 23시,금요일,인천광역시 부평구 구산동,경상사고,0,0,1,0,차대차 - 측면직각충돌,안전운전불이행,건조,맑음,교차로 - 교차로부근,승용,남,32세,상해없음,승용,남,69세,경상
2011091700100049,2011년 9월 17일 01시,토요일,인천광역시 서구 연희동,경상사고,0,0,1,0,차대차 - 측면직각충돌,안전운전불이행,건조,맑음,교차로 - 교차로안,승용,남,38세,상해없음,승용,남,59세,경상
2011091700100050,2011년 9월 17일 01시,토요일,인천광역시 부평구 부개동,경상사고,0,0,2,0,차대차 - 측면직각충돌,교차로운행방법위반,건조,맑음,교차로 - 교차로안,승용,남,52세,상해없음,승용,남,30세,경상
2011091700100051,2011년 9월 17일 01시,토요일,인천광역시 계양구 병방동,경상사고,0,0,2,0,차대차 - 추돌 - 주정차중,안전운전불이행,건조,맑음,단일로 - 기타,승용,남,49세,상해없음,승용,남,23세,경상
2011091700100072,2011년 9월 17일 02시,토요일,인천광역시 남구 주안동,경상사고,0,0,1,0,차량단독 - 기타,안전거리미확보,건조,맑음,단일로 - 기타,승용,남,65세,상해없음,,,,
2011091700100073,2011년 9월 17일 02시,토요일,인천광역시 서구 검암동,부상신고사고,0,0,0,1,차량단독 - 공작물충돌,안전운전불이행,건조,맑음,단일로 - 교량,화물,남,32세,부상신고,,,,
2011091700100109,2011년 9월 17일 05시,토요일,인천광역시 남동구 구월동,경상사고,0,0,1,0,차대차 - 기타,교차로운행방법위반,건조,맑음,교차로 - 교차로부근,승용,남,50세,상해없음,승용,남,23세,경상
2011091700100139,2011년 9월 17일 07시,토요일,인천광역시 부평구 갈산동,경상사고,0,0,2,0,차대차 - 정면충돌,중앙선침범,건조,맑음,단일로 - 기타,승용,남,32세,상해없음,화물,남,55세,경상
2011091700100140,2011년 9월 17일 07시,토요일,인천광역시 서구 석남동,경상사고,0,0,4,0,차대차 - 추돌 - 진행중,안전운전불이행,건조,맑음,단일로 - 기타,승용,남,52세,기타불명,화물,남,33세,경상
2011091700100162,2011년 9월 17일 08시,토요일,인천광역시 부평구 부평동,중상사고,0,1,0,0,차대차 - 정면충돌,신호위반,건조,맑음,교차로 - 교차로안,승용,남,61세,상해없음,승용,남,52세,중상
2011091700100219,2011년 9월 17일 10시,토요일,인천광역시 부평구 삼산동,경상사고,0,0,1,0,차대사람 - 기타,안전운전불이행,건조,맑음,단일로 - 기타,승용,남,42세,상해없음,보행자,여,80세,경상
2011091700100245,2011년 9월 17일 11시,토요일,인천광역시 남동구 논현동,중상사고,0,1,0,1,차대차 - 측면직각충돌,신호위반,건조,맑음,교차로 - 교차로안,승합,여,44세,상해없음,승용,남,36세,중상
2011091700100267,2011년 9월 17일 12시,토요일,인천광역시 부평구 부평동,중상사고,0,1,0,0,차대차 - 측면직각충돌,안전운전불이행,건조,맑음,기타 - 기타,화물,남,32세,상해없음,자전거,여,10세,중상
2011091700100268,2011년 9월 17일 12시,토요일,인천광역시 계양구 계산동,경상사고,0,0,1,0,차대차 - 기타,안전운전불이행,건조,맑음,기타 - 기타,자전거,남,14세,경상,승용,남,33세,상해없음
2011091700100298,2011년 9월 17일 13시,토요일,인천광역시 부평구 산곡동,경상사고,0,0,1,0,차대차 - 측면직각충돌,안전거리미확보,건조,맑음,단일로 - 기타,승용,남,44세,상해없음,승용,남,58세,상해없음
2011091700100299,2011년 9월 17일 13시,토요일,인천광역시 남동구 논현동,중상사고,0,1,0,0,차대사람 - 횡단중,안전운전불이행,건조,맑음,단일로 - 기타,승용,여,51세,상해없음,보행자,남,6세,중상
2011091700100326,2011년 9월 17일 14시,토요일,인천광역시 강화군 양사면,중상사고,0,1,0,0,차대사람 - 기타,중앙선침범,건조,맑음,기타 - 기타,승용,남,58세,상해없음,보행자,여,48세,중상
2011091700100351,2011년 9월 17일 15시,토요일,인천광역시 부평구 청천동,중상사고,0,1,0,0,차대차 - 측면직각충돌,교차로운행방법위반,건조,맑음,단일로 - 기타,승용,남,49세,상해없음,승용,남,53세,중상
2011091700100352,2011년 9월 17일 15시,토요일,인천광역시 연수구 선학동,중상사고,0,2,1,0,차대차 - 측면직각충돌,기타,건조,맑음,교차로 - 교차로부근,승합,남,57세,상해없음,이륜,남,27세,중상
2011091700100384,2011년 9월 17일 16시,토요일,인천광역시 서구 마전동,경상사고,0,0,1,0,차대차 - 측면직각충돌,안전거리미확보,건조,맑음,교차로 - 교차로부근,이륜,남,26세,경상,승용,여,39세,상해없음
2011091700100385,2011년 9월 17일 16시,토요일,인천광역시 강화군 길상면,경상사고,0,0,1,1,차대차 - 측면직각충돌,중앙선침범,건조,맑음,기타 - 기타,승용,남,66세,상해없음,승용,남,34세,부상신고
2011091700100421,2011년 9월 17일 17시,토요일,인천광역시 동구 송림동,중상사고,0,1,0,0,차대사람 - 보도통행중,기타,건조,맑음,기타 - 기타,자전거,기타불명,기타불명,기타불명,보행자,남,62세,중상
2011091700100423,2011년 9월 17일 17시,토요일,인천광역시 계양구 효성동,경상사고,0,0,1,0,차대차 - 측면직각충돌,교차로운행방법위반,건조,맑음,교차로 - 교차로안,승용,남,27세,상해없음,승용,남,47세,경상
2011091700100424,2011년 9월 17일 17시,토요일,인천광역시 강화군 선원면,경상사고,0,0,1,0,차대차 - 추돌 - 진행중,중앙선침범,건조,맑음,단일로 - 기타,원동기,남,29세,경상,승합,남,42세,상해없음
2011091700100458,2011년 9월 17일 18시,토요일,인천광역시 서구 석남동,중상사고,0,1,0,0,차대사람 - 횡단중,보행자보호의무위반,건조,맑음,단일로 - 횡단보도상,승용,남,64세,상해없음,보행자,여,46세,중상
2011091700100565,2011년 9월 17일 21시,토요일,인천광역시 계양구 계산동,경상사고,0,0,1,0,차대차 - 기타,안전운전불이행,건조,맑음,기타 - 기타,승용,남,54세,상해없음,이륜,남,31세,경상
2011091700100566,2011년 9월 17일 21시,토요일,인천광역시 부평구 부개동,경상사고,0,0,1,0,차대차 - 추돌 - 주정차중,안전운전불이행,건조,맑음,단일로 - 기타,이륜,남,16세,경상,화물,남,43세,기타불명
2011091700100596,2011년 9월 17일 22시,토요일,인천광역시 남동구 구월동,경상사고,0,0,2,0,차대차 - 추돌 - 주정차중,안전운전불이행,건조,맑음,단일로 - 기타,승용,남,43세,상해없음,승용,남,70세,기타불명
2011091700100597,2011년 9월 17일 22시,토요일,인천광역시 서구 검암동,경상사고,0,0,2,0,차대차 - 정면충돌,안전운전불이행,건조,기타,단일로 - 기타,승용,남,40세,상해없음,승용,여,42세,경상
2011091700100622,2011년 9월 17일 23시,토요일,인천광역시 남동구 수산동,중상사고,0,3,0,0,차대차 - 추돌 - 진행중,안전운전불이행,건조,맑음,단일로 - 교량,승용,남,26세,상해없음,승용,여,57세,중상
2011091800100021,2011년 9월 18일 00시,일요일,인천광역시 남동구 구월동,경상사고,0,0,1,0,차대사람 - 기타,안전운전불이행,건조,맑음,교차로 - 교차로안,승용,남,30세,상해없음,보행자,남,35세,경상
2011091800100042,2011년 9월 18일 01시,일요일,인천광역시 남구 주안동,경상사고,0,0,1,0,차대차 - 추돌 - 진행중,안전운전불이행,건조,맑음,단일로 - 기타,승용,남,24세,상해없음,승용,남,43세,경상
2011091800100043,2011년 9월 18일 01시,일요일,인천광역시 부평구 삼산동,경상사고,0,0,1,0,차대차 - 측면직각충돌,신호위반,건조,맑음,교차로 - 교차로안,승용,남,51세,상해없음,승용,남,56세,상해없음
2011091800100068,2011년 9월 18일 02시,일요일,인천광역시 남구 용현동,경상사고,0,0,1,0,차대차 - 추돌 - 주정차중,안전운전불이행,건조,맑음,단일로 - 기타,승용,남,56세,상해없음,승용,남,52세,기타불명
2011091800100091,2011년 9월 18일 03시,일요일,인천광역시 중구 을왕동,중상사고,0,1,1,0,차대차 - 추돌 - 주정차중,안전운전불이행,건조,맑음,교차로 - 교차로부근,화물,남,67세,상해없음,승용,남,34세,경상
2011091800100133,2011년 9월 18일 06시,일요일,인천광역시 남구 주안동,경상사고,0,0,1,0,차대차 - 추돌 - 진행중,안전운전불이행,건조,맑음,교차로 - 교차로부근,승용,남,31세,상해없음,승용,남,56세,경상
2011091800100134,2011년 9월 18일 06시,일요일,인천광역시 남동구 구월동,중상사고,0,1,0,0,차대사람 - 기타,안전운전불이행,건조,맑음,단일로 - 기타,기타불명,기타불명,기타불명,기타불명,보행자,여,42세,중상
2011091800100146,2011년 9월 18일 07시,일요일,인천광역시 서구 검암동,경상사고,0,0,4,0,차대차 - 추돌 - 주정차중,안전운전불이행,건조,맑음,단일로 - 기타,승용,남,52세,상해없음,화물,남,45세,경상
2011091800100175,2011년 9월 18일 09시,일요일,인천광역시 남동구 구월동,중상사고,0,1,5,0,차대차 - 기타,차로위반,건조,맑음,교차로 - 교차로안,승용,남,26세,상해없음,승합,남,36세,경상
2011091800100260,2011년 9월 18일 13시,일요일,인천광역시 남구 주안동,경상사고,0,0,1,0,차대차 - 측면직각충돌,안전운전불이행,건조,맑음,단일로 - 기타,승용,남,48세,상해없음,승용,남,45세,경상
2011091800100326,2011년 9월 18일 16시,일요일,인천광역시 동구 송림동,중상사고,0,1,0,0,차대차 - 추돌 - 진행중,안전거리미확보,건조,맑음,교차로 - 교차로안,승용,여,33세,중상,승용,남,51세,상해없음
2011091800100352,2011년 9월 18일 17시,일요일,인천광역시 중구 운서동,경상사고,0,0,1,0,차대차 - 측면직각충돌,교차로운행방법위반,건조,맑음,교차로 - 교차로안,승용,남,21세,상해없음,자전거,남,6세,경상
2011091800100414,2011년 9월 18일 19시,일요일,인천광역시 강화군 강화읍,경상사고,0,0,1,0,차량단독 - 기타,안전운전불이행,건조,맑음,교차로 - 교차로부근,승합,남,49세,상해없음,,,,
2011091800100416,2011년 9월 18일 19시,일요일,인천광역시 부평구 부개동,경상사고,0,0,1,0,차대사람 - 차도통행중,안전운전불이행,건조,맑음,단일로 - 기타,승용,남,28세,상해없음,보행자,남,18세,경상
2011091800100477,2011년 9월 18일 21시,일요일,인천광역시 서구 석남동,중상사고,0,1,0,0,차대차 - 기타,안전운전불이행,건조,맑음,단일로 - 기타,승용,남,57세,상해없음,이륜,남,16세,중상
2011091800100478,2011년 9월 18일 21시,일요일,인천광역시 부평구 부평동,경상사고,0,0,1,0,차대차 - 측면직각충돌,안전운전불이행,건조,맑음,교차로 - 교차로안,승용,남,48세,상해없음,원동기,남,19세,경상
2011091800100513,2011년 9월 18일 23시,일요일,인천광역시 부평구 산곡동,중상사고,0,1,2,0,차대차 - 기타,신호위반,건조,맑음,교차로 - 교차로안,승용,남,22세,상해없음,승용,남,46세,중상
2011091800100514,2011년 9월 18일 23시,일요일,인천광역시 남동구 장수동,중상사고,0,1,4,1,차대차 - 기타,안전운전불이행,건조,맑음,단일로 - 기타,승용,여,51세,부상신고,승용,여,40세,경상
2011091900100015,2011년 9월 19일 00시,월요일,인천광역시 연수구 송도동,경상사고,0,0,2,0,차대차 - 기타,안전운전불이행,건조,맑음,교차로 - 교차로부근,승용,여,24세,상해없음,승용,남,36세,경상
2011091900100027,2011년 9월 19일 01시,월요일,인천광역시 서구 가정동,중상사고,0,1,0,0,차량단독 - 공작물충돌,안전운전불이행,건조,맑음,단일로 - 기타,원동기,남,32세,기타불명,,,,
2011091900100037,2011년 9월 19일 02시,월요일,인천광역시 서구 가좌동,중상사고,0,1,0,0,차량단독 - 공작물충돌,안전운전불이행,건조,맑음,교차로 - 교차로부근,승용,남,26세,상해없음,,,,
2011091900100044,2011년 9월 19일 04시,월요일,인천광역시 남동구 남촌동,경상사고,0,0,2,0,차대차 - 추돌 - 주정차중,안전운전불이행,건조,맑음,교차로 - 교차로부근,승용,남,42세,상해없음,승합,남,34세,경상
2011091900100080,2011년 9월 19일 07시,월요일,인천광역시 남동구 구월동,경상사고,0,0,1,0,차대사람 - 기타,안전운전불이행,건조,맑음,단일로 - 기타,승용,남,29세,상해없음,보행자,남,59세,경상
2011091900100081,2011년 9월 19일 07시,월요일,인천광역시 남동구 남촌동,중상사고,0,1,0,0,차대차 - 기타,안전운전불이행,건조,맑음,교차로 - 교차로안,승용,남,52세,기타불명,원동기,남,56세,중상
2011091900100140,2011년 9월 19일 09시,월요일,인천광역시 남구 용현동,경상사고,0,0,1,0,차대차 - 기타,기타,건조,맑음,단일로 - 횡단보도상,승용,남,41세,상해없음,이륜,남,44세,경상
2011091900100141,2011년 9월 19일 09시,월요일,인천광역시 남동구 간석동,중상사고,0,1,0,0,차대사람 - 차도통행중,안전운전불이행,건조,맑음,단일로 - 횡단보도부근,화물,남,59세,상해없음,보행자,여,60세,중상
2011091900100142,2011년 9월 19일 09시,월요일,인천광역시 강화군 강화읍,경상사고,0,0,1,0,차대차 - 기타,안전운전불이행,건조,맑음,단일로 - 기타,승용,남,39세,상해없음,이륜,남,62세,경상
2011091900100166,2011년 9월 19일 10시,월요일,인천광역시 남구 도화동,중상사고,0,1,0,0,차대차 - 측면직각충돌,안전운전불이행,습기,비,교차로 - 교차로부근,승용,남,32세,상해없음,이륜,남,20세,중상
2011091900100190,2011년 9월 19일 11시,월요일,인천광역시 동구 송현동,경상사고,0,0,1,0,차대사람 - 기타,안전운전불이행,건조,맑음,단일로 - 기타,화물,남,31세,상해없음,보행자,여,66세,경상
2011091900100211,2011년 9월 19일 12시,월요일,인천광역시 부평구 청천동,중상사고,0,1,0,0,차대사람 - 차도통행중,안전운전불이행,습기,비,단일로 - 기타,원동기,여,39세,상해없음,보행자,여,85세,중상
2011091900100212,2011년 9월 19일 12시,월요일,인천광역시 서구 심곡동,경상사고,0,0,1,0,차대차 - 측면직각충돌,안전운전불이행,건조,맑음,단일로 - 기타,승용,남,56세,상해없음,승용,남,48세,상해없음
2011091900100243,2011년 9월 19일 13시,월요일,인천광역시 강화군 강화읍,중상사고,0,2,0,0,차대차 - 기타,안전운전불이행,건조,맑음,교차로 - 교차로부근,승용,남,47세,상해없음,승용,남,65세,중상
2011091900100267,2011년 9월 19일 14시,월요일,인천광역시 부평구 십정동,경상사고,0,0,1,0,차대사람 - 길가장자리구역통행중,안전운전불이행,건조,맑음,단일로 - 기타,승용,여,42세,상해없음,보행자,남,30세,경상
2011091900100290,2011년 9월 19일 15시,월요일,인천광역시 중구 신흥동3가,중상사고,0,1,1,0,차대차 - 추돌 - 진행중,안전운전불이행,건조,맑음,교차로 - 교차로부근,화물,남,21세,상해없음,승용,남,52세,중상
2011091900100291,2011년 9월 19일 15시,월요일,인천광역시 동구 금곡동,경상사고,0,0,1,0,차대차 - 추돌 - 진행중,안전거리미확보,건조,흐림,교차로 - 교차로부근,승용,남,44세,상해없음,이륜,남,42세,경상
2011091900100325,2011년 9월 19일 16시,월요일,인천광역시 부평구 청천동,경상사고,0,0,4,0,차대차 - 측면직각충돌,안전운전불이행,건조,맑음,단일로 - 기타,승용,남,30세,경상,화물,남,36세,경상
2011091900100406,2011년 9월 19일 18시,월요일,인천광역시 남동구 만수동,경상사고,0,0,1,0,차량단독 - 기타,기타,건조,맑음,단일로 - 기타,승합,남,65세,상해없음,,,,
2011091900100407,2011년 9월 19일 18시,월요일,인천광역시 남동구 논현동,경상사고,0,0,1,0,차대차 - 측면직각충돌,안전운전불이행,건조,맑음,교차로 - 교차로안,승용,남,55세,상해없음,자전거,남,18세,경상
2011091900100408,2011년 9월 19일 18시,월요일,인천광역시 서구 가좌동,중상사고,0,1,0,0,차대차 - 기타,안전운전불이행,건조,맑음,단일로 - 기타,승용,남,45세,상해없음,이륜,남,18세,중상
2011091900100451,2011년 9월 19일 19시,월요일,인천광역시 남동구 도림동,경상사고,0,0,1,0,차대차 - 추돌 - 진행중,안전운전불이행,건조,맑음,기타 - 기타,승용,여,31세,상해없음,승용,남,25세,경상
2011091900100452,2011년 9월 19일 19시,월요일,인천광역시 연수구 청학동,중상사고,0,1,0,0,차대사람 - 횡단중,안전운전불이행,건조,맑음,교차로 - 교차로안,승용,남,34세,상해없음,보행자,남,45세,중상
2011091900100453,2011년 9월 19일 19시,월요일,인천광역시 연수구 옥련동,중상사고,0,1,0,0,차대사람 - 횡단중,보행자보호의무위반,건조,맑음,단일로 - 기타,화물,남,25세,상해없음,보행자,남,54세,중상
2011091900100482,2011년 9월 19일 20시,월요일,인천광역시 남구 주안동,중상사고,0,1,0,0,차대사람 - 기타,안전운전불이행,건조,맑음,단일로 - 기타,승용,남,21세,상해없음,보행자,남,20세,중상
2011091900100513,2011년 9월 19일 21시,월요일,인천광역시 남구 주안동,중상사고,0,1,0,0,차대차 - 측면직각충돌,신호위반,건조,맑음,교차로 - 교차로안,승용,여,59세,상해없음,이륜,남,38세,중상
2011091900100514,2011년 9월 19일 21시,월요일,인천광역시 남구 도화동,경상사고,0,0,2,0,차대차 - 추돌 - 진행중,기타,건조,맑음,기타 - 기타,승용,남,31세,경상,승용,남,59세,상해없음
2011091900100543,2011년 9월 19일 22시,월요일,인천광역시 중구 경동,경상사고,0,0,3,0,차대차 - 측면직각충돌,중앙선침범,건조,맑음,단일로 - 기타,승용,여,27세,상해없음,승용,남,62세,경상
2011091900100544,2011년 9월 19일 22시,월요일,인천광역시 남동구 만수동,중상사고,0,1,0,0,차대차 - 측면직각충돌,교차로운행방법위반,건조,맑음,교차로 - 교차로안,원동기,남,26세,중상,승용,남,24세,상해없음
2011091900100545,2011년 9월 19일 22시,월요일,인천광역시 연수구 송도동,중상사고,0,1,0,0,차대차 - 측면직각충돌,교차로운행방법위반,건조,맑음,교차로 - 교차로안,승용,남,26세,상해없음,자전거,남,23세,중상
2011091900100575,2011년 9월 19일 23시,월요일,인천광역시 계양구 귤현동,경상사고,0,0,1,0,차대차 - 추돌 - 주정차중,안전운전불이행,건조,맑음,단일로 - 기타,승용,남,54세,상해없음,승합,남,41세,경상
2011092000100018,2011년 9월 20일 00시,화요일,인천광역시 남구 도화동,중상사고,0,1,6,0,차대차 - 추돌 - 주정차중,안전운전불이행,건조,맑음,교차로 - 교차로안,승용,여,64세,상해없음,승용,남,54세,경상
2011092000100019,2011년 9월 20일 00시,화요일,인천광역시 연수구 동춘동,경상사고,0,0,1,0,차대사람 - 보도통행중,안전운전불이행,건조,맑음,단일로 - 기타,승용,남,29세,상해없음,보행자,남,16세,경상
2011092000100138,2011년 9월 20일 08시,화요일,인천광역시 부평구 십정동,중상사고,0,2,0,0,차대차 - 측면직각충돌,안전거리미확보,건조,맑음,단일로 - 횡단보도상,승용,남,56세,중상,승용,남,36세,중상
2011092000100139,2011년 9월 20일 08시,화요일,인천광역시 부평구 부평동,경상사고,0,0,1,0,차대사람 - 길가장자리구역통행중,안전운전불이행,건조,맑음,교차로 - 교차로부근,승용,남,42세,상해없음,보행자,남,72세,경상
2011092000100161,2011년 9월 20일 09시,화요일,인천광역시 남동구 구월동,중상사고,0,1,0,0,차대차 - 측면직각충돌,중앙선침범,건조,맑음,교차로 - 교차로안,승용,남,21세,상해없음,승용,여,49세,중상
2011092000100162,2011년 9월 20일 09시,화요일,인천광역시 계양구 작전동,경상사고,0,0,1,0,차대사람 - 기타,안전운전불이행,건조,맑음,기타 - 기타,화물,남,45세,상해없음,보행자,남,4세,경상
2011092000100163,2011년 9월 20일 09시,화요일,인천광역시 강화군 불은면,중상사고,0,1,0,0,차량단독 - 도로외이탈 - 추락,안전운전불이행,건조,맑음,단일로 - 기타,이륜,남,25세,중상,,,,
2011092000100164,2011년 9월 20일 09시,화요일,인천광역시 부평구 부평동,경상사고,0,0,1,0,차대차 - 기타,안전거리미확보,건조,맑음,단일로 - 기타,승용,남,44세,상해없음,승합,남,51세,상해없음
2011092000100191,2011년 9월 20일 10시,화요일,인천광역시 남구 학익동,경상사고,0,0,2,0,차대차 - 추돌 - 진행중,안전거리미확보,건조,맑음,단일로 - 기타,승용,남,41세,상해없음,화물,남,55세,상해없음
2011092000100212,2011년 9월 20일 11시,화요일,인천광역시 계양구 계산동,중상사고,0,1,0,0,차대차 - 기타,교차로운행방법위반,건조,맑음,단일로 - 기타,화물,남,46세,상해없음,승합,남,46세,상해없음
2011092000100238,2011년 9월 20일 12시,화요일,인천광역시 남구 용현동,경상사고,0,0,2,0,차대차 - 측면직각충돌,안전운전불이행,건조,맑음,교차로 - 교차로안,승용,남,60세,상해없음,승용,남,32세,경상
2011092000100286,2011년 9월 20일 14시,화요일,인천광역시 남구 주안동,경상사고,0,0,1,0,차대차 - 추돌 - 주정차중,안전운전불이행,건조,맑음,기타 - 기타,승용,여,18세,상해없음,승용,여,44세,경상
2011092000100287,2011년 9월 20일 14시,화요일,인천광역시 남동구 간석동,경상사고,0,0,1,0,차대사람 - 기타,안전운전불이행,건조,맑음,단일로 - 기타,승용,남,59세,상해없음,보행자,남,36세,경상
2011092000100288,2011년 9월 20일 14시,화요일,인천광역시 연수구 옥련동,경상사고,0,0,1,0,차대차 - 기타,안전운전불이행,건조,맑음,기타 - 기타,승용,여,47세,상해없음,자전거,남,6세,경상
2011092000100340,2011년 9월 20일 16시,화요일,인천광역시 서구 석남동,부상신고사고,0,0,0,1,차대차 - 측면직각충돌,차로위반,건조,맑음,단일로 - 교량,이륜,남,17세,부상신고,승용,남,26세,상해없음
2011092000100373,2011년 9월 20일 17시,화요일,인천광역시 부평구 부개동,경상사고,0,0,1,0,차대차 - 측면직각충돌,안전운전불이행,건조,맑음,단일로 - 기타,자전거,남,7세,경상,이륜,남,20세,상해없음
2011092000100441,2011년 9월 20일 19시,화요일,인천광역시 남동구 간석동,경상사고,0,0,1,0,차대사람 - 횡단중,보행자보호의무위반,건조,맑음,단일로 - 기타,승용,남,26세,상해없음,보행자,남,6세,경상
2011092000100442,2011년 9월 20일 19시,화요일,인천광역시 남동구 간석동,중상사고,0,1,0,0,차대사람 - 보도통행중,신호위반,건조,맑음,단일로 - 횡단보도상,승용,남,25세,상해없음,보행자,여,23세,중상
2011092000100443,2011년 9월 20일 19시,화요일,인천광역시 부평구 삼산동,경상사고,0,0,1,0,차대차 - 기타,안전운전불이행,건조,맑음,교차로 - 교차로안,승용,남,57세,상해없음,이륜,남,18세,경상
2011092000100444,2011년 9월 20일 19시,화요일,인천광역시 부평구 갈산동,사망사고,1,0,0,0,차대사람 - 횡단중,안전운전불이행,건조,맑음,교차로 - 교차로부근,승합,남,59세,상해없음,보행자,여,46세,사망
2011092000100469,2011년 9월 20일 20시,화요일,인천광역시 남구 주안동,부상신고사고,0,0,0,1,차대사람 - 기타,안전운전불이행,건조,맑음,교차로 - 교차로안,기타불명,기타불명,기타불명,기타불명,보행자,남,45세,부상신고
2011092000100470,2011년 9월 20일 20시,화요일,인천광역시 남구 용현동,경상사고,0,0,1,0,차대사람 - 횡단중,안전운전불이행,건조,맑음,단일로 - 횡단보도부근,승용,남,53세,상해없음,보행자,여,31세,경상
2011092000100471,2011년 9월 20일 20시,화요일,인천광역시 서구 연희동,중상사고,0,1,0,0,차대사람 - 횡단중,보행자보호의무위반,건조,맑음,단일로 - 횡단보도상,승용,남,48세,상해없음,보행자,여,43세,중상
2011092000100511,2011년 9월 20일 21시,화요일,인천광역시 남구 용현동,경상사고,0,0,2,0,차대차 - 기타,안전운전불이행,건조,맑음,교차로 - 교차로부근,화물,남,54세,상해없음,승용,남,28세,경상