사고번호,사고일시,요일,시군구,사고내용,사망자수,중상자수,경상자수,부상신고자수,사고유형,법규위반,노면상태,기상상태,도로형태,가해운전자 차종,가해운전자 성별,가해운전자 연령,가해운전자 상해정도,피해운전자 차종,피해운전자 성별,피해운전자 연령,피해운전자 상해정도
2011092900100313,2011년 9월 29일 11시,목요일,인천광역시 부평구 부평동,중상사고,0,1,0,0,차대차 - 측면직각충돌,교차로운행방법위반,습기,흐림,교차로 - 교차로안,승용,여,40세,상해없음,승용,남,28세,중상
2011092900100314,2011년 9월 29일 11시,목요일,인천광역시 서구 검암동,중상사고,0,1,0,0,차대차 - 추돌 - 진행중,안전운전불이행,습기,비,교차로 - 교차로부근,승합,남,54세,상해없음,승용,남,52세,중상
2011092900100372,2011년 9월 29일 13시,목요일,인천광역시 남동구 간석동,경상사고,0,0,1,0,차대차 - 기타,신호위반,습기,비,교차로 - 교차로안,승용,남,35세,상해없음,이륜,남,37세,경상
2011092900100398,2011년 9월 29일 14시,목요일,인천광역시 남동구 논현동,중상사고,0,1,0,0,차대차 - 측면직각충돌,신호위반,습기,흐림,교차로 - 교차로안,승용,남,38세,상해없음,화물,남,33세,중상
2011092900100399,2011년 9월 29일 14시,목요일,인천광역시 계양구 용종동,중상사고,0,1,0,0,차대차 - 추돌 - 주정차중,안전운전불이행,건조,맑음,단일로 - 기타,승용,남,42세,상해없음,승합,여,54세,중상
2011092900100454,2011년 9월 29일 16시,목요일,인천광역시 중구 항동7가,경상사고,0,0,1,0,차대차 - 측면직각충돌,중앙선침범,건조,맑음,단일로 - 기타,승용,남,50세,상해없음,화물,남,31세,경상
2011092900100455,2011년 9월 29일 16시,목요일,인천광역시 부평구 청천동,중상사고,0,1,0,0,차대사람 - 기타,안전운전불이행,건조,맑음,기타 - 기타,화물,남,51세,상해없음,보행자,남,48세,중상
2011092900100479,2011년 9월 29일 17시,목요일,인천광역시 동구 송림동,중상사고,0,1,1,0,차대차 - 정면충돌,직진우회전진행방해,건조,맑음,교차로 - 교차로안,승용,남,55세,경상,화물,남,23세,중상
2011092900100480,2011년 9월 29일 17시,목요일,인천광역시 연수구 연수동,경상사고,0,0,1,0,차대차 - 추돌 - 주정차중,안전운전불이행,건조,맑음,단일로 - 기타,승용,여,44세,상해없음,승용,여,41세,경상
2011092900100522,2011년 9월 29일 18시,목요일,인천광역시 서구 가좌동,경상사고,0,0,1,0,차대차 - 추돌 - 진행중,안전운전불이행,건조,맑음,교차로 - 교차로안,승용,남,39세,상해없음,이륜,남,17세,경상
2011092900100523,2011년 9월 29일 18시,목요일,인천광역시 계양구 효성동,경상사고,0,0,1,0,차대사람 - 횡단중,안전운전불이행,건조,맑음,단일로 - 기타,승합,남,42세,상해없음,보행자,여,59세,경상
2011092900100553,2011년 9월 29일 19시,목요일,인천광역시 중구 운서동,경상사고,0,0,2,0,차대차 - 측면직각충돌,과속,건조,맑음,단일로 - 기타,승용,남,45세,경상,승용,남,32세,경상
2011092900100588,2011년 9월 29일 20시,목요일,인천광역시 동구 송현동,경상사고,0,0,1,0,차대차 - 측면직각충돌,신호위반,건조,맑음,교차로 - 교차로안,승용,남,27세,상해없음,승용,여,27세,경상
2011092900100589,2011년 9월 29일 20시,목요일,인천광역시 남동구 고잔동,중상사고,0,1,0,0,차대차 - 측면직각충돌,신호위반,건조,맑음,교차로 - 교차로안,승용,남,38세,상해없음,승용,여,28세,중상
2011092900100590,2011년 9월 29일 20시,목요일,인천광역시 서구 연희동,경상사고,0,0,1,0,차대차 - 측면직각충돌,안전운전불이행,건조,맑음,단일로 - 기타,승용,남,44세,상해없음,이륜,남,17세,경상
2011092900100591,2011년 9월 29일 20시,목요일,인천광역시 서구 석남동,경상사고,0,0,4,0,차대차 - 추돌 - 주정차중,안전운전불이행,건조,맑음,단일로 - 기타,승용,남,44세,상해없음,승용,여,26세,경상
2011092900100592,2011년 9월 29일 20시,목요일,인천광역시 서구 경서동,경상사고,0,0,1,0,차대차 - 추돌 - 진행중,안전운전불이행,건조,맑음,교차로 - 교차로부근,기타불명,기타불명,기타불명,기타불명,승용,여,47세,경상
2011092900100593,2011년 9월 29일 20시,목요일,인천광역시 연수구 동춘동,중상사고,0,1,1,0,차대차 - 측면직각충돌,안전운전불이행,건조,맑음,교차로 - 교차로안,승용,여,41세,상해없음,승용,남,56세,상해없음
2011092900100594,2011년 9월 29일 20시,목요일,인천광역시 연수구 연수동,경상사고,0,0,3,0,차대차 - 추돌 - 주정차중,안전운전불이행,건조,맑음,교차로 - 교차로부근,승용,남,40세,상해없음,승용,남,46세,경상
2011092900100624,2011년 9월 29일 21시,목요일,인천광역시 남구 학익동,중상사고,0,1,0,0,차대사람 - 기타,안전운전불이행,건조,맑음,교차로 - 교차로안,승용,남,42세,상해없음,보행자,여,15세,중상
2011092900100625,2011년 9월 29일 21시,목요일,인천광역시 남동구 논현동,경상사고,0,0,1,0,차대차 - 측면직각충돌,안전운전불이행,건조,맑음,교차로 - 교차로부근,기타불명,기타불명,기타불명,기타불명,자전거,남,16세,경상
2011092900100626,2011년 9월 29일 21시,목요일,인천광역시 계양구 작전동,경상사고,0,0,2,0,차대차 - 측면직각충돌,안전운전불이행,건조,맑음,교차로 - 교차로안,승용,남,47세,상해없음,승용,남,48세,경상
2011092900100686,2011년 9월 29일 23시,목요일,인천광역시 남동구 간석동,중상사고,0,1,0,0,차대사람 - 기타,안전운전불이행,건조,맑음,교차로 - 교차로안,승용,남,25세,상해없음,보행자,남,69세,중상
2011093000100065,2011년 9월 30일 02시,금요일,인천광역시 계양구 용종동,경상사고,0,0,1,0,차대차 - 측면직각충돌,안전운전불이행,건조,맑음,교차로 - 교차로안,승용,남,35세,상해없음,승용,남,51세,경상
2011093000100128,2011년 9월 30일 06시,금요일,인천광역시 부평구 부평동,중상사고,0,1,0,0,차대차 - 추돌 - 주정차중,안전운전불이행,건조,맑음,단일로 - 기타,승합,남,32세,상해없음,승용,여,38세,중상
2011093000100129,2011년 9월 30일 06시,금요일,인천광역시 서구 연희동,경상사고,0,0,2,0,차대차 - 추돌 - 진행중,안전운전불이행,건조,맑음,단일로 - 기타,화물,남,44세,상해없음,화물,남,29세,경상
2011093000100130,2011년 9월 30일 06시,금요일,인천광역시 계양구 작전동,경상사고,0,0,1,0,차대차 - 추돌 - 진행중,안전운전불이행,건조,맑음,단일로 - 기타,승용,남,44세,상해없음,승용,남,47세,경상
2011093000100151,2011년 9월 30일 07시,금요일,인천광역시 중구 운서동,경상사고,0,0,1,0,차대차 - 측면직각충돌,안전운전불이행,건조,맑음,단일로 - 기타,화물,남,41세,상해없음,승용,여,47세,경상
2011093000100152,2011년 9월 30일 07시,금요일,인천광역시 남구 주안동,부상신고사고,0,0,0,1,차대차 - 측면직각충돌,기타,건조,맑음,교차로 - 교차로부근,원동기,남,17세,부상신고,화물,남,42세,상해없음
2011093000100153,2011년 9월 30일 07시,금요일,인천광역시 서구 가좌동,경상사고,0,0,1,0,차대차 - 기타,안전운전불이행,건조,맑음,단일로 - 기타,승용,남,64세,상해없음,자전거,남,55세,경상
2011093000100204,2011년 9월 30일 08시,금요일,인천광역시 남동구 고잔동,중상사고,0,1,0,0,차대사람 - 기타,안전운전불이행,건조,맑음,교차로 - 교차로안,승용,남,33세,상해없음,보행자,여,51세,중상
2011093000100205,2011년 9월 30일 08시,금요일,인천광역시 남동구 만수동,중상사고,0,1,0,0,차대차 - 측면직각충돌,교차로운행방법위반,건조,맑음,단일로 - 기타,자전거,남,15세,중상,승합,남,47세,상해없음
2011093000100206,2011년 9월 30일 08시,금요일,인천광역시 강화군 강화읍,경상사고,0,0,1,0,차대차 - 측면직각충돌,안전운전불이행,건조,맑음,교차로 - 교차로부근,자전거,남,13세,경상,승용,남,40세,상해없음
2011093000100273,2011년 9월 30일 10시,금요일,인천광역시 남동구 도림동,중상사고,0,1,1,0,차대차 - 추돌 - 주정차중,신호위반,건조,맑음,교차로 - 교차로안,승용,남,40세,상해없음,원동기,남,73세,중상
2011093000100302,2011년 9월 30일 11시,금요일,인천광역시 동구 송림동,중상사고,0,1,0,0,차대사람 - 기타,안전운전불이행,건조,맑음,교차로 - 교차로부근,화물,남,42세,상해없음,보행자,여,84세,중상
2011093000100364,2011년 9월 30일 13시,금요일,인천광역시 계양구 작전동,중상사고,0,1,0,0,차대사람 - 기타,안전운전불이행,건조,맑음,단일로 - 기타,승용,남,61세,상해없음,보행자,여,79세,중상
2011093000100433,2011년 9월 30일 15시,금요일,인천광역시 중구 신흥동3가,중상사고,0,1,1,0,차대차 - 기타,안전운전불이행,건조,맑음,교차로 - 교차로부근,승용,남,58세,상해없음,승용,남,52세,중상
2011093000100464,2011년 9월 30일 16시,금요일,인천광역시 중구 신흥동2가,중상사고,0,1,0,0,차대사람 - 기타,안전운전불이행,건조,맑음,단일로 - 기타,승용,남,37세,상해없음,보행자,남,50세,중상
2011093000100465,2011년 9월 30일 16시,금요일,인천광역시 계양구 작전동,중상사고,0,1,0,0,차대차 - 추돌 - 주정차중,안전운전불이행,건조,맑음,교차로 - 교차로부근,건설기계,남,27세,상해없음,이륜,남,30세,중상
2011093000100527,2011년 9월 30일 17시,금요일,인천광역시 중구 신흥동3가,중상사고,0,1,0,0,차대차 - 측면직각충돌,중앙선침범,건조,맑음,교차로 - 교차로부근,원동기,남,39세,중상,승용,남,53세,상해없음
2011093000100528,2011년 9월 30일 17시,금요일,인천광역시 서구 연희동,중상사고,0,1,0,0,차대사람 - 기타,기타,건조,맑음,기타 - 기타,승합,남,50세,기타불명,보행자,여,30세,중상
2011093000100529,2011년 9월 30일 17시,금요일,인천광역시 계양구 임학동,경상사고,0,0,1,0,차대차 - 기타,안전운전불이행,건조,맑음,기타 - 기타,승용,남,33세,상해없음,승용,여,37세,경상
2011093000100576,2011년 9월 30일 18시,금요일,인천광역시 부평구,중상사고,0,1,0,0,차대사람 - 기타,보행자보호의무위반,건조,맑음,단일로 - 기타,승용,남,22세,상해없음,보행자,여,56세,중상
2011093000100577,2011년 9월 30일 18시,금요일,인천광역시 부평구 부평동,경상사고,0,0,1,0,차대사람 - 횡단중,안전운전불이행,건조,맑음,단일로 - 횡단보도상,승용,남,44세,상해없음,보행자,여,23세,경상
2011093000100634,2011년 9월 30일 19시,금요일,인천광역시 중구 인현동,경상사고,0,0,1,0,차대사람 - 기타,안전운전불이행,건조,맑음,교차로 - 교차로부근,승합,남,52세,상해없음,보행자,여,53세,경상
2011093000100635,2011년 9월 30일 19시,금요일,인천광역시 강화군 강화읍,경상사고,0,0,1,0,차대차 - 기타,안전운전불이행,건조,맑음,단일로 - 기타,승용,남,52세,상해없음,자전거,남,81세,경상
2011093000100686,2011년 9월 30일 20시,금요일,인천광역시 남동구 논현동,중상사고,0,1,0,0,차대사람 - 기타,안전운전불이행,건조,맑음,교차로 - 교차로부근,화물,남,47세,상해없음,보행자,남,50세,중상
2011093000100728,2011년 9월 30일 21시,금요일,인천광역시 남동구 구월동,경상사고,0,0,1,0,차대차 - 정면충돌,신호위반,건조,맑음,교차로 - 교차로안,원동기,남,25세,상해없음,승용,남,58세,경상
2011093000100772,2011년 9월 30일 22시,금요일,인천광역시 계양구 작전동,경상사고,0,0,2,0,차대차 - 추돌 - 진행중,안전운전불이행,건조,맑음,단일로 - 기타,승용,남,60세,상해없음,승용,남,29세,경상
2011093000100808,2011년 9월 30일 23시,금요일,인천광역시 동구 송현동,경상사고,0,0,1,0,차대차 - 측면직각충돌,안전운전불이행,건조,맑음,단일로 - 기타,승용,남,24세,상해없음,승합,남,29세,경상
2011093000100809,2011년 9월 30일 23시,금요일,인천광역시 연수구 동춘동,중상사고,0,1,0,0,차대사람 - 기타,안전운전불이행,건조,맑음,단일로 - 기타,자전거,남,16세,상해없음,보행자,남,40세,중상
2011100100100029,2011년 10월 1일 00시,토요일,인천광역시 부평구,중상사고,0,1,0,0,차대차 - 기타,신호위반,건조,맑음,단일로 - 기타,화물,여,52세,상해없음,승용,남,60세,중상
2011100100100051,2011년 10월 1일 01시,토요일,인천광역시 연수구 연수동,경상사고,0,0,1,0,차대차 - 추돌 - 주정차중,안전운전불이행,건조,맑음,단일로 - 교량,승용,남,34세,상해없음,승용,남,27세,경상
2011100100100108,2011년 10월 1일 04시,토요일,인천광역시 남구 주안동,중상사고,0,1,3,0,차대차 - 추돌 - 주정차중,안전운전불이행,건조,맑음,교차로 - 교차로부근,승용,남,24세,상해없음,승용,남,36세,중상
2011100100100109,2011년 10월 1일 04시,토요일,인천광역시 남동구 간석동,경상사고,0,0,5,0,차대차 - 측면직각충돌,교차로운행방법위반,건조,맑음,교차로 - 교차로안,승용,남,17세,상해없음,승용,남,36세,경상
2011100100100149,2011년 10월 1일 06시,토요일,인천광역시 남구 용현동,경상사고,0,0,1,1,차대차 - 기타,기타,건조,맑음,단일로 - 기타,승용,남,33세,상해없음,승합,남,32세,상해없음
2011100100100150,2011년 10월 1일 06시,토요일,인천광역시 서구 석남동,경상사고,0,0,1,0,차대차 - 추돌 - 주정차중,안전운전불이행,건조,맑음,교차로 - 교차로부근,화물,남,49세,상해없음,승용,여,54세,경상
2011100100100221,2011년 10월 1일 08시,토요일,인천광역시 부평구 부평동,중상사고,0,1,0,0,차대차 - 기타,안전거리미확보,건조,맑음,단일로 - 횡단보도상,승용,여,39세,상해없음,승합,남,50세,상해없음
2011100100100222,2011년 10월 1일 08시,토요일,인천광역시 남구 문학동,경상사고,0,0,2,0,차대차 - 기타,안전운전불이행,건조,맑음,단일로 - 기타,승용,남,38세,상해없음,화물,남,42세,경상
2011100100100250,2011년 10월 1일 09시,토요일,인천광역시 중구 을왕동,부상신고사고,0,0,0,1,차량단독 - 공작물충돌,안전운전불이행,건조,맑음,교차로 - 교차로안,승용,남,25세,상해없음,,,,
2011100100100325,2011년 10월 1일 11시,토요일,인천광역시 연수구 옥련동,중상사고,0,1,0,0,차대차 - 기타,안전운전불이행,건조,맑음,교차로 - 교차로부근,승용,남,58세,상해없음,승합,남,61세,상해없음
2011100100100326,2011년 10월 1일 11시,토요일,인천광역시 부평구 부개동,중상사고,0,1,0,0,차대사람 - 기타,안전운전불이행,건조,맑음,단일로 - 기타,승용,여,52세,상해없음,보행자,여,51세,중상
2011100100100369,2011년 10월 1일 12시,토요일,인천광역시 중구 신흥동2가,경상사고,0,0,1,0,차대차 - 추돌 - 주정차중,안전운전불이행,건조,맑음,교차로 - 교차로부근,화물,기타불명,기타불명,기타불명,승용,남,57세,상해없음
2011100100100370,2011년 10월 1일 12시,토요일,인천광역시 서구 원당동,경상사고,0,0,1,0,차대차 - 정면충돌,중앙선침범,건조,맑음,단일로 - 기타,이륜,남,20세,상해없음,승용,남,42세,경상
2011100100100371,2011년 10월 1일 12시,토요일,인천광역시 서구 가좌동,부상신고사고,0,0,0,2,차대차 - 기타,신호위반,건조,맑음,교차로 - 교차로부근,이륜,남,17세,부상신고,승용,여,45세,상해없음
2011100100100413,2011년 10월 1일 13시,토요일,인천광역시 계양구 효성동,중상사고,0,1,1,0,차대차 - 측면직각충돌,신호위반,건조,맑음,교차로 - 교차로안,승용,남,42세,상해없음,승용,남,58세,경상
2011100100100414,2011년 10월 1일 13시,토요일,인천광역시 계양구 작전동,경상사고,0,0,1,0,차대사람 - 기타,안전운전불이행,건조,맑음,기타 - 기타,승용,여,51세,상해없음,보행자,남,12세,경상
2011100100100415,2011년 10월 1일 13시,토요일,인천광역시 연수구 송도동,경상사고,0,0,1,0,차대차 - 측면직각충돌,직진우회전진행방해,건조,맑음,교차로 - 교차로안,승용,여,58세,상해없음,승용,여,40세,경상
2011100100100416,2011년 10월 1일 13시,토요일,인천광역시 부평구 부개동,경상사고,0,0,1,0,차대차 - 측면직각충돌,안전운전불이행,건조,맑음,단일로 - 횡단보도상,승합,남,61세,상해없음,자전거,남,12세,경상
2011100100100449,2011년 10월 1일 14시,토요일,인천광역시 서구 원당동,경상사고,0,0,1,0,차대사람 - 횡단중,신호위반,건조,맑음,교차로 - 교차로부근,승용,여,46세,상해없음,보행자,여,39세,경상
2011100100100450,2011년 10월 1일 14시,토요일,인천광역시 서구 검암동,경상사고,0,0,1,0,차대차 - 기타,안전운전불이행,건조,맑음,단일로 - 기타,화물,남,46세,상해없음,화물,남,28세,경상
2011100100100484,2011년 10월 1일 15시,토요일,인천광역시 부평구 부평동,중상사고,0,1,0,0,차대사람 - 횡단중,안전운전불이행,건조,맑음,단일로 - 기타,화물,남,58세,상해없음,보행자,남,20세,중상
2011100100100537,2011년 10월 1일 16시,토요일,인천광역시 남동구 장수동,중상사고,0,3,0,0,차대차 - 측면직각충돌,안전거리미확보,건조,맑음,단일로 - 기타,승용,남,48세,상해없음,승용,남,30세,중상
2011100100100567,2011년 10월 1일 17시,토요일,인천광역시 부평구 갈산동,부상신고사고,0,0,0,1,차대차 - 측면직각충돌,안전운전불이행,건조,맑음,교차로 - 교차로부근,이륜,남,67세,부상신고,승용,남,25세,상해없음
2011100100100607,2011년 10월 1일 18시,토요일,인천광역시 서구 공촌동,경상사고,0,0,1,0,차대차 - 기타,안전운전불이행,건조,맑음,교차로 - 교차로부근,화물,남,41세,상해없음,승용,남,39세,경상
2011100100100689,2011년 10월 1일 20시,토요일,인천광역시 부평구 부평동,경상사고,0,0,2,0,차대차 - 측면직각충돌,교차로운행방법위반,건조,맑음,교차로 - 교차로안,승용,남,43세,상해없음,승용,남,57세,경상
2011100100100720,2011년 10월 1일 21시,토요일,인천광역시 남구 용현동,경상사고,0,0,1,0,차대차 - 측면직각충돌,안전운전불이행,건조,맑음,단일로 - 기타,승용,남,55세,상해없음,화물,남,49세,경상
2011100100100755,2011년 10월 1일 22시,토요일,인천광역시 남구 주안동,경상사고,0,0,1,0,차대차 - 추돌 - 주정차중,안전운전불이행,건조,맑음,단일로 - 기타,원동기,남,17세,상해없음,승용,남,50세,경상
2011100100100785,2011년 10월 1일 23시,토요일,인천광역시 연수구 선학동,경상사고,0,0,2,0,차대차 - 측면직각충돌,신호위반,건조,맑음,단일로 - 기타,승합,남,54세,상해없음,승용,남,47세,경상
2011100200100016,2011년 10월 2일 00시,일요일,인천광역시 서구 석남동,경상사고,0,0,2,0,차대차 - 측면직각충돌,안전운전불이행,건조,맑음,교차로 - 교차로안,승용,남,28세,경상,승용,남,51세,경상
2011100200100036,2011년 10월 2일 01시,일요일,인천광역시 부평구 부평동,경상사고,0,0,4,0,차대차 - 추돌 - 진행중,안전운전불이행,건조,맑음,교차로 - 교차로안,승용,남,51세,상해없음,승용,남,49세,경상
2011100200100037,2011년 10월 2일 01시,일요일,인천광역시 연수구 연수동,중상사고,0,1,3,0,차대차 - 측면직각충돌,신호위반,건조,맑음,교차로 - 교차로안,승용,남,24세,상해없음,승용,남,37세,중상
2011100200100062,2011년 10월 2일 02시,일요일,인천광역시 동구 송현동,경상사고,0,0,1,0,차대차 - 측면직각충돌,안전운전불이행,건조,맑음,단일로 - 기타,승용,남,37세,상해없음,이륜,남,24세,경상
2011100200100063,2011년 10월 2일 02시,일요일,인천광역시 남동구 간석동,경상사고,0,0,1,0,차대차 - 추돌 - 주정차중,안전운전불이행,건조,맑음,단일로 - 기타,승용,남,28세,상해없음,승용,여,40세,경상
2011100200100064,2011년 10월 2일 02시,일요일,인천광역시 계양구 작전동,중상사고,0,1,0,0,차대사람 - 기타,안전운전불이행,건조,맑음,기타 - 기타,승용,남,29세,상해없음,보행자,여,57세,중상
2011100200100083,2011년 10월 2일 03시,일요일,인천광역시 남구 주안동,경상사고,0,0,1,0,차대차 - 추돌 - 진행중,신호위반,건조,맑음,교차로 - 교차로안,이륜,남,16세,상해없음,이륜,남,21세,경상
2011100200100107,2011년 10월 2일 05시,일요일,인천광역시 남구 주안동,중상사고,0,1,0,0,차대사람 - 횡단중,신호위반,건조,맑음,단일로 - 횡단보도부근,원동기,남,67세,상해없음,보행자,여,61세,중상
2011100200100108,2011년 10월 2일 05시,일요일,인천광역시 계양구 효성동,중상사고,0,2,1,0,차대차 - 측면직각충돌,신호위반,건조,맑음,교차로 - 교차로안,승용,남,54세,상해없음,승용,남,46세,중상
2011100200100123,2011년 10월 2일 06시,일요일,인천광역시 서구 검암동,중상사고,0,2,1,0,차대차 - 측면직각충돌,교차로운행방법위반,건조,맑음,교차로 - 교차로안,승용,남,29세,경상,승용,남,20세,중상
2011100200100133,2011년 10월 2일 07시,일요일,인천광역시 부평구 삼산동,경상사고,0,0,1,0,차대차 - 측면직각충돌,안전거리미확보,건조,맑음,단일로 - 교량,승용,남,41세,상해없음,승용,남,41세,경상
2011100200100159,2011년 10월 2일 09시,일요일,인천광역시 서구 마전동,중상사고,0,1,0,0,차대사람 - 기타,보행자보호의무위반,건조,맑음,단일로 - 기타,승용,남,44세,상해없음,보행자,여,22세,중상
2011100200100200,2011년 10월 2일 11시,일요일,인천광역시 서구 가정동,경상사고,0,0,2,1,차대차 - 기타,신호위반,건조,맑음,교차로 - 교차로안,승용,남,32세,상해없음,승용,남,40세,경상
2011100200100201,2011년 10월 2일 11시,일요일,인천광역시 강화군 길상면,경상사고,0,0,2,0,차대차 - 기타,중앙선침범,건조,맑음,단일로 - 기타,승용,남,26세,상해없음,승용,남,40세,경상
2011100200100256,2011년 10월 2일 13시,일요일,인천광역시 부평구 산곡동,경상사고,0,0,1,0,차대차 - 기타,안전운전불이행,건조,맑음,단일로 - 기타,원동기,남,17세,경상,승용,남,41세,상해없음
2011100200100257,2011년 10월 2일 13시,일요일,인천광역시 강화군 길상면,경상사고,0,0,1,0,차대사람 - 기타,안전운전불이행,건조,맑음,기타 - 기타,승용,남,60세,상해없음,보행자,여,5세,경상
2011100200100289,2011년 10월 2일 14시,일요일,인천광역시 남구 도화동,경상사고,0,0,1,0,차대사람 - 횡단중,안전운전불이행,건조,맑음,단일로 - 기타,승용,남,37세,상해없음,보행자,남,39세,경상
2011100200100319,2011년 10월 2일 15시,일요일,인천광역시 남구 주안동,경상사고,0,0,1,0,차대차 - 측면직각충돌,안전운전불이행,건조,맑음,교차로 - 교차로안,승용,남,24세,상해없음,이륜,남,45세,경상
2011100200100356,2011년 10월 2일 16시,일요일,인천광역시 동구 송현동,중상사고,0,1,3,0,차대차 - 기타,신호위반,건조,맑음,교차로 - 교차로안,승용,여,27세,중상,승용,남,32세,경상
2011100200100381,2011년 10월 2일 17시,일요일,인천광역시 강화군 내가면,중상사고,0,5,0,0,차대차 - 정면충돌,중앙선침범,건조,맑음,단일로 - 기타,승용,여,51세,중상,승용,남,44세,중상
2011100200100502,2011년 10월 2일 20시,일요일,인천광역시 연수구 송도동,경상사고,0,0,1,0,차대차 - 추돌 - 진행중,신호위반,건조,맑음,교차로 - 교차로부근,승용,남,29세,상해없음,승용,여,41세,경상
2011100200100503,2011년 10월 2일 20시,일요일,인천광역시 연수구 연수동,중상사고,0,1,0,0,차대차 - 측면직각충돌,안전운전불이행,건조,맑음,단일로 - 기타,승용,여,28세,상해없음,승용,여,38세,중상
2011100200100504,2011년 10월 2일 20시,일요일,인천광역시 부평구 일신동,경상사고,0,0,5,0,차대차 - 측면직각충돌,안전거리미확보,건조,맑음,교차로 - 교차로부근,화물,남,46세,상해없음,승용,남,58세,경상
2011100200100530,2011년 10월 2일 21시,일요일,인천광역시 남동구 만수동,경상사고,0,0,7,0,차대차 - 기타,중앙선침범,건조,맑음,교차로 - 교차로안,승용,남,57세,상해없음,승용,남,51세,경상
2011100200100556,2011년 10월 2일 22시,일요일,인천광역시 연수구 옥련동,경상사고,0,0,1,0,차대사람 - 길가장자리구역통행중,안전운전불이행,건조,맑음,교차로 - 교차로부근,승용,남,46세,상해없음,보행자,여,50세,경상
2011100200100581,2011년 10월 2일 23시,일요일,인천광역시 남구 숭의동,경상사고,0,0,1,0,차대차 - 추돌 - 주정차중,안전운전불이행,건조,맑음,단일로 - 기타,기타불명,기타불명,기타불명,기타불명,승용,남,56세,경상
2011100200100582,2011년 10월 2일 23시,일요일,인천광역시 서구 가정동,중상사고,0,1,0,0,차대차 - 추돌 - 진행중,안전운전불이행,건조,맑음,단일로 - 기타,승용,기타불명,기타불명,기타불명,이륜,남,62세,중상
2011100200100583,2011년 10월 2일 23시,일요일,인천광역시 계양구 계산동,경상사고,0,0,2,0,차대차 - 추돌 - 진행중,안전운전불이행,건조,맑음,단일로 - 횡단보도부근,승용,여,16세,상해없음,승용,여,48세,경상
2011100300100057,2011년 10월 3일 03시,월요일,인천광역시 계양구 계산동,경상사고,0,0,2,0,차대차 - 측면직각충돌,안전운전불이행,건조,맑음,단일로 - 기타,승용,남,34세,상해없음,승용,남,40세,경상
2011100300100058,2011년 10월 3일 03시,월요일,인천광역시 연수구 청학동,중상사고,0,1,0,0,차대차 - 측면직각충돌,신호위반,건조,맑음,교차로 - 교차로안,승용,남,45세,상해없음,원동기,남,16세,중상
2011100300100076,2011년 10월 3일 04시,월요일,인천광역시 중구 을왕동,경상사고,0,0,1,0,차대차 - 측면직각충돌,안전운전불이행,건조,맑음,교차로 - 교차로부근,승용,여,28세,상해없음,승용,여,33세,상해없음
2011100300100088,2011년 10월 3일 05시,월요일,인천광역시 남구 주안동,경상사고,0,0,1,0,차대차 - 정면충돌,신호위반,건조,맑음,교차로 - 교차로안,승합,남,35세,상해없음,승용,여,53세,경상
2011100300100111,2011년 10월 3일 07시,월요일,인천광역시 서구 가정동,경상사고,0,0,5,0,차대차 - 측면직각충돌,안전운전불이행,건조,맑음,교차로 - 교차로부근,화물,남,41세,상해없음,화물,남,40세,경상
2011100300100149,2011년 10월 3일 09시,월요일,인천광역시 남구 용현동,중상사고,0,1,0,0,차대차 - 측면직각충돌,신호위반,건조,맑음,단일로 - 기타,승용,남,73세,상해없음,승용,남,54세,중상
2011100300100248,2011년 10월 3일 13시,월요일,인천광역시 남구 주안동,중상사고,0,1,0,0,차대차 - 정면충돌,중앙선침범,건조,맑음,단일로 - 기타,승용,남,34세,상해없음,원동기,남,35세,중상
2011100300100278,2011년 10월 3일 14시,월요일,인천광역시 강화군 강화읍,중상사고,0,1,1,0,차대차 - 추돌 - 진행중,안전운전불이행,건조,맑음,단일로 - 기타,승합,남,55세,상해없음,승용,남,34세,경상
2011100300100345,2011년 10월 3일 16시,월요일,인천광역시 계양구 효성동,중상사고,0,1,0,0,차량단독 - 기타,기타,건조,맑음,단일로 - 기타,승합,남,57세,상해없음,,,,
2011100300100380,2011년 10월 3일 17시,월요일,인천광역시 서구 원당동,중상사고,0,1,0,0,차대차 - 측면직각충돌,안전운전불이행,건조,맑음,단일로 - 기타,이륜,남,15세,중상,화물,남,31세,상해없음
2011100300100424,2011년 10월 3일 18시,월요일,인천광역시 남동구 구월동,중상사고,0,1,0,0,차대사람 - 횡단중,신호위반,건조,맑음,단일로 - 기타,승용,남,23세,상해없음,보행자,남,61세,중상
2011100300100425,2011년 10월 3일 18시,월요일,인천광역시 남동구 만수동,경상사고,0,0,4,0,차대차 - 추돌 - 주정차중,안전운전불이행,건조,맑음,단일로 - 기타,승용,여,47세,상해없음,승용,여,40세,경상
2011100300100426,2011년 10월 3일 18시,월요일,인천광역시 남동구 운연동,부상신고사고,0,0,0,1,차대차 - 측면직각충돌,교차로운행방법위반,건조,맑음,교차로 - 교차로안,승용,남,63세,부상신고,승용,남,50세,상해없음
2011100300100427,2011년 10월 3일 18시,월요일,인천광역시 서구 검암동,중상사고,0,1,0,0,차대차 - 기타,안전운전불이행,건조,맑음,단일로 - 기타,이륜,남,16세,중상,승용,남,40세,상해없음
2011100300100428,2011년 10월 3일 18시,월요일,인천광역시 계양구 장기동,경상사고,0,0,2,0,차대차 - 측면직각충돌,중앙선침범,건조,맑음,단일로 - 기타,승용,남,55세,상해없음,승용,남,51세,경상