사고번호,사고일시,요일,시군구,사고내용,사망자수,중상자수,경상자수,부상신고자수,사고유형,법규위반,노면상태,기상상태,도로형태,가해운전자 차종,가해운전자 성별,가해운전자 연령,가해운전자 상해정도,피해운전자 차종,피해운전자 성별,피해운전자 연령,피해운전자 상해정도
2011100300100474,2011년 10월 3일 19시,월요일,인천광역시 남구 학익동,경상사고,0,0,1,0,차대차 - 기타,안전거리미확보,건조,맑음,단일로 - 기타,승용,남,31세,상해없음,이륜,남,16세,경상
2011100300100475,2011년 10월 3일 19시,월요일,인천광역시 서구 가정동,중상사고,0,2,0,0,차대차 - 측면직각충돌,신호위반,건조,맑음,교차로 - 교차로부근,이륜,남,23세,중상,승용,남,53세,상해없음
2011100300100503,2011년 10월 3일 20시,월요일,인천광역시 남구 문학동,중상사고,0,1,0,0,차대차 - 정면충돌,중앙선침범,건조,맑음,단일로 - 횡단보도부근,승용,남,63세,상해없음,승용,남,34세,중상
2011100300100504,2011년 10월 3일 20시,월요일,인천광역시 남동구 구월동,중상사고,0,1,0,0,차대사람 - 횡단중,보행자보호의무위반,건조,맑음,단일로 - 횡단보도상,승용,남,52세,상해없음,보행자,여,29세,중상
2011100300100505,2011년 10월 3일 20시,월요일,인천광역시 남동구 장수동,경상사고,0,0,2,0,차대차 - 측면직각충돌,안전운전불이행,건조,맑음,교차로 - 교차로안,화물,남,46세,경상,이륜,남,32세,경상
2011100300100506,2011년 10월 3일 20시,월요일,인천광역시 서구 석남동,경상사고,0,0,1,0,차대차 - 측면직각충돌,중앙선침범,건조,맑음,교차로 - 교차로부근,승용,남,25세,상해없음,이륜,남,17세,경상
2011100300100533,2011년 10월 3일 21시,월요일,인천광역시 남동구 논현동,중상사고,0,1,0,0,차대차 - 측면직각충돌,안전운전불이행,건조,맑음,교차로 - 교차로안,승용,남,39세,상해없음,이륜,남,18세,중상
2011100300100534,2011년 10월 3일 21시,월요일,인천광역시 서구 가좌동,경상사고,0,0,1,0,차대차 - 측면직각충돌,안전운전불이행,건조,맑음,교차로 - 교차로부근,승용,남,52세,상해없음,승용,남,42세,경상
2011100300100535,2011년 10월 3일 21시,월요일,인천광역시 부평구 부개동,경상사고,0,0,3,0,차대차 - 추돌 - 주정차중,안전운전불이행,건조,맑음,단일로 - 횡단보도부근,승용,남,60세,기타불명,승용,여,56세,경상
2011100300100566,2011년 10월 3일 22시,월요일,인천광역시 남동구 간석동,중상사고,0,1,0,0,차대차 - 측면직각충돌,안전운전불이행,건조,맑음,교차로 - 교차로안,승용,남,54세,상해없음,이륜,남,17세,중상
2011100400100022,2011년 10월 4일 01시,화요일,인천광역시 남구 주안동,중상사고,0,1,0,0,차대차 - 기타,안전운전불이행,건조,맑음,교차로 - 교차로부근,승용,남,26세,상해없음,승용,남,23세,중상
2011100400100031,2011년 10월 4일 02시,화요일,인천광역시 부평구 삼산동,중상사고,0,1,0,0,차량단독 - 도로외이탈 - 추락,안전운전불이행,기타,맑음,교차로 - 교차로안,승용,남,28세,상해없음,,,,
2011100400100072,2011년 10월 4일 06시,화요일,인천광역시 남구 도화동,경상사고,0,0,3,1,차대차 - 기타,안전운전불이행,건조,맑음,단일로 - 기타,승용,남,49세,부상신고,승용,남,45세,경상
2011100400100073,2011년 10월 4일 06시,화요일,인천광역시 남동구 논현동,경상사고,0,0,1,0,차대차 - 측면직각충돌,신호위반,건조,맑음,교차로 - 교차로안,화물,남,44세,상해없음,승합,여,46세,경상
2011100400100074,2011년 10월 4일 06시,화요일,인천광역시 남동구 간석동,경상사고,0,0,2,0,차대차 - 측면직각충돌,안전거리미확보,건조,맑음,단일로 - 기타,승용,남,27세,상해없음,승용,남,18세,상해없음
2011100400100104,2011년 10월 4일 07시,화요일,인천광역시 서구 백석동,경상사고,0,0,1,0,차대차 - 측면직각충돌,안전거리미확보,건조,맑음,단일로 - 기타,승용,남,56세,상해없음,승용,남,37세,경상
2011100400100152,2011년 10월 4일 08시,화요일,인천광역시 남구 주안동,경상사고,0,0,1,0,차대사람 - 횡단중,신호위반,건조,맑음,단일로 - 횡단보도부근,원동기,남,47세,상해없음,보행자,남,22세,경상
2011100400100153,2011년 10월 4일 08시,화요일,인천광역시 계양구 작전동,경상사고,0,0,1,0,차대차 - 기타,안전운전불이행,건조,맑음,기타 - 기타,승용,여,38세,상해없음,원동기,남,26세,경상
2011100400100242,2011년 10월 4일 11시,화요일,인천광역시 중구 신흥동2가,사망사고,1,0,0,0,차대사람 - 보도통행중,기타,건조,맑음,단일로 - 기타,화물,남,34세,상해없음,보행자,여,75세,사망
2011100400100243,2011년 10월 4일 11시,화요일,인천광역시 중구 신흥동1가,경상사고,0,0,1,0,차대차 - 기타,안전운전불이행,건조,맑음,단일로 - 횡단보도상,원동기,남,28세,기타불명,승용,여,55세,경상
2011100400100244,2011년 10월 4일 11시,화요일,인천광역시 연수구,경상사고,0,0,1,0,차대사람 - 횡단중,보행자보호의무위반,건조,맑음,단일로 - 횡단보도상,화물,남,24세,상해없음,보행자,여,67세,경상
2011100400100267,2011년 10월 4일 12시,화요일,인천광역시 부평구 청천동,경상사고,0,0,1,0,차대차 - 측면직각충돌,신호위반,건조,맑음,교차로 - 교차로안,승용,남,62세,상해없음,승용,여,49세,경상
2011100400100289,2011년 10월 4일 13시,화요일,인천광역시 옹진군 백령면,중상사고,0,2,2,0,차대차 - 측면직각충돌,중앙선침범,건조,맑음,교차로 - 교차로부근,승용,남,78세,상해없음,승용,남,55세,경상
2011100400100290,2011년 10월 4일 13시,화요일,인천광역시 남구 관교동,중상사고,0,2,0,0,차대차 - 추돌 - 주정차중,안전거리미확보,건조,맑음,교차로 - 교차로부근,승합,남,50세,상해없음,승용,여,45세,중상
2011100400100291,2011년 10월 4일 13시,화요일,인천광역시 남동구 간석동,중상사고,0,1,0,0,차대차 - 측면직각충돌,신호위반,건조,맑음,단일로 - 기타,이륜,남,69세,상해없음,승용,남,34세,중상
2011100400100292,2011년 10월 4일 13시,화요일,인천광역시 남동구 만수동,경상사고,0,0,1,0,차대차 - 기타,안전운전불이행,건조,맑음,교차로 - 교차로안,승용,남,62세,상해없음,원동기,남,20세,경상
2011100400100319,2011년 10월 4일 14시,화요일,인천광역시 서구 공촌동,중상사고,0,1,1,1,차대차 - 기타,신호위반,건조,맑음,교차로 - 교차로안,승용,여,48세,부상신고,승용,여,43세,중상
2011100400100320,2011년 10월 4일 14시,화요일,인천광역시 계양구 계산동,중상사고,0,1,0,0,차대사람 - 기타,안전운전불이행,건조,맑음,교차로 - 교차로부근,승용,남,28세,상해없음,보행자,남,37세,중상
2011100400100352,2011년 10월 4일 15시,화요일,인천광역시 남동구 남촌동,경상사고,0,0,1,0,차대차 - 추돌 - 진행중,안전거리미확보,건조,맑음,교차로 - 교차로부근,승용,남,51세,상해없음,승용,남,40세,경상
2011100400100353,2011년 10월 4일 15시,화요일,인천광역시 서구 마전동,중상사고,0,1,0,0,차대사람 - 차도통행중,안전운전불이행,건조,맑음,교차로 - 교차로안,승용,여,44세,상해없음,보행자,남,7세,중상
2011100400100391,2011년 10월 4일 16시,화요일,인천광역시 남동구 간석동,경상사고,0,0,1,0,차대차 - 측면직각충돌,안전거리미확보,건조,맑음,단일로 - 기타,이륜,남,21세,상해없음,이륜,남,51세,경상
2011100400100430,2011년 10월 4일 17시,화요일,인천광역시 연수구 연수동,경상사고,0,0,1,0,차대차 - 기타,안전운전불이행,건조,맑음,단일로 - 횡단보도상,승용,여,45세,상해없음,자전거,여,7세,경상
2011100400100487,2011년 10월 4일 18시,화요일,인천광역시 부평구,경상사고,0,0,1,0,차대사람 - 기타,안전운전불이행,건조,맑음,단일로 - 기타,승용,남,31세,상해없음,보행자,남,44세,경상
2011100400100488,2011년 10월 4일 18시,화요일,인천광역시 남동구 구월동,중상사고,0,1,0,0,차대사람 - 기타,안전운전불이행,건조,맑음,기타 - 기타,기타불명,기타불명,기타불명,기타불명,보행자,남,5세,중상
2011100400100489,2011년 10월 4일 18시,화요일,인천광역시 서구 연희동,중상사고,0,1,0,0,차량단독 - 기타,안전운전불이행,건조,맑음,단일로 - 기타,승합,남,47세,상해없음,,,,
2011100400100538,2011년 10월 4일 19시,화요일,인천광역시 강화군 하점면,중상사고,0,1,0,0,차대사람 - 횡단중,안전운전불이행,건조,맑음,단일로 - 기타,화물,남,49세,상해없음,보행자,남,54세,중상
2011100400100625,2011년 10월 4일 22시,화요일,인천광역시 남동구 간석동,경상사고,0,0,1,1,차대차 - 기타,중앙선침범,건조,맑음,단일로 - 기타,승용,남,53세,부상신고,승용,남,53세,경상
2011100400100642,2011년 10월 4일 23시,화요일,인천광역시 남동구 고잔동,중상사고,0,2,0,0,차대차 - 측면직각충돌,신호위반,건조,맑음,교차로 - 교차로안,승용,남,29세,상해없음,승용,남,34세,중상
2011100400100643,2011년 10월 4일 23시,화요일,인천광역시 남동구 구월동,경상사고,0,0,3,0,차대차 - 추돌 - 주정차중,안전운전불이행,건조,맑음,단일로 - 기타,화물,남,38세,상해없음,승용,여,23세,경상
2011100500100038,2011년 10월 5일 01시,수요일,인천광역시 서구 가좌동,중상사고,0,1,0,0,차량단독 - 기타,기타,건조,맑음,단일로 - 기타,승용,남,58세,상해없음,,,,
2011100500100050,2011년 10월 5일 02시,수요일,인천광역시 남동구 구월동,중상사고,0,1,0,0,차대사람 - 횡단중,안전운전불이행,건조,맑음,교차로 - 교차로안,승용,여,33세,상해없음,보행자,남,57세,중상
2011100500100051,2011년 10월 5일 02시,수요일,인천광역시 연수구 연수동,중상사고,0,1,0,0,차대사람 - 횡단중,안전운전불이행,건조,맑음,단일로 - 기타,승용,기타불명,기타불명,기타불명,보행자,여,52세,중상
2011100500100060,2011년 10월 5일 03시,수요일,인천광역시 계양구 작전동,경상사고,0,0,1,0,차대차 - 측면직각충돌,안전운전불이행,건조,맑음,교차로 - 교차로안,승용,남,31세,상해없음,승용,남,53세,경상
2011100500100077,2011년 10월 5일 05시,수요일,인천광역시 남동구 장수동,경상사고,0,0,3,0,차대차 - 추돌 - 진행중,안전운전불이행,건조,맑음,단일로 - 교량,승용,남,52세,경상,승용,남,30세,상해없음
2011100500100116,2011년 10월 5일 07시,수요일,인천광역시 중구 항동7가,경상사고,0,0,1,0,차대차 - 기타,직진우회전진행방해,건조,맑음,교차로 - 교차로안,승용,남,49세,상해없음,건설기계,남,47세,경상
2011100500100180,2011년 10월 5일 09시,수요일,인천광역시 남구 용현동,경상사고,0,0,2,0,차대차 - 측면직각충돌,교차로운행방법위반,건조,맑음,교차로 - 교차로부근,화물,남,61세,상해없음,승합,여,41세,경상
2011100500100205,2011년 10월 5일 10시,수요일,인천광역시 서구 마전동,중상사고,0,1,0,0,차대사람 - 기타,안전운전불이행,건조,맑음,단일로 - 기타,화물,남,46세,상해없음,보행자,여,85세,중상
2011100500100229,2011년 10월 5일 11시,수요일,인천광역시 남동구 장수동,중상사고,0,1,0,0,차대사람 - 보도통행중,보행자보호의무위반,건조,맑음,교차로 - 교차로안,기타불명,기타불명,기타불명,기타불명,보행자,남,71세,중상
2011100500100258,2011년 10월 5일 12시,수요일,인천광역시 남동구 논현동,중상사고,0,2,1,0,차대차 - 측면직각충돌,신호위반,건조,맑음,교차로 - 교차로안,화물,남,64세,상해없음,화물,남,52세,중상
2011100500100259,2011년 10월 5일 12시,수요일,인천광역시 남동구 도림동,경상사고,0,0,1,0,차대사람 - 기타,안전운전불이행,건조,맑음,교차로 - 교차로부근,승용,남,65세,상해없음,보행자,남,56세,경상
2011100500100260,2011년 10월 5일 12시,수요일,인천광역시 연수구 청학동,경상사고,0,0,2,0,차대차 - 측면직각충돌,교차로운행방법위반,건조,맑음,교차로 - 교차로안,승용,남,62세,경상,승용,남,49세,경상
2011100500100295,2011년 10월 5일 13시,수요일,인천광역시 남동구 구월동,경상사고,0,0,1,0,차대차 - 측면직각충돌,안전운전불이행,건조,맑음,단일로 - 기타,승용,남,32세,상해없음,자전거,남,64세,경상
2011100500100321,2011년 10월 5일 14시,수요일,인천광역시 남구 주안동,중상사고,0,1,0,0,차대사람 - 길가장자리구역통행중,안전운전불이행,건조,맑음,교차로 - 교차로부근,승합,남,52세,상해없음,보행자,여,79세,중상
2011100500100322,2011년 10월 5일 14시,수요일,인천광역시 남구 주안동,경상사고,0,0,2,0,차대차 - 기타,안전거리미확보,건조,맑음,단일로 - 기타,건설기계,남,30세,상해없음,승용,여,30세,경상
2011100500100357,2011년 10월 5일 15시,수요일,인천광역시 부평구 십정동,중상사고,0,1,0,0,차대차 - 추돌 - 주정차중,안전운전불이행,건조,맑음,단일로 - 기타,화물,남,42세,상해없음,화물,남,53세,상해없음
2011100500100379,2011년 10월 5일 16시,수요일,인천광역시 남동구 구월동,경상사고,0,0,1,0,차대사람 - 기타,안전운전불이행,건조,맑음,교차로 - 교차로안,승용,남,49세,상해없음,보행자,여,14세,경상
2011100500100380,2011년 10월 5일 16시,수요일,인천광역시 남동구 서창동,경상사고,0,0,1,0,차대차 - 측면직각충돌,안전운전불이행,건조,맑음,교차로 - 교차로부근,승용,남,62세,상해없음,자전거,남,6세,경상
2011100500100420,2011년 10월 5일 17시,수요일,인천광역시 남동구 간석동,중상사고,0,3,0,0,차대차 - 정면충돌,중앙선침범,건조,맑음,단일로 - 기타,이륜,남,27세,중상,승용,여,42세,중상
2011100500100462,2011년 10월 5일 18시,수요일,인천광역시 부평구,중상사고,0,1,0,0,차대사람 - 횡단중,신호위반,건조,맑음,단일로 - 기타,승용,남,61세,상해없음,보행자,여,17세,중상
2011100500100514,2011년 10월 5일 19시,수요일,인천광역시 계양구 작전동,중상사고,0,1,0,0,차대차 - 기타,안전운전불이행,건조,맑음,교차로 - 교차로부근,승용,기타불명,기타불명,기타불명,자전거,남,42세,중상
2011100500100515,2011년 10월 5일 19시,수요일,인천광역시 연수구 옥련동,중상사고,0,1,0,0,차대사람 - 기타,안전운전불이행,건조,맑음,교차로 - 교차로부근,승용,남,53세,상해없음,보행자,여,87세,중상
2011100500100516,2011년 10월 5일 19시,수요일,인천광역시 부평구 부평동,중상사고,0,1,0,0,차대사람 - 횡단중,보행자보호의무위반,건조,맑음,단일로 - 횡단보도상,기타불명,기타불명,기타불명,기타불명,보행자,남,56세,중상
2011100500100517,2011년 10월 5일 19시,수요일,인천광역시 남구 도화동,경상사고,0,0,2,1,차대차 - 추돌 - 진행중,안전운전불이행,건조,맑음,단일로 - 기타,승용,남,52세,상해없음,승용,남,27세,경상
2011100500100566,2011년 10월 5일 20시,수요일,인천광역시 남동구 간석동,중상사고,0,1,0,0,차대차 - 기타,안전운전불이행,건조,맑음,단일로 - 기타,화물,남,51세,기타불명,승용,남,45세,중상
2011100500100624,2011년 10월 5일 22시,수요일,인천광역시 중구 내동,경상사고,0,0,1,0,차대차 - 추돌 - 주정차중,안전운전불이행,건조,맑음,단일로 - 기타,승용,여,42세,상해없음,승용,남,34세,경상
2011100500100625,2011년 10월 5일 22시,수요일,인천광역시 계양구 계산동,중상사고,0,1,3,0,차대차 - 측면직각충돌,신호위반,건조,맑음,교차로 - 교차로안,승용,남,52세,상해없음,승용,남,53세,상해없음
2011100500100652,2011년 10월 5일 23시,수요일,인천광역시 계양구 하야동,중상사고,0,7,12,4,차대차 - 측면직각충돌,안전거리미확보,건조,맑음,단일로 - 기타,승용,여,37세,상해없음,승합,남,64세,경상
2011100600100018,2011년 10월 6일 00시,목요일,인천광역시 부평구 청천동,중상사고,0,2,0,0,차대사람 - 기타,안전운전불이행,건조,맑음,기타 - 기타,승합,남,58세,상해없음,보행자,남,48세,중상
2011100600100038,2011년 10월 6일 01시,목요일,인천광역시 남동구 만수동,경상사고,0,0,1,0,차대차 - 기타,안전운전불이행,건조,맑음,교차로 - 교차로안,화물,남,56세,상해없음,승용,남,49세,경상
2011100600100053,2011년 10월 6일 02시,목요일,인천광역시 부평구 부평동,중상사고,0,1,0,0,차대차 - 정면충돌,신호위반,건조,맑음,교차로 - 교차로안,승용,남,53세,상해없음,이륜,남,24세,중상
2011100600100059,2011년 10월 6일 03시,목요일,인천광역시 남동구 만수동,중상사고,0,4,1,0,차대차 - 정면충돌,신호위반,건조,맑음,교차로 - 교차로안,승용,남,46세,경상,승용,남,54세,중상
2011100600100109,2011년 10월 6일 07시,목요일,인천광역시 서구 마전동,중상사고,0,1,0,0,차대사람 - 횡단중,보행자보호의무위반,건조,맑음,단일로 - 횡단보도상,승용,남,49세,상해없음,보행자,여,15세,중상
2011100600100110,2011년 10월 6일 07시,목요일,인천광역시 서구 연희동,중상사고,0,1,0,0,차대차 - 측면직각충돌,안전운전불이행,건조,맑음,기타 - 기타,화물,남,40세,상해없음,승용,남,52세,중상
2011100600100134,2011년 10월 6일 08시,목요일,인천광역시 남동구 구월동,중상사고,0,1,0,0,차대차 - 측면직각충돌,안전운전불이행,건조,맑음,단일로 - 기타,승용,여,29세,상해없음,승용,여,53세,중상
2011100600100206,2011년 10월 6일 11시,목요일,인천광역시 남구 숭의동,경상사고,0,0,1,0,차대차 - 기타,안전운전불이행,건조,맑음,교차로 - 교차로안,승합,남,46세,상해없음,승용,여,41세,경상
2011100600100207,2011년 10월 6일 11시,목요일,인천광역시 서구 가좌동,중상사고,0,1,0,0,차대차 - 정면충돌,안전운전불이행,건조,맑음,단일로 - 기타,건설기계,남,44세,상해없음,건설기계,남,43세,상해없음
2011100600100208,2011년 10월 6일 11시,목요일,인천광역시 서구 마전동,경상사고,0,0,3,0,차대차 - 측면직각충돌,안전거리미확보,건조,맑음,단일로 - 기타,승용,남,19세,상해없음,승용,남,34세,경상
2011100600100209,2011년 10월 6일 11시,목요일,인천광역시 서구 검암동,경상사고,0,0,2,0,차대차 - 측면직각충돌,교차로운행방법위반,건조,맑음,교차로 - 교차로안,승용,여,36세,경상,이륜,남,38세,경상
2011100600100210,2011년 10월 6일 11시,목요일,인천광역시 계양구 용종동,경상사고,0,0,2,0,차대사람 - 기타,안전운전불이행,건조,맑음,단일로 - 기타,승용,여,60세,상해없음,보행자,여,68세,경상
2011100600100263,2011년 10월 6일 13시,목요일,인천광역시 부평구 산곡동,부상신고사고,0,0,0,2,차대차 - 추돌 - 진행중,안전운전불이행,건조,맑음,단일로 - 기타,승용,남,19세,상해없음,화물,남,50세,부상신고
2011100600100264,2011년 10월 6일 13시,목요일,인천광역시 서구 연희동,경상사고,0,0,1,0,차대차 - 측면직각충돌,안전운전불이행,건조,맑음,교차로 - 교차로부근,이륜,남,31세,경상,승용,남,18세,상해없음
2011100600100296,2011년 10월 6일 14시,목요일,인천광역시 남구 주안동,중상사고,0,1,1,0,차대차 - 측면직각충돌,안전운전불이행,건조,맑음,단일로 - 기타,승용,남,31세,경상,승용,남,57세,중상
2011100600100297,2011년 10월 6일 14시,목요일,인천광역시 서구 검암동,경상사고,0,0,1,0,차대차 - 정면충돌,직진우회전진행방해,건조,맑음,교차로 - 교차로안,승용,남,39세,상해없음,승용,여,48세,경상
2011100600100298,2011년 10월 6일 14시,목요일,인천광역시 강화군 송해면,중상사고,0,1,0,0,차대차 - 기타,안전운전불이행,건조,맑음,단일로 - 기타,승용,남,33세,상해없음,농기계,남,63세,중상
2011100600100365,2011년 10월 6일 16시,목요일,인천광역시 남구 주안동,경상사고,0,0,1,0,차량단독 - 기타,안전운전불이행,건조,맑음,단일로 - 기타,승합,남,49세,상해없음,,,,
2011100600100366,2011년 10월 6일 16시,목요일,인천광역시 서구 연희동,경상사고,0,0,1,0,차대사람 - 길가장자리구역통행중,안전운전불이행,건조,맑음,기타 - 기타,승용,남,54세,상해없음,보행자,남,31세,경상
2011100600100398,2011년 10월 6일 17시,목요일,인천광역시 남동구 구월동,경상사고,0,0,1,0,차대차 - 측면직각충돌,신호위반,건조,맑음,교차로 - 교차로안,승용,여,68세,상해없음,자전거,여,8세,경상
2011100600100399,2011년 10월 6일 17시,목요일,인천광역시 계양구 작전동,경상사고,0,0,2,0,차대차 - 측면직각충돌,교차로운행방법위반,건조,맑음,교차로 - 교차로안,승용,남,51세,상해없음,승용,남,26세,상해없음
2011100600100449,2011년 10월 6일 18시,목요일,인천광역시 남동구 만수동,중상사고,0,1,0,0,차대사람 - 차도통행중,안전운전불이행,건조,맑음,단일로 - 기타,승용,남,27세,상해없음,보행자,남,15세,중상
2011100600100450,2011년 10월 6일 18시,목요일,인천광역시 남동구 만수동,중상사고,0,1,0,0,차대차 - 측면직각충돌,안전거리미확보,건조,맑음,단일로 - 기타,승합,남,41세,상해없음,이륜,남,26세,중상
2011100600100451,2011년 10월 6일 18시,목요일,인천광역시 계양구 계산동,중상사고,0,1,1,0,차대사람 - 횡단중,안전운전불이행,건조,맑음,단일로 - 기타,이륜,남,61세,상해없음,보행자,여,40세,중상
2011100600100487,2011년 10월 6일 19시,목요일,인천광역시 남동구 구월동,경상사고,0,0,1,0,차대차 - 측면직각충돌,안전거리미확보,건조,맑음,단일로 - 기타,원동기,남,50세,상해없음,승용,남,53세,경상
2011100600100516,2011년 10월 6일 20시,목요일,인천광역시 남구 도화동,경상사고,0,0,1,0,차대사람 - 기타,기타,건조,맑음,단일로 - 횡단보도부근,승용,남,47세,상해없음,보행자,여,50세,경상
2011100600100555,2011년 10월 6일 21시,목요일,인천광역시 남동구 남촌동,중상사고,0,2,0,0,차대차 - 추돌 - 진행중,안전운전불이행,건조,맑음,교차로 - 교차로안,승용,남,36세,상해없음,원동기,남,24세,중상
2011100600100556,2011년 10월 6일 21시,목요일,인천광역시 연수구 연수동,경상사고,0,0,1,0,차대차 - 측면직각충돌,안전운전불이행,건조,맑음,교차로 - 교차로안,승용,남,58세,상해없음,자전거,남,18세,경상
2011100600100588,2011년 10월 6일 22시,목요일,인천광역시 남구 주안동,중상사고,0,1,0,0,차대사람 - 기타,안전운전불이행,건조,맑음,단일로 - 횡단보도상,승용,남,45세,상해없음,보행자,남,66세,중상
2011100600100589,2011년 10월 6일 22시,목요일,인천광역시 계양구 용종동,경상사고,0,0,1,0,차대차 - 측면직각충돌,차로위반,건조,맑음,단일로 - 기타,기타불명,기타불명,기타불명,기타불명,승용,남,24세,경상
2011100700100019,2011년 10월 7일 00시,금요일,인천광역시 연수구 선학동,경상사고,0,0,1,0,차대차 - 측면직각충돌,신호위반,건조,맑음,단일로 - 기타,화물,남,38세,상해없음,승용,남,43세,상해없음
2011100700100042,2011년 10월 7일 01시,금요일,인천광역시 서구 가정동,중상사고,0,1,1,0,차대차 - 측면직각충돌,안전운전불이행,건조,맑음,교차로 - 교차로안,건설기계,남,39세,상해없음,승용,남,41세,상해없음
2011100700100060,2011년 10월 7일 02시,금요일,인천광역시 남동구 구월동,경상사고,0,0,1,0,차대차 - 추돌 - 주정차중,안전운전불이행,건조,맑음,교차로 - 교차로부근,승용,남,31세,상해없음,승용,남,47세,경상
2011100700100061,2011년 10월 7일 02시,금요일,인천광역시 연수구 옥련동,중상사고,0,1,0,0,차대차 - 정면충돌,신호위반,건조,맑음,교차로 - 교차로안,승용,남,31세,상해없음,승용,남,35세,중상
2011100700100082,2011년 10월 7일 04시,금요일,인천광역시 남구 주안동,경상사고,0,0,1,0,차대차 - 측면직각충돌,신호위반,건조,맑음,교차로 - 교차로안,승용,남,35세,상해없음,화물,남,54세,경상
2011100700100083,2011년 10월 7일 04시,금요일,인천광역시 부평구 부평동,중상사고,0,1,0,0,차대사람 - 보도통행중,중앙선침범,건조,맑음,단일로 - 기타,승용,기타불명,기타불명,기타불명,보행자,남,46세,중상
2011100700100084,2011년 10월 7일 04시,금요일,인천광역시 중구 중산동,중상사고,0,1,0,0,차대차 - 추돌 - 진행중,안전운전불이행,건조,맑음,단일로 - 기타,승용,남,42세,상해없음,승용,남,52세,중상
2011100700100096,2011년 10월 7일 05시,금요일,인천광역시 남구 관교동,중상사고,0,1,0,0,차대차 - 정면충돌,안전운전불이행,건조,맑음,교차로 - 교차로부근,승용,남,50세,상해없음,화물,남,42세,중상
2011100700100097,2011년 10월 7일 05시,금요일,인천광역시 남구 학익동,경상사고,0,0,1,0,차대사람 - 기타,교차로운행방법위반,건조,맑음,단일로 - 횡단보도상,화물,남,57세,상해없음,보행자,남,65세,경상
2011100700100098,2011년 10월 7일 05시,금요일,인천광역시 서구 원창동,중상사고,0,1,0,0,차대차 - 측면직각충돌,신호위반,건조,맑음,교차로 - 교차로안,화물,남,46세,상해없음,승합,남,32세,중상
2011100700100111,2011년 10월 7일 06시,금요일,인천광역시 연수구 청학동,경상사고,0,0,1,0,차대차 - 정면충돌,중앙선침범,건조,맑음,단일로 - 기타,승용,남,30세,상해없음,승합,남,42세,경상
2011100700100112,2011년 10월 7일 06시,금요일,인천광역시 중구 운서동,사망사고,1,0,3,0,차량단독 - 도로외이탈 - 기타,안전운전불이행,건조,맑음,단일로 - 기타,승합,남,45세,경상,,,,
2011100700100136,2011년 10월 7일 07시,금요일,인천광역시 남동구 고잔동,경상사고,0,0,1,0,차대차 - 정면충돌,안전운전불이행,건조,맑음,단일로 - 기타,승용,여,49세,상해없음,원동기,남,38세,경상
2011100700100183,2011년 10월 7일 08시,금요일,인천광역시 남동구 구월동,경상사고,0,0,1,0,차대차 - 추돌 - 주정차중,중앙선침범,건조,맑음,교차로 - 교차로안,승용,남,26세,상해없음,승용,남,53세,경상
2011100700100219,2011년 10월 7일 09시,금요일,인천광역시 부평구 산곡동,부상신고사고,0,0,0,1,차대사람 - 기타,안전운전불이행,건조,맑음,교차로 - 교차로부근,승용,남,28세,상해없음,보행자,여,56세,부상신고
2011100700100220,2011년 10월 7일 09시,금요일,인천광역시 남동구 간석동,중상사고,0,1,1,0,차대차 - 측면직각충돌,직진우회전진행방해,건조,맑음,단일로 - 기타,승용,남,55세,상해없음,승용,여,45세,중상
2011100700100221,2011년 10월 7일 09시,금요일,인천광역시 계양구 효성동,경상사고,0,0,1,0,차대사람 - 기타,안전운전불이행,건조,맑음,교차로 - 교차로부근,승용,남,49세,상해없음,보행자,여,19세,경상
2011100700100267,2011년 10월 7일 11시,금요일,인천광역시 동구 송림동,경상사고,0,0,1,0,차대차 - 기타,안전운전불이행,건조,맑음,단일로 - 기타,승용,남,37세,상해없음,승용,남,72세,경상
2011100700100268,2011년 10월 7일 11시,금요일,인천광역시 부평구 청천동,경상사고,0,0,1,0,차대차 - 측면직각충돌,신호위반,건조,맑음,교차로 - 교차로부근,승합,남,29세,상해없음,이륜,남,30세,경상
2011100700100269,2011년 10월 7일 11시,금요일,인천광역시 남동구 장수동,경상사고,0,0,1,0,차대차 - 측면직각충돌,차로위반,건조,맑음,단일로 - 기타,화물,남,35세,상해없음,승용,남,46세,경상
2011100700100291,2011년 10월 7일 12시,금요일,인천광역시 부평구 십정동,중상사고,0,1,0,0,차대사람 - 기타,안전운전불이행,건조,맑음,교차로 - 교차로부근,승용,남,56세,상해없음,보행자,여,51세,중상
2011100700100292,2011년 10월 7일 12시,금요일,인천광역시 남동구 논현동,중상사고,0,1,0,0,차대차 - 측면직각충돌,안전운전불이행,건조,맑음,교차로 - 교차로안,승용,여,40세,상해없음,이륜,남,46세,중상
2011100700100316,2011년 10월 7일 13시,금요일,인천광역시 부평구 부평동,중상사고,0,1,0,0,차대사람 - 횡단중,보행자보호의무위반,건조,맑음,교차로 - 교차로안,승용,여,56세,상해없음,보행자,남,53세,중상
2011100700100317,2011년 10월 7일 13시,금요일,인천광역시 남동구 구월동,중상사고,0,1,0,0,차대차 - 측면직각충돌,교차로운행방법위반,건조,맑음,교차로 - 교차로안,이륜,남,53세,중상,승용,여,42세,상해없음
2011100700100318,2011년 10월 7일 13시,금요일,인천광역시 부평구 부평동,경상사고,0,0,1,0,차대사람 - 길가장자리구역통행중,신호위반,건조,맑음,단일로 - 기타,승용,기타불명,기타불명,기타불명,보행자,여,16세,경상