사고번호,사고일시,요일,시군구,사고내용,사망자수,중상자수,경상자수,부상신고자수,사고유형,법규위반,노면상태,기상상태,도로형태,가해운전자 차종,가해운전자 성별,가해운전자 연령,가해운전자 상해정도,피해운전자 차종,피해운전자 성별,피해운전자 연령,피해운전자 상해정도
2011101200100085,2011년 10월 12일 05시,수요일,인천광역시 계양구 계산동,중상사고,0,6,0,0,차대차 - 측면직각충돌,신호위반,건조,맑음,교차로 - 교차로안,승합,남,52세,상해없음,승용,여,56세,중상
2011101200100104,2011년 10월 12일 06시,수요일,인천광역시 계양구 효성동,경상사고,0,0,1,0,차대사람 - 길가장자리구역통행중,안전운전불이행,건조,맑음,단일로 - 기타,화물,남,60세,상해없음,보행자,남,18세,경상
2011101200100169,2011년 10월 12일 08시,수요일,인천광역시 서구 가좌동,경상사고,0,0,1,0,차대사람 - 횡단중,안전운전불이행,건조,맑음,교차로 - 교차로안,승용,여,38세,상해없음,보행자,여,13세,경상
2011101200100170,2011년 10월 12일 08시,수요일,인천광역시 서구 가정동,경상사고,0,0,2,0,차대차 - 추돌 - 주정차중,안전거리미확보,건조,맑음,단일로 - 기타,승용,여,44세,상해없음,승용,여,27세,경상
2011101200100171,2011년 10월 12일 08시,수요일,인천광역시 연수구 옥련동,경상사고,0,0,1,0,차대차 - 추돌 - 주정차중,안전운전불이행,건조,맑음,단일로 - 기타,승용,여,31세,상해없음,승용,남,54세,경상
2011101200100225,2011년 10월 12일 10시,수요일,인천광역시 남구 관교동,경상사고,0,0,4,0,차대차 - 추돌 - 진행중,안전거리미확보,건조,맑음,단일로 - 기타,화물,남,64세,경상,승용,여,31세,경상
2011101200100264,2011년 10월 12일 12시,수요일,인천광역시 서구 심곡동,경상사고,0,0,1,0,차대사람 - 기타,안전운전불이행,건조,맑음,단일로 - 기타,승용,여,46세,상해없음,보행자,여,47세,경상
2011101200100313,2011년 10월 12일 14시,수요일,인천광역시 남동구 논현동,사망사고,1,0,0,0,차대사람 - 횡단중,안전운전불이행,건조,맑음,단일로 - 횡단보도상,승용,남,53세,상해없음,보행자,남,83세,사망
2011101200100345,2011년 10월 12일 15시,수요일,인천광역시 남동구 만수동,경상사고,0,0,1,0,차대사람 - 기타,안전운전불이행,건조,맑음,교차로 - 교차로부근,화물,남,28세,상해없음,보행자,여,3세,경상
2011101200100372,2011년 10월 12일 16시,수요일,인천광역시 남동구 간석동,경상사고,0,0,1,0,차대차 - 추돌 - 진행중,안전거리미확보,건조,맑음,교차로 - 교차로안,이륜,남,22세,경상,승용,남,31세,상해없음
2011101200100373,2011년 10월 12일 16시,수요일,인천광역시 남동구 논현동,중상사고,0,1,0,0,차대사람 - 기타,안전운전불이행,건조,맑음,단일로 - 기타,기타불명,기타불명,기타불명,기타불명,보행자,남,70세,중상
2011101200100413,2011년 10월 12일 17시,수요일,인천광역시 연수구 선학동,경상사고,0,0,2,0,차대차 - 추돌 - 진행중,기타,건조,맑음,교차로 - 교차로안,승용,남,32세,상해없음,승용,남,42세,경상
2011101200100470,2011년 10월 12일 18시,수요일,인천광역시 연수구 청학동,중상사고,0,1,2,0,차대차 - 기타,안전운전불이행,건조,맑음,교차로 - 교차로부근,승용,남,54세,상해없음,승용,남,25세,중상
2011101200100471,2011년 10월 12일 18시,수요일,인천광역시 부평구 삼산동,경상사고,0,0,1,0,차대차 - 추돌 - 진행중,안전거리미확보,건조,맑음,교차로 - 교차로부근,승용,남,51세,상해없음,승용,남,34세,경상
2011101200100510,2011년 10월 12일 19시,수요일,인천광역시 남구 주안동,경상사고,0,0,2,0,차대차 - 측면직각충돌,안전거리미확보,건조,맑음,단일로 - 기타,승용,여,64세,상해없음,승용,남,25세,경상
2011101200100541,2011년 10월 12일 20시,수요일,인천광역시 남구 주안동,경상사고,0,0,1,0,차대사람 - 길가장자리구역통행중,안전운전불이행,건조,맑음,교차로 - 교차로부근,기타불명,기타불명,기타불명,기타불명,보행자,여,55세,경상
2011101200100542,2011년 10월 12일 20시,수요일,인천광역시 부평구 부평동,중상사고,0,1,0,0,차대차 - 기타,신호위반,건조,맑음,단일로 - 기타,이륜,남,27세,상해없음,자전거,남,27세,중상
2011101200100543,2011년 10월 12일 20시,수요일,인천광역시 서구 검암동,중상사고,0,1,0,0,차대차 - 추돌 - 진행중,안전거리미확보,건조,맑음,교차로 - 교차로부근,승합,남,61세,상해없음,원동기,남,16세,중상
2011101200100587,2011년 10월 12일 21시,수요일,인천광역시 중구 도원동,경상사고,0,0,1,0,차대차 - 측면직각충돌,안전운전불이행,건조,맑음,교차로 - 교차로안,승용,여,56세,상해없음,이륜,남,27세,경상
2011101200100588,2011년 10월 12일 21시,수요일,인천광역시 부평구,경상사고,0,0,1,0,차대사람 - 횡단중,안전운전불이행,건조,맑음,단일로 - 기타,승용,남,42세,상해없음,보행자,남,32세,경상
2011101200100613,2011년 10월 12일 22시,수요일,인천광역시 서구 석남동,중상사고,0,1,0,0,차대차 - 측면직각충돌,신호위반,건조,맑음,교차로 - 교차로부근,원동기,남,37세,기타불명,화물,남,41세,상해없음
2011101300100022,2011년 10월 13일 00시,목요일,인천광역시 남구 용현동,경상사고,0,0,4,0,차대차 - 측면직각충돌,직진우회전진행방해,건조,맑음,교차로 - 교차로안,승용,남,26세,경상,승용,남,46세,상해없음
2011101300100023,2011년 10월 13일 00시,목요일,인천광역시 남구 학익동,경상사고,0,0,1,0,차대차 - 측면직각충돌,신호위반,건조,맑음,단일로 - 기타,승용,남,29세,상해없음,승합,남,32세,경상
2011101300100024,2011년 10월 13일 00시,목요일,인천광역시 부평구 산곡동,중상사고,0,1,2,0,차대차 - 기타,교차로운행방법위반,건조,맑음,단일로 - 기타,승용,남,26세,상해없음,승용,남,53세,경상
2011101300100109,2011년 10월 13일 06시,목요일,인천광역시 중구 신흥동3가,경상사고,0,0,1,0,차대차 - 추돌 - 진행중,안전거리미확보,건조,맑음,교차로 - 교차로부근,승용,남,71세,상해없음,화물,남,51세,경상
2011101300100110,2011년 10월 13일 06시,목요일,인천광역시 계양구 계산동,사망사고,1,0,0,0,차대차 - 측면직각충돌,안전운전불이행,건조,맑음,단일로 - 기타,자전거,남,66세,사망,승용,남,54세,상해없음
2011101300100137,2011년 10월 13일 07시,목요일,인천광역시 남동구 서창동,경상사고,0,0,1,0,차대차 - 기타,안전거리미확보,건조,맑음,단일로 - 기타,승용,남,28세,상해없음,승용,남,45세,경상
2011101300100209,2011년 10월 13일 09시,목요일,인천광역시 남구 주안동,중상사고,0,1,2,0,차대차 - 측면직각충돌,신호위반,건조,맑음,교차로 - 교차로안,특수,남,31세,상해없음,승용,남,29세,중상
2011101300100210,2011년 10월 13일 09시,목요일,인천광역시 남구 주안동,경상사고,0,0,1,0,차대차 - 추돌 - 진행중,불법유턴,건조,맑음,기타 - 기타,승합,남,48세,상해없음,승용,남,39세,경상
2011101300100211,2011년 10월 13일 09시,목요일,인천광역시 서구 금곡동,경상사고,0,0,1,0,차대사람 - 기타,안전운전불이행,건조,맑음,단일로 - 기타,화물,남,58세,상해없음,보행자,남,47세,경상
2011101300100238,2011년 10월 13일 10시,목요일,인천광역시 서구 가좌동,부상신고사고,0,0,0,1,차대차 - 기타,신호위반,건조,맑음,기타 - 기타,원동기,남,24세,부상신고,승용,남,33세,상해없음
2011101300100239,2011년 10월 13일 10시,목요일,인천광역시 계양구 효성동,사망사고,1,0,0,0,차량단독 - 공작물충돌,안전운전불이행,건조,맑음,단일로 - 기타,이륜,남,19세,사망,,,,
2011101300100267,2011년 10월 13일 11시,목요일,인천광역시 연수구 동춘동,중상사고,0,1,0,0,차대차 - 측면직각충돌,중앙선침범,건조,맑음,교차로 - 교차로부근,승용,여,48세,상해없음,화물,남,63세,중상
2011101300100316,2011년 10월 13일 13시,목요일,인천광역시 동구 화수동,경상사고,0,0,1,0,차대차 - 추돌 - 진행중,교차로운행방법위반,건조,맑음,교차로 - 교차로안,승용,남,56세,상해없음,이륜,남,23세,경상
2011101300100375,2011년 10월 13일 15시,목요일,인천광역시 연수구 옥련동,경상사고,0,0,2,0,차대차 - 추돌 - 진행중,안전운전불이행,건조,맑음,단일로 - 기타,승용,여,44세,상해없음,승용,남,51세,경상
2011101300100416,2011년 10월 13일 16시,목요일,인천광역시 연수구 송도동,경상사고,0,0,1,0,차대차 - 측면직각충돌,교차로운행방법위반,건조,맑음,교차로 - 교차로안,화물,남,62세,상해없음,승용,남,28세,경상
2011101300100447,2011년 10월 13일 17시,목요일,인천광역시 남동구 간석동,경상사고,0,0,1,0,차대사람 - 기타,안전운전불이행,건조,맑음,단일로 - 기타,승용,여,49세,상해없음,보행자,여,69세,경상
2011101300100504,2011년 10월 13일 18시,목요일,인천광역시 남구 용현동,경상사고,0,0,1,0,차대차 - 측면직각충돌,신호위반,건조,맑음,교차로 - 교차로안,승용,여,36세,상해없음,승용,남,54세,경상
2011101300100506,2011년 10월 13일 18시,목요일,인천광역시 서구 가정동,경상사고,0,0,1,0,차대차 - 기타,안전운전불이행,건조,맑음,교차로 - 교차로부근,특수,남,39세,상해없음,이륜,남,74세,경상
2011101300100507,2011년 10월 13일 18시,목요일,인천광역시 계양구 효성동,경상사고,0,0,1,0,차대차 - 기타,안전운전불이행,건조,맑음,교차로 - 교차로안,원동기,남,45세,경상,승용,남,35세,상해없음
2011101300100549,2011년 10월 13일 19시,목요일,인천광역시 남구 주안동,경상사고,0,0,1,0,차대차 - 기타,불법유턴,건조,맑음,교차로 - 교차로부근,승용,남,48세,상해없음,승용,남,53세,경상
2011101300100550,2011년 10월 13일 19시,목요일,인천광역시 부평구 십정동,경상사고,0,0,3,0,차대차 - 기타,중앙선침범,건조,맑음,교차로 - 교차로부근,원동기,남,28세,상해없음,승용,남,50세,경상
2011101300100551,2011년 10월 13일 19시,목요일,인천광역시 남동구 구월동,중상사고,0,1,0,0,차대사람 - 기타,안전운전불이행,건조,맑음,단일로 - 기타,승합,남,42세,상해없음,보행자,남,14세,중상
2011101300100552,2011년 10월 13일 19시,목요일,인천광역시 남동구 구월동,경상사고,0,0,1,0,차대차 - 측면직각충돌,중앙선침범,건조,맑음,기타 - 기타,승용,남,57세,상해없음,승용,남,42세,경상
2011101300100553,2011년 10월 13일 19시,목요일,인천광역시 서구 석남동,경상사고,0,0,1,0,차대차 - 기타,안전운전불이행,건조,맑음,교차로 - 교차로부근,승합,남,27세,상해없음,자전거,남,45세,경상
2011101300100554,2011년 10월 13일 19시,목요일,인천광역시 부평구 부평동,경상사고,0,0,1,0,차대차 - 측면직각충돌,안전거리미확보,건조,맑음,단일로 - 기타,승용,남,63세,상해없음,이륜,남,59세,경상
2011101300100578,2011년 10월 13일 20시,목요일,인천광역시 부평구 부평동,경상사고,0,0,1,0,차대차 - 측면직각충돌,안전거리미확보,건조,맑음,교차로 - 교차로부근,승용,남,44세,상해없음,원동기,남,19세,경상
2011101300100579,2011년 10월 13일 20시,목요일,인천광역시 부평구 부평동,경상사고,0,0,1,0,차대사람 - 기타,안전운전불이행,건조,맑음,교차로 - 교차로안,승용,남,29세,상해없음,보행자,여,56세,경상
2011101300100609,2011년 10월 13일 21시,목요일,인천광역시 부평구 부평동,중상사고,0,1,0,0,차대사람 - 기타,안전운전불이행,건조,맑음,단일로 - 횡단보도상,승용,남,58세,상해없음,보행자,남,62세,중상
2011101300100610,2011년 10월 13일 21시,목요일,인천광역시 남동구 간석동,경상사고,0,0,1,0,차대차 - 측면직각충돌,안전운전불이행,건조,맑음,교차로 - 교차로부근,승용,남,29세,상해없음,자전거,여,41세,경상
2011101300100635,2011년 10월 13일 22시,목요일,인천광역시 남구 주안동,중상사고,0,1,0,0,차대사람 - 횡단중,안전운전불이행,건조,흐림,단일로 - 기타,승용,남,30세,상해없음,보행자,남,55세,중상
2011101300100636,2011년 10월 13일 22시,목요일,인천광역시 남구 도화동,중상사고,0,1,0,0,차대사람 - 기타,기타,건조,맑음,단일로 - 기타,자전거,여,53세,상해없음,보행자,여,56세,중상
2011101300100637,2011년 10월 13일 22시,목요일,인천광역시 남동구 논현동,경상사고,0,0,1,0,차대차 - 추돌 - 주정차중,안전운전불이행,건조,맑음,교차로 - 교차로부근,이륜,남,31세,경상,화물,남,59세,상해없음
2011101300100638,2011년 10월 13일 22시,목요일,인천광역시 계양구 오류동,중상사고,0,1,0,0,차대차 - 측면직각충돌,교차로운행방법위반,건조,맑음,교차로 - 교차로안,승용,남,55세,상해없음,원동기,남,40세,중상
2011101300100663,2011년 10월 13일 23시,목요일,인천광역시 남구 주안동,부상신고사고,0,0,0,1,차대사람 - 횡단중,안전운전불이행,건조,맑음,단일로 - 횡단보도부근,승용,남,60세,상해없음,보행자,남,32세,부상신고
2011101300100664,2011년 10월 13일 23시,목요일,인천광역시 부평구 십정동,경상사고,0,0,1,0,차대사람 - 기타,안전운전불이행,건조,맑음,단일로 - 기타,승용,남,35세,상해없음,보행자,남,31세,경상
2011101300100665,2011년 10월 13일 23시,목요일,인천광역시 남동구 수산동,중상사고,0,1,1,0,차대차 - 기타,안전운전불이행,건조,맑음,단일로 - 기타,승용,남,45세,경상,승용,남,37세,상해없음
2011101400100034,2011년 10월 14일 01시,금요일,인천광역시 남동구 만수동,부상신고사고,0,0,0,1,차대차 - 추돌 - 주정차중,안전운전불이행,건조,맑음,교차로 - 교차로부근,화물,남,32세,부상신고,승용,남,28세,기타불명
2011101400100056,2011년 10월 14일 03시,금요일,인천광역시 연수구 연수동,중상사고,0,1,1,0,차대차 - 추돌 - 진행중,안전운전불이행,건조,맑음,단일로 - 기타,승용,남,22세,상해없음,승용,남,52세,중상
2011101400100057,2011년 10월 14일 03시,금요일,인천광역시 부평구 구산동,경상사고,0,0,4,0,차대차 - 추돌 - 주정차중,안전운전불이행,건조,맑음,교차로 - 교차로부근,화물,남,47세,상해없음,승용,여,60세,경상
2011101400100070,2011년 10월 14일 04시,금요일,인천광역시 계양구 작전동,중상사고,0,1,0,0,차대차 - 측면직각충돌,안전운전불이행,건조,맑음,교차로 - 교차로부근,승용,남,27세,상해없음,자전거,남,63세,중상
2011101400100071,2011년 10월 14일 04시,금요일,인천광역시 연수구 송도동,중상사고,0,1,0,0,차대차 - 측면직각충돌,신호위반,건조,맑음,교차로 - 교차로안,승용,여,51세,상해없음,승용,남,59세,중상
2011101400100099,2011년 10월 14일 06시,금요일,인천광역시 서구 원당동,경상사고,0,0,1,0,차대차 - 측면직각충돌,신호위반,습기,비,교차로 - 교차로안,화물,남,55세,상해없음,승용,남,39세,경상
2011101400100134,2011년 10월 14일 07시,금요일,인천광역시 계양구 작전동,경상사고,0,0,1,0,차대차 - 측면직각충돌,안전거리미확보,습기,흐림,단일로 - 기타,승용,남,50세,상해없음,승용,남,38세,경상
2011101400100135,2011년 10월 14일 07시,금요일,인천광역시 부평구 부평동,경상사고,0,0,1,0,차대사람 - 횡단중,안전운전불이행,습기,비,교차로 - 교차로안,승용,남,52세,상해없음,보행자,여,19세,경상
2011101400100180,2011년 10월 14일 08시,금요일,인천광역시 부평구 갈산동,중상사고,0,1,2,0,차대차 - 추돌 - 주정차중,안전운전불이행,습기,비,교차로 - 교차로안,승용,남,30세,상해없음,승용,남,68세,경상
2011101400100181,2011년 10월 14일 08시,금요일,인천광역시 서구 불로동,경상사고,0,0,1,0,차대차 - 기타,안전운전불이행,습기,비,교차로 - 교차로부근,승합,남,42세,상해없음,승용,남,31세,경상
2011101400100216,2011년 10월 14일 09시,금요일,인천광역시 남동구 장수동,중상사고,0,1,0,0,차대차 - 추돌 - 진행중,안전운전불이행,건조,맑음,단일로 - 기타,화물,남,63세,상해없음,승용,남,52세,중상
2011101400100323,2011년 10월 14일 12시,금요일,인천광역시 부평구,경상사고,0,0,1,0,차대사람 - 보도통행중,안전거리미확보,건조,맑음,단일로 - 기타,승용,남,49세,상해없음,보행자,여,25세,경상
2011101400100324,2011년 10월 14일 12시,금요일,인천광역시 계양구 계산동,부상신고사고,0,0,0,1,차대차 - 측면직각충돌,안전운전불이행,건조,맑음,단일로 - 기타,원동기,남,75세,상해없음,원동기,남,26세,부상신고
2011101400100325,2011년 10월 14일 12시,금요일,인천광역시 연수구 청학동,경상사고,0,0,3,0,차대차 - 추돌 - 진행중,안전운전불이행,습기,흐림,단일로 - 기타,승용,남,45세,기타불명,승용,남,51세,상해없음
2011101400100357,2011년 10월 14일 13시,금요일,인천광역시 남구 숭의동,경상사고,0,0,1,0,차대차 - 기타,안전운전불이행,건조,맑음,교차로 - 교차로안,승용,여,40세,상해없음,화물,남,38세,경상
2011101400100420,2011년 10월 14일 15시,금요일,인천광역시 계양구 용종동,경상사고,0,0,1,0,차대차 - 측면직각충돌,안전운전불이행,건조,맑음,교차로 - 교차로부근,승용,여,52세,상해없음,승용,남,44세,경상
2011101400100452,2011년 10월 14일 16시,금요일,인천광역시 남동구 구월동,중상사고,0,1,0,0,차대차 - 측면직각충돌,신호위반,건조,맑음,교차로 - 교차로안,화물,남,69세,상해없음,원동기,남,59세,중상
2011101400100482,2011년 10월 14일 17시,금요일,인천광역시 서구 석남동,경상사고,0,0,1,0,차대차 - 기타,안전운전불이행,건조,맑음,단일로 - 기타,승용,남,39세,상해없음,승용,여,63세,기타불명
2011101400100557,2011년 10월 14일 18시,금요일,인천광역시 남구 숭의동,중상사고,0,1,0,0,차대사람 - 기타,안전운전불이행,건조,맑음,단일로 - 기타,승용,남,28세,상해없음,보행자,남,47세,중상
2011101400100558,2011년 10월 14일 18시,금요일,인천광역시 부평구 산곡동,중상사고,0,1,0,0,차대사람 - 횡단중,안전운전불이행,건조,맑음,교차로 - 교차로부근,승용,여,38세,상해없음,보행자,여,6세,중상
2011101400100559,2011년 10월 14일 18시,금요일,인천광역시 남동구 간석동,경상사고,0,0,1,0,차대사람 - 횡단중,보행자보호의무위반,건조,맑음,교차로 - 교차로부근,화물,남,56세,상해없음,보행자,남,49세,경상
2011101400100614,2011년 10월 14일 19시,금요일,인천광역시 남동구 수산동,중상사고,0,1,0,0,차대차 - 추돌 - 진행중,안전거리미확보,건조,맑음,단일로 - 기타,승용,남,51세,상해없음,화물,여,67세,중상
2011101400100615,2011년 10월 14일 19시,금요일,인천광역시 남동구 간석동,중상사고,0,1,0,0,차대사람 - 횡단중,신호위반,건조,맑음,단일로 - 횡단보도상,승용,남,34세,상해없음,보행자,남,14세,중상
2011101400100616,2011년 10월 14일 19시,금요일,인천광역시 서구 가좌동,중상사고,0,1,0,0,차대사람 - 기타,안전운전불이행,건조,맑음,교차로 - 교차로부근,승용,여,32세,상해없음,보행자,여,22세,중상
2011101400100617,2011년 10월 14일 19시,금요일,인천광역시 서구 가좌동,경상사고,0,0,1,0,차대차 - 추돌 - 진행중,안전거리미확보,건조,맑음,단일로 - 기타,화물,남,27세,기타불명,승용,여,46세,경상
2011101400100618,2011년 10월 14일 19시,금요일,인천광역시 부평구 삼산동,경상사고,0,0,1,1,차대차 - 정면충돌,신호위반,건조,맑음,교차로 - 교차로안,승용,여,45세,부상신고,승합,남,56세,경상
2011101400100669,2011년 10월 14일 20시,금요일,인천광역시 남구 주안동,중상사고,0,1,0,0,차대차 - 기타,신호위반,건조,맑음,기타 - 기타,승용,남,55세,상해없음,원동기,남,17세,중상
2011101400100670,2011년 10월 14일 20시,금요일,인천광역시 서구 원당동,경상사고,0,0,1,0,차대차 - 추돌 - 주정차중,안전운전불이행,건조,맑음,교차로 - 교차로부근,기타불명,기타불명,기타불명,기타불명,승용,여,27세,경상
2011101400100708,2011년 10월 14일 21시,금요일,인천광역시 부평구 갈산동,중상사고,0,1,0,0,차량단독 - 기타,안전운전불이행,건조,맑음,교차로 - 교차로안,이륜,남,18세,상해없음,,,,
2011101400100737,2011년 10월 14일 22시,금요일,인천광역시 서구 마전동,경상사고,0,0,4,0,차대차 - 기타,안전운전불이행,건조,맑음,교차로 - 교차로안,승용,여,37세,경상,승용,남,48세,경상
2011101400100738,2011년 10월 14일 22시,금요일,인천광역시 부평구 효성동,중상사고,0,1,3,0,차대차 - 기타,안전거리미확보,건조,맑음,단일로 - 기타,승용,남,38세,상해없음,승용,남,37세,중상
2011101400100772,2011년 10월 14일 23시,금요일,인천광역시 동구 송현동,경상사고,0,0,3,0,차대차 - 추돌 - 진행중,안전운전불이행,건조,맑음,교차로 - 교차로안,승용,남,36세,상해없음,승용,남,54세,경상
2011101500100063,2011년 10월 15일 01시,토요일,인천광역시 동구 송림동,중상사고,0,1,4,0,차대차 - 기타,신호위반,건조,맑음,교차로 - 교차로부근,승용,남,39세,경상,승용,남,48세,중상
2011101500100082,2011년 10월 15일 02시,토요일,인천광역시 남구 주안동,중상사고,0,1,3,0,차대차 - 정면충돌,신호위반,건조,맑음,교차로 - 교차로안,승용,남,27세,중상,승용,남,59세,경상
2011101500100083,2011년 10월 15일 02시,토요일,인천광역시 남구 숭의동,경상사고,0,0,1,0,차대차 - 측면직각충돌,안전운전불이행,건조,맑음,단일로 - 기타,승용,남,28세,상해없음,승용,남,30세,경상
2011101500100102,2011년 10월 15일 03시,토요일,인천광역시 남구 주안동,경상사고,0,0,3,0,차대차 - 측면직각충돌,안전운전불이행,건조,맑음,교차로 - 교차로안,승용,남,26세,상해없음,승용,남,61세,경상
2011101500100103,2011년 10월 15일 03시,토요일,인천광역시 부평구 부평동,경상사고,0,0,5,0,차대차 - 추돌 - 주정차중,안전거리미확보,건조,맑음,단일로 - 기타,승용,남,27세,상해없음,승용,여,29세,경상
2011101500100136,2011년 10월 15일 05시,토요일,인천광역시 남동구 만수동,경상사고,0,0,1,0,차대차 - 측면직각충돌,중앙선침범,건조,맑음,교차로 - 교차로안,승용,남,37세,상해없음,승용,남,68세,경상
2011101500100137,2011년 10월 15일 05시,토요일,인천광역시 부평구 삼산동,중상사고,0,1,0,0,차대사람 - 기타,안전운전불이행,건조,맑음,기타 - 기타,기타불명,기타불명,기타불명,기타불명,보행자,남,54세,중상
2011101500100150,2011년 10월 15일 06시,토요일,인천광역시 중구 운서동,부상신고사고,0,0,0,1,차량단독 - 공작물충돌,안전운전불이행,습기,안개,교차로 - 교차로안,승용,여,33세,상해없음,,,,
2011101500100151,2011년 10월 15일 06시,토요일,인천광역시 남구 주안동,경상사고,0,0,1,0,차대사람 - 차도통행중,안전운전불이행,건조,맑음,단일로 - 기타,승용,남,24세,상해없음,보행자,남,26세,경상
2011101500100196,2011년 10월 15일 08시,토요일,인천광역시 남구 관교동,경상사고,0,0,1,0,차대사람 - 기타,안전운전불이행,건조,맑음,단일로 - 횡단보도부근,기타불명,기타불명,기타불명,기타불명,보행자,남,36세,경상
2011101500100273,2011년 10월 15일 11시,토요일,인천광역시 계양구 작전동,중상사고,0,1,0,0,차대차 - 측면직각충돌,안전운전불이행,건조,맑음,단일로 - 기타,화물,남,35세,상해없음,이륜,남,34세,중상
2011101500100312,2011년 10월 15일 12시,토요일,인천광역시 남구 숭의동,경상사고,0,0,1,0,차대사람 - 기타,안전운전불이행,습기,비,단일로 - 횡단보도상,승용,남,58세,상해없음,보행자,여,41세,경상
2011101500100313,2011년 10월 15일 12시,토요일,인천광역시 남동구 논현동,중상사고,0,1,0,0,차대사람 - 보도통행중,보행자보호의무위반,습기,비,단일로 - 횡단보도상,승용,여,44세,상해없음,보행자,남,8세,중상
2011101500100314,2011년 10월 15일 12시,토요일,인천광역시 남동구 고잔동,중상사고,0,1,0,0,차대차 - 기타,교차로운행방법위반,습기,비,교차로 - 교차로안,승용,여,32세,상해없음,이륜,남,22세,중상
2011101500100315,2011년 10월 15일 12시,토요일,인천광역시 서구 검암동,경상사고,0,0,1,0,차대사람 - 횡단중,안전운전불이행,습기,비,교차로 - 교차로안,이륜,남,53세,상해없음,보행자,여,13세,경상
2011101500100346,2011년 10월 15일 13시,토요일,인천광역시 남구 주안동,경상사고,0,0,1,0,차대차 - 측면직각충돌,안전거리미확보,습기,비,단일로 - 기타,화물,남,30세,상해없음,승용,남,40세,경상
2011101500100385,2011년 10월 15일 14시,토요일,인천광역시 중구 항동7가,중상사고,0,2,3,0,차대차 - 측면직각충돌,안전거리미확보,습기,비,단일로 - 기타,승용,남,55세,상해없음,승용,여,26세,경상
2011101500100386,2011년 10월 15일 14시,토요일,인천광역시 남구 주안동,경상사고,0,0,1,0,차대사람 - 길가장자리구역통행중,안전운전불이행,습기,비,단일로 - 기타,승용,남,34세,상해없음,보행자,남,31세,경상
2011101500100387,2011년 10월 15일 14시,토요일,인천광역시 남동구 장수동,중상사고,0,1,0,0,차대차 - 기타,안전거리미확보,습기,비,단일로 - 기타,승용,남,30세,상해없음,원동기,남,72세,중상
2011101500100388,2011년 10월 15일 14시,토요일,인천광역시 서구 공촌동,경상사고,0,0,1,0,차대차 - 추돌 - 진행중,안전거리미확보,습기,비,기타 - 기타,승용,남,52세,상해없음,화물,남,48세,경상
2011101500100390,2011년 10월 15일 14시,토요일,인천광역시 계양구 귤현동,경상사고,0,0,4,0,차대차 - 추돌 - 진행중,안전거리미확보,습기,비,단일로 - 기타,승합,남,41세,상해없음,화물,남,50세,경상
2011101500100466,2011년 10월 15일 16시,토요일,인천광역시 남동구 논현동,경상사고,0,0,1,0,차대차 - 추돌 - 주정차중,안전운전불이행,건조,맑음,단일로 - 기타,건설기계,남,59세,상해없음,승용,남,61세,경상
2011101500100467,2011년 10월 15일 16시,토요일,인천광역시 서구 석남동,경상사고,0,0,2,0,차대차 - 추돌 - 주정차중,안전운전불이행,습기,비,교차로 - 교차로부근,승용,남,46세,상해없음,승용,남,34세,경상
2011101500100468,2011년 10월 15일 16시,토요일,인천광역시 연수구 선학동,중상사고,0,1,0,0,차대차 - 기타,안전운전불이행,습기,비,교차로 - 교차로부근,승용,남,45세,상해없음,자전거,남,72세,중상
2011101500100517,2011년 10월 15일 17시,토요일,인천광역시 연수구 선학동,경상사고,0,0,1,0,차대차 - 측면직각충돌,안전운전불이행,건조,맑음,교차로 - 교차로부근,기타불명,기타불명,기타불명,기타불명,자전거,남,13세,경상
2011101500100577,2011년 10월 15일 18시,토요일,인천광역시 남동구 만수동,부상신고사고,0,0,0,1,차대차 - 측면직각충돌,신호위반,습기,비,교차로 - 교차로부근,이륜,남,20세,부상신고,승용,남,61세,상해없음
2011101500100578,2011년 10월 15일 18시,토요일,인천광역시 서구 검암동,경상사고,0,0,1,0,차량단독 - 기타,기타,습기,비,단일로 - 기타,승합,남,54세,상해없음,,,,
2011101500100632,2011년 10월 15일 19시,토요일,인천광역시 서구 석남동,중상사고,0,2,2,0,차대차 - 기타,안전운전불이행,습기,비,교차로 - 교차로부근,승용,남,53세,상해없음,승용,남,65세,중상
2011101500100682,2011년 10월 15일 20시,토요일,인천광역시 강화군 강화읍,중상사고,0,1,0,0,차대사람 - 보도통행중,안전운전불이행,습기,비,단일로 - 기타,승용,남,61세,상해없음,보행자,남,40세,중상
2011101500100723,2011년 10월 15일 21시,토요일,인천광역시 계양구 서운동,부상신고사고,0,0,0,1,차대차 - 추돌 - 진행중,안전운전불이행,건조,맑음,단일로 - 기타,승용,남,47세,상해없음,승용,남,51세,부상신고
2011101500100756,2011년 10월 15일 22시,토요일,인천광역시 서구 당하동,경상사고,0,0,1,0,차량단독 - 기타,안전운전불이행,건조,맑음,단일로 - 기타,승합,남,47세,상해없음,,,,
2011101500100757,2011년 10월 15일 22시,토요일,인천광역시 계양구 작전동,중상사고,0,1,0,0,차대사람 - 횡단중,안전운전불이행,건조,맑음,단일로 - 횡단보도부근,승용,여,48세,상해없음,보행자,남,47세,중상