사고번호,사고일시,요일,시군구,사고내용,사망자수,중상자수,경상자수,부상신고자수,사고유형,법규위반,노면상태,기상상태,도로형태,가해운전자 차종,가해운전자 성별,가해운전자 연령,가해운전자 상해정도,피해운전자 차종,피해운전자 성별,피해운전자 연령,피해운전자 상해정도
2011101500100758,2011년 10월 15일 22시,토요일,인천광역시 부평구 삼산동,중상사고,0,1,2,0,차대차 - 추돌 - 주정차중,안전운전불이행,건조,맑음,단일로 - 기타,승용,남,33세,중상,화물,남,46세,경상
2011101500100799,2011년 10월 15일 23시,토요일,인천광역시 남구 주안동,경상사고,0,0,2,0,차대차 - 측면직각충돌,신호위반,습기,비,교차로 - 교차로안,승용,남,33세,상해없음,승용,남,24세,경상
2011101500100801,2011년 10월 15일 23시,토요일,인천광역시 부평구 부개동,경상사고,0,0,1,0,차대차 - 추돌 - 주정차중,안전운전불이행,습기,비,교차로 - 교차로부근,승용,남,58세,상해없음,승용,남,32세,경상
2011101600100025,2011년 10월 16일 00시,일요일,인천광역시 부평구 산곡동,중상사고,0,1,2,0,차대차 - 측면직각충돌,안전거리미확보,습기,비,단일로 - 기타,승용,남,45세,상해없음,화물,남,20세,중상
2011101600100026,2011년 10월 16일 00시,일요일,인천광역시 부평구 부개동,경상사고,0,0,2,0,차대차 - 측면직각충돌,안전운전불이행,습기,비,단일로 - 기타,승용,남,52세,상해없음,원동기,남,23세,경상
2011101600100027,2011년 10월 16일 00시,일요일,인천광역시 부평구 부평동,경상사고,0,0,1,0,차대차 - 기타,중앙선침범,건조,맑음,단일로 - 기타,승용,남,19세,상해없음,승용,남,62세,경상
2011101600100052,2011년 10월 16일 01시,일요일,인천광역시 서구 가정동,경상사고,0,0,2,0,차대차 - 측면직각충돌,신호위반,건조,맑음,교차로 - 교차로안,승용,남,25세,상해없음,승용,남,27세,경상
2011101600100053,2011년 10월 16일 01시,일요일,인천광역시 강화군 화도면,중상사고,0,1,0,0,차대사람 - 기타,안전운전불이행,건조,맑음,단일로 - 기타,승용,남,29세,상해없음,보행자,남,48세,중상
2011101600100075,2011년 10월 16일 02시,일요일,인천광역시 남동구 장수동,경상사고,0,0,1,0,차대차 - 기타,불법유턴,건조,맑음,교차로 - 교차로부근,승용,남,43세,상해없음,승용,남,53세,경상
2011101600100097,2011년 10월 16일 03시,일요일,인천광역시 남동구 구월동,경상사고,0,0,1,0,차대차 - 추돌 - 진행중,안전운전불이행,건조,맑음,교차로 - 교차로부근,승용,여,42세,상해없음,승용,남,53세,경상
2011101600100123,2011년 10월 16일 05시,일요일,인천광역시 연수구 동춘동,중상사고,0,1,0,0,차량단독 - 기타,안전운전불이행,건조,맑음,단일로 - 기타,승용,남,72세,상해없음,,,,
2011101600100139,2011년 10월 16일 06시,일요일,인천광역시 남구 용현동,경상사고,0,0,1,1,차대차 - 측면직각충돌,안전운전불이행,건조,맑음,단일로 - 기타,승용,남,25세,부상신고,승용,남,51세,경상
2011101600100155,2011년 10월 16일 07시,일요일,인천광역시 서구 경서동,경상사고,0,0,1,0,차대차 - 측면직각충돌,안전운전불이행,습기,비,단일로 - 기타,승용,여,52세,상해없음,승합,남,46세,경상
2011101600100175,2011년 10월 16일 08시,일요일,인천광역시 남동구 구월동,경상사고,0,0,2,0,차대차 - 측면직각충돌,신호위반,건조,맑음,교차로 - 교차로부근,화물,남,42세,경상,승용,여,38세,경상
2011101600100219,2011년 10월 16일 10시,일요일,인천광역시 부평구 산곡동,경상사고,0,0,2,0,차대차 - 추돌 - 주정차중,안전거리미확보,건조,맑음,단일로 - 기타,승용,남,50세,상해없음,승용,남,50세,경상
2011101600100238,2011년 10월 16일 11시,일요일,인천광역시 남동구 구월동,중상사고,0,1,1,0,차대차 - 측면직각충돌,교차로운행방법위반,건조,맑음,교차로 - 교차로안,승용,남,57세,상해없음,승용,여,44세,경상
2011101600100261,2011년 10월 16일 12시,일요일,인천광역시 중구 을왕동,경상사고,0,0,1,0,차대차 - 측면직각충돌,안전운전불이행,건조,맑음,단일로 - 기타,승용,남,27세,상해없음,승용,남,27세,경상
2011101600100262,2011년 10월 16일 12시,일요일,인천광역시 서구 신현동,경상사고,0,0,4,0,차대차 - 기타,불법유턴,건조,맑음,단일로 - 기타,승용,남,23세,상해없음,승용,남,38세,경상
2011101600100263,2011년 10월 16일 12시,일요일,인천광역시 연수구 옥련동,경상사고,0,0,1,0,차대차 - 추돌 - 진행중,안전거리미확보,건조,맑음,교차로 - 교차로부근,승용,여,49세,상해없음,승용,남,37세,경상
2011101600100284,2011년 10월 16일 13시,일요일,인천광역시 남동구 구월동,경상사고,0,0,2,0,차대차 - 측면직각충돌,차로위반,건조,맑음,단일로 - 기타,승용,여,54세,경상,승합,남,58세,상해없음
2011101600100348,2011년 10월 16일 15시,일요일,인천광역시 중구 경동,경상사고,0,0,1,0,차대차 - 측면직각충돌,중앙선침범,건조,맑음,교차로 - 교차로부근,자전거,남,23세,상해없음,승용,남,56세,상해없음
2011101600100349,2011년 10월 16일 15시,일요일,인천광역시 동구 송림동,중상사고,0,1,2,0,차대차 - 추돌 - 진행중,안전운전불이행,건조,맑음,교차로 - 교차로부근,승용,남,46세,상해없음,승용,여,33세,중상
2011101600100350,2011년 10월 16일 15시,일요일,인천광역시 서구 가좌동,경상사고,0,0,2,1,차대차 - 기타,안전운전불이행,건조,맑음,단일로 - 기타,승용,여,48세,부상신고,승용,남,46세,경상
2011101600100351,2011년 10월 16일 15시,일요일,인천광역시 강화군 강화읍,중상사고,0,1,0,1,차대차 - 정면충돌,중앙선침범,건조,맑음,단일로 - 기타,승용,남,40세,부상신고,승용,남,25세,중상
2011101600100372,2011년 10월 16일 16시,일요일,인천광역시 남동구 고잔동,경상사고,0,0,1,0,차대차 - 측면직각충돌,신호위반,건조,맑음,교차로 - 교차로안,승용,남,50세,상해없음,승용,남,51세,경상
2011101600100373,2011년 10월 16일 16시,일요일,인천광역시 서구 원창동,경상사고,0,0,3,0,차대차 - 측면직각충돌,안전운전불이행,건조,맑음,교차로 - 교차로부근,승용,남,48세,경상,승용,남,47세,상해없음
2011101600100374,2011년 10월 16일 16시,일요일,인천광역시 강화군 양사면,경상사고,0,0,1,0,차대차 - 측면직각충돌,안전운전불이행,건조,맑음,교차로 - 교차로부근,승용,남,42세,기타불명,승용,남,65세,경상
2011101600100404,2011년 10월 16일 17시,일요일,인천광역시 중구 신흥동3가,경상사고,0,0,1,0,차대차 - 기타,안전운전불이행,건조,맑음,단일로 - 기타,화물,남,47세,상해없음,승용,남,37세,경상
2011101600100405,2011년 10월 16일 17시,일요일,인천광역시 남구 용현동,경상사고,0,0,1,0,차대차 - 기타,안전운전불이행,건조,맑음,교차로 - 교차로안,화물,남,40세,상해없음,승용,여,40세,경상
2011101600100406,2011년 10월 16일 17시,일요일,인천광역시 계양구 계산동,경상사고,0,0,1,0,차대차 - 측면직각충돌,중앙선침범,건조,맑음,교차로 - 교차로부근,승용,남,52세,상해없음,이륜,남,17세,경상
2011101600100458,2011년 10월 16일 18시,일요일,인천광역시 남구 도화동,경상사고,0,0,1,0,차대차 - 측면직각충돌,직진우회전진행방해,건조,맑음,교차로 - 교차로안,승용,여,48세,상해없음,자전거,남,22세,경상
2011101600100503,2011년 10월 16일 19시,일요일,인천광역시 남동구 논현동,경상사고,0,0,1,0,차대사람 - 차도통행중,안전운전불이행,건조,맑음,교차로 - 교차로부근,승용,남,53세,상해없음,보행자,남,25세,경상
2011101600100504,2011년 10월 16일 19시,일요일,인천광역시 서구 석남동,중상사고,0,1,0,0,차대사람 - 횡단중,보행자보호의무위반,건조,맑음,단일로 - 횡단보도상,기타불명,기타불명,기타불명,기타불명,보행자,남,50세,중상
2011101600100505,2011년 10월 16일 19시,일요일,인천광역시 계양구 작전동,경상사고,0,0,1,0,차대사람 - 기타,안전운전불이행,건조,맑음,단일로 - 기타,승용,남,53세,상해없음,보행자,여,37세,경상
2011101600100540,2011년 10월 16일 20시,일요일,인천광역시 남동구 남촌동,경상사고,0,0,1,0,차대사람 - 기타,안전운전불이행,건조,맑음,단일로 - 기타,승용,여,40세,상해없음,보행자,남,28세,경상
2011101600100567,2011년 10월 16일 21시,일요일,인천광역시 중구 을왕동,경상사고,0,0,1,0,차대차 - 추돌 - 진행중,안전운전불이행,건조,맑음,단일로 - 기타,승합,남,30세,상해없음,화물,남,54세,경상
2011101700100026,2011년 10월 17일 01시,월요일,인천광역시 계양구 박촌동,경상사고,0,0,1,0,차대차 - 기타,안전운전불이행,건조,맑음,교차로 - 교차로부근,승용,남,51세,상해없음,승용,남,31세,경상
2011101700100060,2011년 10월 17일 05시,월요일,인천광역시 남동구 간석동,경상사고,0,0,1,0,차대차 - 측면직각충돌,교차로운행방법위반,건조,맑음,교차로 - 교차로안,승용,남,61세,상해없음,승용,남,52세,경상
2011101700100082,2011년 10월 17일 06시,월요일,인천광역시 부평구 십정동,경상사고,0,0,1,0,차대차 - 측면직각충돌,안전거리미확보,건조,맑음,교차로 - 교차로부근,승용,남,49세,상해없음,승용,남,33세,경상
2011101700100146,2011년 10월 17일 08시,월요일,인천광역시 부평구 부평동,경상사고,0,0,1,0,차대사람 - 횡단중,안전운전불이행,건조,맑음,단일로 - 기타,승용,여,57세,상해없음,보행자,여,13세,경상
2011101700100147,2011년 10월 17일 08시,월요일,인천광역시 서구 가좌동,경상사고,0,0,1,0,차대차 - 추돌 - 진행중,안전운전불이행,건조,맑음,기타 - 기타,이륜,남,39세,경상,건설기계,남,50세,상해없음
2011101700100177,2011년 10월 17일 09시,월요일,인천광역시 남동구 구월동,경상사고,0,0,1,0,차대차 - 추돌 - 주정차중,안전거리미확보,건조,맑음,교차로 - 교차로부근,승용,남,42세,상해없음,승용,여,39세,경상
2011101700100236,2011년 10월 17일 11시,월요일,인천광역시 강화군 길상면,중상사고,0,1,0,0,차대사람 - 횡단중,안전운전불이행,건조,맑음,단일로 - 기타,승용,남,46세,상해없음,보행자,남,77세,중상
2011101700100263,2011년 10월 17일 12시,월요일,인천광역시 부평구 부평동,경상사고,0,0,1,0,차대사람 - 차도통행중,안전운전불이행,건조,맑음,단일로 - 기타,승용,남,30세,상해없음,보행자,여,8세,경상
2011101700100326,2011년 10월 17일 14시,월요일,인천광역시 남동구 간석동,경상사고,0,0,1,0,차대차 - 기타,차로위반,건조,맑음,교차로 - 교차로부근,승합,기타불명,49세,기타불명,승합,남,41세,상해없음
2011101700100327,2011년 10월 17일 14시,월요일,인천광역시 서구 경서동,중상사고,0,1,0,0,차대사람 - 횡단중,신호위반,건조,맑음,단일로 - 횡단보도상,화물,남,57세,상해없음,보행자,여,36세,중상
2011101700100328,2011년 10월 17일 14시,월요일,인천광역시 부평구 부개동,경상사고,0,0,1,0,차대차 - 측면직각충돌,신호위반,건조,맑음,교차로 - 교차로부근,승용,남,28세,상해없음,자전거,여,9세,경상
2011101700100368,2011년 10월 17일 15시,월요일,인천광역시 남구 학익동,중상사고,0,1,0,0,차대사람 - 횡단중,안전운전불이행,건조,맑음,단일로 - 기타,승용,여,22세,상해없음,보행자,여,67세,중상
2011101700100369,2011년 10월 17일 15시,월요일,인천광역시 연수구 송도동,경상사고,0,0,1,0,차대차 - 기타,안전운전불이행,건조,맑음,교차로 - 교차로부근,승용,여,60세,상해없음,자전거,여,11세,경상
2011101700100370,2011년 10월 17일 15시,월요일,인천광역시 남구 도화동,부상신고사고,0,0,0,1,차대차 - 추돌 - 진행중,안전운전불이행,건조,맑음,단일로 - 기타,승용,기타불명,기타불명,기타불명,승용,남,21세,부상신고
2011101700100420,2011년 10월 17일 16시,월요일,인천광역시 서구 석남동,중상사고,0,1,0,0,차대차 - 기타,안전운전불이행,건조,맑음,단일로 - 기타,화물,남,49세,상해없음,승용,남,25세,중상
2011101700100453,2011년 10월 17일 17시,월요일,인천광역시 계양구 병방동,경상사고,0,0,1,0,차대사람 - 횡단중,안전운전불이행,건조,맑음,교차로 - 교차로부근,승용,여,53세,상해없음,보행자,여,10세,경상
2011101700100513,2011년 10월 17일 18시,월요일,인천광역시 남동구 간석동,중상사고,0,1,0,0,차대차 - 측면직각충돌,차로위반,건조,맑음,단일로 - 기타,승용,여,37세,상해없음,승용,남,29세,중상
2011101700100550,2011년 10월 17일 19시,월요일,인천광역시 서구 가좌동,부상신고사고,0,0,0,1,차대차 - 기타,교차로운행방법위반,건조,맑음,교차로 - 교차로안,원동기,남,22세,부상신고,승용,남,42세,상해없음
2011101700100552,2011년 10월 17일 19시,월요일,인천광역시 계양구 효성동,중상사고,0,1,0,0,차대사람 - 보도통행중,신호위반,건조,맑음,교차로 - 교차로부근,화물,남,27세,상해없음,보행자,여,69세,중상
2011101700100583,2011년 10월 17일 20시,월요일,인천광역시 계양구 귤현동,중상사고,0,1,0,0,차대차 - 기타,교차로운행방법위반,건조,맑음,교차로 - 교차로안,승용,여,46세,상해없음,자전거,남,9세,중상
2011101700100645,2011년 10월 17일 22시,월요일,인천광역시 남구 주안동,중상사고,0,1,0,0,차대사람 - 횡단중,안전운전불이행,건조,맑음,교차로 - 교차로안,승용,남,61세,상해없음,보행자,여,64세,중상
2011101800100019,2011년 10월 18일 00시,화요일,인천광역시 부평구 삼산동,부상신고사고,0,0,0,1,차대차 - 기타,신호위반,건조,맑음,교차로 - 교차로안,이륜,남,17세,상해없음,승용,여,42세,상해없음
2011101800100046,2011년 10월 18일 03시,화요일,인천광역시 동구 창영동,경상사고,0,0,1,0,차대사람 - 기타,안전운전불이행,건조,맑음,단일로 - 기타,승용,남,47세,상해없음,보행자,남,41세,경상
2011101800100063,2011년 10월 18일 05시,화요일,인천광역시 부평구 십정동,중상사고,0,1,1,0,차대차 - 기타,안전거리미확보,건조,맑음,교차로 - 교차로안,승용,남,54세,상해없음,승용,남,56세,중상
2011101800100075,2011년 10월 18일 06시,화요일,인천광역시 서구 가좌동,중상사고,0,1,0,0,차대차 - 추돌 - 주정차중,안전운전불이행,건조,맑음,교차로 - 교차로부근,승용,남,31세,상해없음,승용,남,49세,중상
2011101800100155,2011년 10월 18일 08시,화요일,인천광역시 남구 도화동,경상사고,0,0,2,0,차대차 - 추돌 - 주정차중,안전거리미확보,건조,맑음,단일로 - 기타,승용,남,44세,상해없음,승용,남,56세,경상
2011101800100156,2011년 10월 18일 08시,화요일,인천광역시 강화군 길상면,경상사고,0,0,1,0,차대사람 - 차도통행중,안전운전불이행,건조,맑음,단일로 - 기타,기타불명,기타불명,기타불명,기타불명,보행자,여,23세,경상
2011101800100187,2011년 10월 18일 09시,화요일,인천광역시 중구 운서동,경상사고,0,0,1,0,차대차 - 측면직각충돌,신호위반,건조,맑음,교차로 - 교차로안,승용,여,39세,상해없음,승용,남,38세,경상
2011101800100245,2011년 10월 18일 11시,화요일,인천광역시 서구 공촌동,중상사고,0,2,1,0,차대차 - 추돌 - 진행중,안전거리미확보,건조,맑음,교차로 - 교차로부근,건설기계,남,45세,경상,화물,남,39세,상해없음
2011101800100295,2011년 10월 18일 13시,화요일,인천광역시 중구 경동,중상사고,0,1,0,0,차대사람 - 횡단중,안전운전불이행,건조,맑음,단일로 - 기타,원동기,남,18세,상해없음,보행자,여,63세,중상
2011101800100296,2011년 10월 18일 13시,화요일,인천광역시 남구 도화동,중상사고,0,1,0,0,차대사람 - 횡단중,보행자보호의무위반,건조,맑음,단일로 - 횡단보도상,승합,남,30세,상해없음,보행자,남,77세,중상
2011101800100297,2011년 10월 18일 13시,화요일,인천광역시 남동구 구월동,경상사고,0,0,2,0,차대차 - 기타,중앙선침범,건조,맑음,단일로 - 기타,승용,여,68세,상해없음,승합,남,25세,경상
2011101800100333,2011년 10월 18일 14시,화요일,인천광역시 남동구 구월동,중상사고,0,1,0,0,차대차 - 측면직각충돌,안전운전불이행,건조,맑음,단일로 - 기타,승용,남,45세,상해없음,승용,남,44세,상해없음
2011101800100362,2011년 10월 18일 15시,화요일,인천광역시 남구 도화동,부상신고사고,0,0,0,1,차대사람 - 길가장자리구역통행중,안전운전불이행,건조,맑음,단일로 - 기타,기타불명,기타불명,기타불명,기타불명,보행자,남,10세,부상신고
2011101800100363,2011년 10월 18일 15시,화요일,인천광역시 서구 금곡동,경상사고,0,0,1,1,차대차 - 추돌 - 주정차중,안전운전불이행,건조,맑음,단일로 - 횡단보도부근,화물,남,62세,상해없음,화물,남,37세,경상
2011101800100398,2011년 10월 18일 16시,화요일,인천광역시 남동구 구월동,경상사고,0,0,2,0,차대차 - 측면직각충돌,안전운전불이행,건조,맑음,교차로 - 교차로부근,건설기계,남,39세,상해없음,승용,남,64세,경상
2011101800100438,2011년 10월 18일 17시,화요일,인천광역시 남구 도화동,경상사고,0,0,1,0,차대사람 - 기타,안전운전불이행,건조,맑음,기타 - 기타,승용,여,52세,상해없음,보행자,여,49세,경상
2011101800100439,2011년 10월 18일 17시,화요일,인천광역시 남구 주안동,경상사고,0,0,1,0,차대차 - 측면직각충돌,안전운전불이행,건조,맑음,교차로 - 교차로안,승용,남,29세,상해없음,승용,여,45세,경상
2011101800100492,2011년 10월 18일 18시,화요일,인천광역시 서구 왕길동,경상사고,0,0,1,0,차대차 - 측면직각충돌,안전운전불이행,건조,맑음,기타 - 기타,승용,남,64세,상해없음,이륜,남,16세,경상
2011101800100493,2011년 10월 18일 18시,화요일,인천광역시 연수구 송도동,중상사고,0,1,0,0,차대사람 - 횡단중,보행자보호의무위반,건조,맑음,단일로 - 횡단보도상,승용,남,54세,상해없음,보행자,여,12세,중상
2011101800100494,2011년 10월 18일 18시,화요일,인천광역시 부평구 부평동,경상사고,0,0,1,0,차대사람 - 길가장자리구역통행중,안전운전불이행,건조,맑음,교차로 - 교차로안,승용,남,25세,상해없음,보행자,남,21세,경상
2011101800100495,2011년 10월 18일 18시,화요일,인천광역시 부평구 삼산동,중상사고,0,1,0,0,차대차 - 측면직각충돌,신호위반,건조,맑음,교차로 - 교차로부근,승용,남,40세,상해없음,이륜,남,29세,중상
2011101800100533,2011년 10월 18일 19시,화요일,인천광역시 중구 신생동,중상사고,0,1,0,0,차대차 - 측면직각충돌,안전운전불이행,건조,맑음,교차로 - 교차로부근,화물,남,49세,상해없음,이륜,남,68세,중상
2011101800100534,2011년 10월 18일 19시,화요일,인천광역시 남구 주안동,중상사고,0,1,0,0,차대차 - 기타,안전운전불이행,건조,맑음,교차로 - 교차로안,승용,여,43세,상해없음,원동기,남,18세,중상
2011101800100535,2011년 10월 18일 19시,화요일,인천광역시 부평구 청천동,중상사고,0,2,0,0,차대사람 - 횡단중,안전운전불이행,건조,맑음,교차로 - 교차로안,화물,남,52세,상해없음,보행자,남,39세,중상
2011101800100536,2011년 10월 18일 19시,화요일,인천광역시 부평구 십정동,부상신고사고,0,0,0,1,차대차 - 측면직각충돌,신호위반,건조,맑음,교차로 - 교차로부근,원동기,남,18세,부상신고,승용,남,56세,상해없음
2011101800100537,2011년 10월 18일 19시,화요일,인천광역시 남동구 구월동,경상사고,0,0,1,0,차대차 - 기타,중앙선침범,건조,맑음,교차로 - 교차로부근,자전거,남,19세,경상,승용,남,48세,상해없음
2011101800100538,2011년 10월 18일 19시,화요일,인천광역시 서구 연희동,중상사고,0,1,0,0,차대차 - 측면직각충돌,신호위반,건조,맑음,교차로 - 교차로안,승용,남,56세,상해없음,승용,남,28세,중상
2011101800100656,2011년 10월 18일 23시,화요일,인천광역시 부평구 산곡동,경상사고,0,0,2,0,차대차 - 추돌 - 진행중,안전거리미확보,건조,맑음,단일로 - 기타,화물,남,52세,상해없음,승용,남,24세,경상
2011101800100657,2011년 10월 18일 23시,화요일,인천광역시 남동구 간석동,중상사고,0,1,0,0,차대사람 - 보도통행중,안전운전불이행,건조,맑음,단일로 - 횡단보도상,승용,남,51세,상해없음,보행자,남,35세,중상
2011101800100658,2011년 10월 18일 23시,화요일,인천광역시 남동구 논현동,사망사고,1,0,0,0,차량단독 - 공작물충돌,안전운전불이행,건조,맑음,단일로 - 기타,승용,남,52세,사망,,,,
2011101900100019,2011년 10월 19일 00시,수요일,인천광역시 중구 신흥동3가,중상사고,0,3,2,0,차대차 - 추돌 - 진행중,안전운전불이행,건조,맑음,교차로 - 교차로안,화물,남,31세,상해없음,승용,남,43세,중상
2011101900100020,2011년 10월 19일 00시,수요일,인천광역시 서구 공촌동,중상사고,0,1,0,0,차량단독 - 공작물충돌,안전운전불이행,건조,맑음,단일로 - 기타,이륜,남,18세,상해없음,,,,
2011101900100035,2011년 10월 19일 01시,수요일,인천광역시 서구 원창동,경상사고,0,0,2,0,차대차 - 기타,안전운전불이행,건조,맑음,단일로 - 기타,승용,남,37세,상해없음,승용,남,49세,경상
2011101900100036,2011년 10월 19일 01시,수요일,인천광역시 연수구 연수동,경상사고,0,0,5,0,차대차 - 추돌 - 주정차중,안전운전불이행,건조,맑음,단일로 - 기타,승용,남,52세,상해없음,승용,여,47세,경상
2011101900100119,2011년 10월 19일 07시,수요일,인천광역시 남동구 만수동,경상사고,0,0,1,0,차대사람 - 기타,안전운전불이행,건조,맑음,단일로 - 기타,승용,남,71세,상해없음,보행자,남,51세,경상
2011101900100120,2011년 10월 19일 07시,수요일,인천광역시 연수구 연수동,경상사고,0,0,1,0,차대사람 - 횡단중,안전운전불이행,건조,맑음,단일로 - 횡단보도상,승용,여,50세,상해없음,보행자,남,50세,경상
2011101900100168,2011년 10월 19일 08시,수요일,인천광역시 남구 주안동,경상사고,0,0,1,0,차대사람 - 횡단중,안전운전불이행,건조,맑음,단일로 - 기타,승용,남,52세,상해없음,보행자,남,70세,경상
2011101900100169,2011년 10월 19일 08시,수요일,인천광역시 남구 숭의동,경상사고,0,0,1,0,차대차 - 추돌 - 진행중,안전거리미확보,건조,맑음,교차로 - 교차로부근,승용,남,53세,상해없음,승용,여,41세,경상
2011101900100170,2011년 10월 19일 08시,수요일,인천광역시 계양구 작전동,중상사고,0,1,0,0,차대차 - 추돌 - 진행중,안전운전불이행,건조,맑음,단일로 - 기타,승용,남,31세,상해없음,승용,여,38세,중상
2011101900100205,2011년 10월 19일 09시,수요일,인천광역시 동구 송림동,경상사고,0,0,1,0,차대사람 - 기타,안전운전불이행,건조,맑음,단일로 - 기타,화물,남,49세,상해없음,보행자,여,54세,경상
2011101900100206,2011년 10월 19일 09시,수요일,인천광역시 남동구 구월동,경상사고,0,0,1,0,차대차 - 측면직각충돌,교차로운행방법위반,건조,맑음,교차로 - 교차로부근,화물,남,28세,상해없음,승용,여,45세,경상
2011101900100207,2011년 10월 19일 09시,수요일,인천광역시 서구 가정동,경상사고,0,0,2,0,차대차 - 추돌 - 진행중,안전운전불이행,건조,맑음,기타 - 기타,승합,남,68세,상해없음,승용,남,71세,경상
2011101900100245,2011년 10월 19일 10시,수요일,인천광역시 남동구 장수동,중상사고,0,1,0,0,차대차 - 측면직각충돌,안전운전불이행,건조,맑음,교차로 - 교차로안,승용,남,64세,상해없음,이륜,남,26세,중상
2011101900100246,2011년 10월 19일 10시,수요일,인천광역시 남동구 논현동,중상사고,0,1,1,0,차대차 - 측면직각충돌,신호위반,건조,맑음,교차로 - 교차로안,승용,남,49세,상해없음,승용,여,46세,경상
2011101900100295,2011년 10월 19일 12시,수요일,인천광역시 계양구 효성동,경상사고,0,0,1,0,차대사람 - 횡단중,보행자보호의무위반,건조,맑음,교차로 - 교차로부근,화물,남,45세,상해없음,보행자,남,69세,경상
2011101900100370,2011년 10월 19일 15시,수요일,인천광역시 서구 당하동,경상사고,0,0,3,0,차대차 - 측면직각충돌,불법유턴,건조,맑음,교차로 - 교차로부근,승용,남,68세,상해없음,승용,여,37세,경상
2011101900100421,2011년 10월 19일 16시,수요일,인천광역시 서구 석남동,경상사고,0,0,2,0,차대차 - 추돌 - 진행중,신호위반,건조,맑음,교차로 - 교차로안,승용,남,52세,상해없음,화물,남,51세,경상
2011101900100422,2011년 10월 19일 16시,수요일,인천광역시 부평구 갈산동,중상사고,0,1,0,0,차대차 - 기타,안전운전불이행,건조,맑음,단일로 - 기타,승용,여,29세,상해없음,이륜,남,49세,중상
2011101900100457,2011년 10월 19일 17시,수요일,인천광역시 남동구 구월동,중상사고,0,1,0,0,차대사람 - 기타,안전운전불이행,건조,맑음,단일로 - 횡단보도상,기타불명,기타불명,기타불명,기타불명,보행자,남,9세,중상
2011101900100523,2011년 10월 19일 18시,수요일,인천광역시 남동구 남촌동,중상사고,0,1,0,1,차대차 - 측면직각충돌,신호위반,건조,맑음,교차로 - 교차로안,화물,남,58세,부상신고,승용,남,45세,중상
2011101900100524,2011년 10월 19일 18시,수요일,인천광역시 부평구 부평동,경상사고,0,0,1,0,차대차 - 기타,안전운전불이행,건조,맑음,단일로 - 기타,승용,남,53세,상해없음,승합,남,42세,경상
2011101900100573,2011년 10월 19일 19시,수요일,인천광역시 중구 운서동,중상사고,0,1,0,0,차대차 - 정면충돌,교차로운행방법위반,건조,맑음,교차로 - 교차로안,승용,남,38세,상해없음,원동기,여,45세,중상
2011101900100574,2011년 10월 19일 19시,수요일,인천광역시 남구 주안동,경상사고,0,0,1,0,차량단독 - 기타,기타,건조,맑음,단일로 - 기타,승합,남,60세,상해없음,,,,
2011101900100575,2011년 10월 19일 19시,수요일,인천광역시 남동구 구월동,중상사고,0,1,0,0,차대차 - 측면직각충돌,안전거리미확보,건조,맑음,교차로 - 교차로부근,승용,남,53세,상해없음,이륜,남,26세,중상
2011101900100608,2011년 10월 19일 20시,수요일,인천광역시 남구 주안동,경상사고,0,0,1,0,차량단독 - 기타,기타,건조,맑음,교차로 - 교차로부근,승합,남,51세,상해없음,,,,
2011101900100609,2011년 10월 19일 20시,수요일,인천광역시 연수구 옥련동,경상사고,0,0,3,0,차대차 - 측면직각충돌,교차로운행방법위반,건조,맑음,교차로 - 교차로안,승용,남,26세,상해없음,승용,남,57세,상해없음
2011101900100610,2011년 10월 19일 20시,수요일,인천광역시 연수구 동춘동,경상사고,0,0,1,0,차대차 - 측면직각충돌,안전운전불이행,건조,맑음,교차로 - 교차로부근,자전거,남,15세,경상,승합,남,63세,상해없음
2011101900100646,2011년 10월 19일 21시,수요일,인천광역시 남동구 서창동,경상사고,0,0,1,0,차대차 - 추돌 - 진행중,안전거리미확보,건조,맑음,단일로 - 기타,승용,남,39세,상해없음,승용,여,41세,경상
2011101900100647,2011년 10월 19일 21시,수요일,인천광역시 부평구 갈산동,경상사고,0,0,2,0,차대차 - 추돌 - 주정차중,안전운전불이행,건조,맑음,교차로 - 교차로부근,승용,남,52세,상해없음,승용,남,34세,경상
2011101900100687,2011년 10월 19일 22시,수요일,인천광역시 계양구 용종동,경상사고,0,0,1,0,차대차 - 추돌 - 진행중,안전거리미확보,건조,맑음,교차로 - 교차로부근,기타불명,기타불명,기타불명,기타불명,승용,여,38세,경상
2011101900100688,2011년 10월 19일 22시,수요일,인천광역시 연수구 옥련동,중상사고,0,1,0,0,차대차 - 정면충돌,중앙선침범,건조,맑음,교차로 - 교차로부근,화물,남,38세,상해없음,승용,남,46세,중상
2011101900100715,2011년 10월 19일 23시,수요일,인천광역시 부평구 부평동,경상사고,0,0,1,0,차대차 - 측면직각충돌,안전운전불이행,건조,맑음,교차로 - 교차로부근,승합,남,43세,상해없음,자전거,남,42세,경상
2011101900100716,2011년 10월 19일 23시,수요일,인천광역시 연수구 연수동,중상사고,0,1,0,0,차대사람 - 차도통행중,안전운전불이행,건조,맑음,단일로 - 기타,승용,남,22세,상해없음,보행자,여,21세,중상