사고번호,사고일시,요일,시군구,사고내용,사망자수,중상자수,경상자수,부상신고자수,사고유형,법규위반,노면상태,기상상태,도로형태,가해운전자 차종,가해운전자 성별,가해운전자 연령,가해운전자 상해정도,피해운전자 차종,피해운전자 성별,피해운전자 연령,피해운전자 상해정도
2011102000100016,2011년 10월 20일 00시,목요일,인천광역시 남동구 장수동,경상사고,0,0,1,0,차대차 - 측면직각충돌,안전거리미확보,건조,맑음,교차로 - 교차로부근,승용,남,31세,상해없음,승용,남,52세,상해없음
2011102000100030,2011년 10월 20일 01시,목요일,인천광역시 남구 관교동,경상사고,0,0,1,0,차대차 - 추돌 - 진행중,안전운전불이행,건조,맑음,단일로 - 기타,승용,여,29세,상해없음,승용,남,36세,경상
2011102000100062,2011년 10월 20일 04시,목요일,인천광역시 남구 주안동,경상사고,0,0,1,0,차대사람 - 기타,안전운전불이행,건조,맑음,기타 - 기타,승용,남,40세,상해없음,보행자,남,21세,경상
2011102000100075,2011년 10월 20일 05시,목요일,인천광역시 부평구 삼산동,사망사고,1,0,0,0,차대사람 - 기타,안전운전불이행,건조,맑음,단일로 - 기타,승용,남,55세,상해없음,보행자,여,64세,사망
2011102000100123,2011년 10월 20일 07시,목요일,인천광역시 남구 도화동,중상사고,0,1,0,0,차대사람 - 차도통행중,안전운전불이행,건조,맑음,단일로 - 기타,승용,남,31세,상해없음,보행자,남,17세,중상
2011102000100187,2011년 10월 20일 09시,목요일,인천광역시 남동구 만수동,경상사고,0,0,1,0,차대사람 - 횡단중,안전운전불이행,건조,맑음,교차로 - 교차로부근,화물,남,64세,상해없음,보행자,남,77세,경상
2011102000100188,2011년 10월 20일 09시,목요일,인천광역시 계양구 효성동,경상사고,0,0,2,0,차대차 - 측면직각충돌,안전운전불이행,건조,맑음,단일로 - 기타,승용,남,66세,상해없음,승합,남,46세,경상
2011102000100267,2011년 10월 20일 12시,목요일,인천광역시 남동구 고잔동,중상사고,0,1,0,0,차대차 - 측면직각충돌,안전운전불이행,건조,맑음,단일로 - 기타,승용,남,50세,상해없음,승용,남,56세,중상
2011102000100268,2011년 10월 20일 12시,목요일,인천광역시 서구 가좌동,경상사고,0,0,1,0,차대사람 - 기타,안전운전불이행,건조,맑음,기타 - 기타,화물,남,53세,상해없음,보행자,여,31세,경상
2011102000100330,2011년 10월 20일 15시,목요일,인천광역시 남동구 구월동,중상사고,0,1,0,0,차대사람 - 기타,안전운전불이행,건조,맑음,단일로 - 기타,승용,남,50세,상해없음,보행자,여,80세,중상
2011102000100331,2011년 10월 20일 15시,목요일,인천광역시 서구 가좌동,경상사고,0,0,1,0,차대차 - 기타,안전운전불이행,건조,맑음,교차로 - 교차로부근,승용,기타불명,기타불명,기타불명,자전거,여,38세,경상
2011102000100357,2011년 10월 20일 16시,목요일,인천광역시 남동구 장수동,경상사고,0,0,1,0,차대차 - 기타,안전거리미확보,건조,맑음,단일로 - 기타,화물,남,36세,상해없음,화물,남,51세,경상
2011102000100358,2011년 10월 20일 16시,목요일,인천광역시 남동구 논현동,부상신고사고,0,0,0,1,차대사람 - 기타,안전운전불이행,건조,맑음,기타 - 기타,자전거,기타불명,기타불명,기타불명,보행자,여,8세,부상신고
2011102000100359,2011년 10월 20일 16시,목요일,인천광역시 서구 신현동,중상사고,0,1,0,0,차대사람 - 보도통행중,중앙선침범,건조,맑음,기타 - 기타,승합,남,69세,상해없음,보행자,남,56세,중상
2011102000100360,2011년 10월 20일 16시,목요일,인천광역시 계양구 작전동,부상신고사고,0,0,0,1,차대차 - 기타,교차로운행방법위반,건조,맑음,단일로 - 기타,승용,여,50세,상해없음,자전거,남,10세,부상신고
2011102000100448,2011년 10월 20일 18시,목요일,인천광역시 계양구 갈현동,중상사고,0,1,2,0,차대차 - 정면충돌,신호위반,건조,맑음,교차로 - 교차로안,화물,남,56세,상해없음,승용,여,43세,중상
2011102000100449,2011년 10월 20일 18시,목요일,인천광역시 연수구 연수동,경상사고,0,0,1,0,차대차 - 추돌 - 주정차중,안전운전불이행,건조,맑음,교차로 - 교차로부근,승합,기타불명,기타불명,기타불명,승용,여,35세,경상
2011102000100491,2011년 10월 20일 19시,목요일,인천광역시 동구 화평동,경상사고,0,0,3,1,차대차 - 추돌 - 진행중,안전운전불이행,건조,맑음,교차로 - 교차로안,승용,남,41세,상해없음,승용,남,33세,경상
2011102000100492,2011년 10월 20일 19시,목요일,인천광역시 계양구 계산동,중상사고,0,1,0,0,차대사람 - 기타,안전운전불이행,건조,맑음,단일로 - 기타,승용,남,51세,상해없음,보행자,여,49세,중상
2011102000100529,2011년 10월 20일 20시,목요일,인천광역시 남동구 구월동,경상사고,0,0,1,0,차대차 - 기타,안전거리미확보,건조,맑음,단일로 - 기타,승용,남,34세,상해없음,승용,남,57세,경상
2011102000100564,2011년 10월 20일 21시,목요일,인천광역시 남구 주안동,중상사고,0,1,0,0,차대사람 - 횡단중,안전운전불이행,건조,맑음,단일로 - 기타,승용,남,55세,상해없음,보행자,남,35세,중상
2011102000100565,2011년 10월 20일 21시,목요일,인천광역시 남동구 논현동,경상사고,0,0,1,0,차대사람 - 기타,안전운전불이행,건조,맑음,교차로 - 교차로안,승용,남,39세,상해없음,보행자,남,40세,경상
2011102000100566,2011년 10월 20일 21시,목요일,인천광역시 연수구 동춘동,중상사고,0,1,0,0,차대차 - 측면직각충돌,교차로운행방법위반,건조,맑음,교차로 - 교차로부근,승용,여,58세,상해없음,자전거,남,55세,중상
2011102000100602,2011년 10월 20일 22시,목요일,인천광역시 부평구 청천동,경상사고,0,0,1,0,차대차 - 기타,안전운전불이행,건조,맑음,단일로 - 기타,기타불명,기타불명,기타불명,기타불명,자전거,여,18세,경상
2011102000100634,2011년 10월 20일 23시,목요일,인천광역시 부평구 산곡동,경상사고,0,0,1,0,차대차 - 기타,안전운전불이행,건조,맑음,교차로 - 교차로부근,기타불명,기타불명,기타불명,기타불명,승용,남,54세,경상
2011102000100635,2011년 10월 20일 23시,목요일,인천광역시 서구 금곡동,경상사고,0,0,1,0,차대차 - 추돌 - 주정차중,안전운전불이행,건조,맑음,교차로 - 교차로부근,승용,여,41세,상해없음,승용,남,42세,경상
2011102000100636,2011년 10월 20일 23시,목요일,인천광역시 연수구 동춘동,경상사고,0,0,1,0,차대차 - 기타,안전운전불이행,건조,맑음,단일로 - 횡단보도상,승용,남,50세,상해없음,자전거,남,12세,경상
2011102000100637,2011년 10월 20일 23시,목요일,인천광역시 연수구 선학동,중상사고,0,1,3,0,차대차 - 측면직각충돌,교차로운행방법위반,건조,맑음,교차로 - 교차로부근,승용,남,51세,상해없음,승용,여,30세,중상
2011102000100638,2011년 10월 20일 23시,목요일,인천광역시 남동구 남촌동,사망사고,1,0,0,0,차대사람 - 횡단중,안전운전불이행,건조,맑음,단일로 - 기타,승용,남,24세,상해없음,보행자,여,31세,사망
2011102100100022,2011년 10월 21일 00시,금요일,인천광역시 부평구 부평동,경상사고,0,0,1,0,차대차 - 측면직각충돌,안전운전불이행,건조,맑음,단일로 - 횡단보도상,승용,여,29세,상해없음,자전거,남,28세,경상
2011102100100023,2011년 10월 21일 00시,금요일,인천광역시 계양구 선주지동,경상사고,0,0,2,0,차대차 - 추돌 - 진행중,안전운전불이행,건조,맑음,단일로 - 기타,화물,남,36세,상해없음,승용,남,50세,경상
2011102100100049,2011년 10월 21일 01시,금요일,인천광역시 부평구 부평동,경상사고,0,0,5,0,차대차 - 정면충돌,안전운전불이행,건조,맑음,교차로 - 교차로부근,승합,남,42세,상해없음,승용,남,19세,경상
2011102100100121,2011년 10월 21일 06시,금요일,인천광역시 남구 용현동,중상사고,0,1,0,0,차대차 - 측면직각충돌,신호위반,건조,맑음,단일로 - 기타,승용,여,63세,상해없음,자전거,남,69세,중상
2011102100100165,2011년 10월 21일 07시,금요일,인천광역시 남동구 고잔동,경상사고,0,0,1,0,차대차 - 기타,안전운전불이행,건조,맑음,교차로 - 교차로부근,승용,남,33세,상해없음,자전거,남,69세,경상
2011102100100201,2011년 10월 21일 08시,금요일,인천광역시 남구 숭의동,경상사고,0,0,3,0,차대차 - 기타,안전거리미확보,건조,맑음,교차로 - 교차로안,승용,남,29세,경상,승합,남,30세,경상
2011102100100202,2011년 10월 21일 08시,금요일,인천광역시 부평구 갈산동,경상사고,0,0,1,0,차대차 - 측면직각충돌,안전운전불이행,습기,맑음,단일로 - 기타,승용,남,37세,상해없음,이륜,남,32세,경상
2011102100100230,2011년 10월 21일 09시,금요일,인천광역시 서구 가정동,경상사고,0,0,1,0,차대차 - 측면직각충돌,안전거리미확보,건조,맑음,단일로 - 기타,화물,남,47세,상해없음,화물,남,49세,경상
2011102100100255,2011년 10월 21일 10시,금요일,인천광역시 부평구 청천동,중상사고,0,1,0,0,차대사람 - 횡단중,안전운전불이행,건조,맑음,단일로 - 기타,화물,남,36세,상해없음,보행자,여,53세,중상
2011102100100256,2011년 10월 21일 10시,금요일,인천광역시 부평구 부평동,경상사고,0,0,1,0,차대사람 - 차도통행중,안전운전불이행,건조,맑음,단일로 - 기타,승용,여,36세,상해없음,보행자,남,55세,경상
2011102100100257,2011년 10월 21일 10시,금요일,인천광역시 남동구 간석동,경상사고,0,0,1,0,차대차 - 측면직각충돌,교차로운행방법위반,건조,맑음,교차로 - 교차로안,승용,여,38세,상해없음,승용,남,54세,경상
2011102100100258,2011년 10월 21일 10시,금요일,인천광역시 연수구 동춘동,중상사고,0,1,0,0,차대차 - 기타,안전운전불이행,건조,맑음,단일로 - 기타,승용,남,43세,상해없음,자전거,여,38세,중상
2011102100100286,2011년 10월 21일 11시,금요일,인천광역시 서구 가좌동,경상사고,0,0,1,0,차대차 - 측면직각충돌,안전운전불이행,건조,맑음,교차로 - 교차로안,승용,여,34세,상해없음,승용,남,50세,경상
2011102100100361,2011년 10월 21일 14시,금요일,인천광역시 부평구 부평동,경상사고,0,0,1,0,차대차 - 추돌 - 주정차중,안전운전불이행,건조,맑음,단일로 - 기타,승용,남,66세,상해없음,승용,남,66세,경상
2011102100100362,2011년 10월 21일 14시,금요일,인천광역시 부평구 일신동,중상사고,0,1,0,0,차대차 - 측면직각충돌,안전운전불이행,건조,맑음,교차로 - 교차로안,화물,남,43세,상해없음,승용,여,42세,중상
2011102100100399,2011년 10월 21일 15시,금요일,인천광역시 부평구 부평동,중상사고,0,1,0,0,차대사람 - 차도통행중,안전운전불이행,건조,맑음,교차로 - 교차로안,승용,남,44세,상해없음,보행자,여,10세,중상
2011102100100400,2011년 10월 21일 15시,금요일,인천광역시 계양구 계산동,경상사고,0,0,1,0,차대차 - 측면직각충돌,안전거리미확보,건조,맑음,단일로 - 기타,특수,남,48세,상해없음,원동기,남,25세,경상
2011102100100401,2011년 10월 21일 15시,금요일,인천광역시 계양구 계산동,경상사고,0,0,2,0,차대차 - 측면직각충돌,안전운전불이행,건조,맑음,단일로 - 기타,승합,남,52세,상해없음,화물,남,47세,경상
2011102100100440,2011년 10월 21일 16시,금요일,인천광역시 계양구 병방동,경상사고,0,0,1,0,차대차 - 추돌 - 주정차중,안전운전불이행,건조,맑음,단일로 - 터널,승용,남,39세,상해없음,화물,남,48세,경상
2011102100100441,2011년 10월 21일 16시,금요일,인천광역시 계양구 효성동,중상사고,0,1,0,0,차대차 - 정면충돌,중앙선침범,건조,맑음,교차로 - 교차로부근,승용,남,59세,상해없음,화물,남,45세,중상
2011102100100442,2011년 10월 21일 16시,금요일,인천광역시 연수구 청학동,경상사고,0,0,5,0,차대차 - 추돌 - 주정차중,안전운전불이행,건조,맑음,단일로 - 기타,승용,남,60세,상해없음,화물,남,33세,경상
2011102100100493,2011년 10월 21일 17시,금요일,인천광역시 계양구 계산동,중상사고,0,2,2,0,차대차 - 기타,안전운전불이행,건조,맑음,교차로 - 교차로부근,승용,남,62세,상해없음,승합,남,45세,상해없음
2011102100100581,2011년 10월 21일 18시,금요일,인천광역시 부평구 부평동,경상사고,0,0,1,0,차대차 - 추돌 - 주정차중,안전거리미확보,건조,맑음,단일로 - 기타,승용,남,48세,상해없음,승용,남,26세,경상
2011102100100582,2011년 10월 21일 18시,금요일,인천광역시 서구 석남동,경상사고,0,0,1,0,차대사람 - 기타,안전운전불이행,건조,맑음,교차로 - 교차로부근,승용,남,56세,상해없음,보행자,여,40세,경상
2011102100100583,2011년 10월 21일 18시,금요일,인천광역시 계양구 박촌동,중상사고,0,1,0,0,차대차 - 정면충돌,안전운전불이행,건조,맑음,단일로 - 기타,승용,남,53세,상해없음,자전거,남,75세,중상
2011102100100584,2011년 10월 21일 18시,금요일,인천광역시 강화군 양도면,중상사고,0,1,0,0,차대차 - 기타,안전운전불이행,건조,맑음,단일로 - 기타,승용,남,67세,상해없음,농기계,남,72세,중상
2011102100100653,2011년 10월 21일 19시,금요일,인천광역시 부평구 청천동,경상사고,0,0,1,0,차대사람 - 횡단중,안전운전불이행,건조,맑음,교차로 - 교차로부근,승용,남,36세,상해없음,보행자,여,49세,경상
2011102100100654,2011년 10월 21일 19시,금요일,인천광역시 부평구 십정동,중상사고,0,1,0,0,차대차 - 추돌 - 진행중,안전운전불이행,건조,맑음,단일로 - 기타,원동기,남,16세,상해없음,승용,남,45세,상해없음
2011102100100655,2011년 10월 21일 19시,금요일,인천광역시 부평구 부평동,경상사고,0,0,3,0,차대차 - 측면직각충돌,교차로운행방법위반,건조,맑음,교차로 - 교차로안,이륜,남,17세,상해없음,승용,남,48세,상해없음
2011102100100762,2011년 10월 21일 21시,금요일,인천광역시 서구 가좌동,중상사고,0,1,0,0,차대사람 - 차도통행중,안전운전불이행,건조,맑음,단일로 - 기타,승합,남,43세,상해없음,보행자,남,53세,중상
2011102100100898,2011년 10월 21일 23시,금요일,인천광역시 남구 주안동,중상사고,0,2,5,0,차대차 - 정면충돌,중앙선침범,건조,맑음,교차로 - 교차로부근,화물,남,35세,상해없음,승합,남,54세,중상
2011102100100899,2011년 10월 21일 23시,금요일,인천광역시 부평구 부평동,경상사고,0,0,1,0,차량단독 - 기타,안전운전불이행,건조,맑음,단일로 - 기타,승용,남,60세,상해없음,,,,
2011102100100900,2011년 10월 21일 23시,금요일,인천광역시 서구 가좌동,중상사고,0,1,0,0,차대사람 - 기타,안전운전불이행,건조,맑음,단일로 - 기타,승합,남,45세,상해없음,보행자,여,76세,중상
2011102200100054,2011년 10월 22일 00시,토요일,인천광역시 남구 관교동,경상사고,0,0,2,0,차대차 - 기타,안전운전불이행,건조,맑음,교차로 - 교차로부근,승용,남,30세,상해없음,승용,남,38세,경상
2011102200100055,2011년 10월 22일 00시,토요일,인천광역시 연수구 연수동,경상사고,0,0,1,0,차대사람 - 기타,안전운전불이행,건조,맑음,단일로 - 기타,승용,여,27세,상해없음,보행자,남,49세,경상
2011102200100088,2011년 10월 22일 01시,토요일,인천광역시 남구 주안동,경상사고,0,0,1,0,차대사람 - 기타,안전운전불이행,건조,기타,단일로 - 기타,승용,남,54세,기타불명,보행자,남,27세,경상
2011102200100089,2011년 10월 22일 01시,토요일,인천광역시 서구 가좌동,경상사고,0,0,1,0,차대사람 - 기타,안전운전불이행,건조,맑음,기타 - 기타,승용,남,38세,상해없음,보행자,남,25세,경상
2011102200100090,2011년 10월 22일 01시,토요일,인천광역시 서구 가정동,경상사고,0,0,1,0,차대차 - 추돌 - 진행중,안전운전불이행,건조,맑음,단일로 - 기타,화물,남,31세,상해없음,화물,남,52세,경상
2011102200100153,2011년 10월 22일 03시,토요일,인천광역시 남구 도화동,경상사고,0,0,2,0,차대차 - 측면직각충돌,신호위반,건조,맑음,단일로 - 기타,승용,남,24세,상해없음,원동기,남,17세,경상
2011102200100192,2011년 10월 22일 05시,토요일,인천광역시 부평구 부평동,경상사고,0,0,1,0,차대차 - 측면직각충돌,안전운전불이행,건조,맑음,단일로 - 기타,승용,남,45세,상해없음,자전거,남,26세,경상
2011102200100223,2011년 10월 22일 06시,토요일,인천광역시 남동구 구월동,경상사고,0,0,1,0,차대사람 - 기타,안전운전불이행,건조,맑음,단일로 - 기타,승용,남,53세,상해없음,보행자,남,26세,경상
2011102200100246,2011년 10월 22일 07시,토요일,인천광역시 남동구 논현동,경상사고,0,0,2,0,차대차 - 정면충돌,신호위반,건조,맑음,교차로 - 교차로안,승용,여,23세,경상,승용,남,46세,경상
2011102200100291,2011년 10월 22일 09시,토요일,인천광역시 남동구 간석동,중상사고,0,1,0,0,차대사람 - 횡단중,안전운전불이행,건조,맑음,단일로 - 기타,원동기,남,13세,상해없음,보행자,여,49세,중상
2011102200100320,2011년 10월 22일 10시,토요일,인천광역시 남동구 고잔동,중상사고,0,1,0,0,차대차 - 측면직각충돌,신호위반,건조,맑음,교차로 - 교차로안,화물,남,67세,중상,승용,남,55세,상해없음
2011102200100364,2011년 10월 22일 11시,토요일,인천광역시 연수구 옥련동,중상사고,0,1,0,0,차대차 - 추돌 - 주정차중,안전운전불이행,건조,맑음,단일로 - 기타,승용,남,29세,상해없음,승용,남,53세,중상
2011102200100400,2011년 10월 22일 12시,토요일,인천광역시 부평구,경상사고,0,0,1,0,차대차 - 추돌 - 진행중,신호위반,건조,맑음,교차로 - 교차로안,승용,여,26세,상해없음,이륜,남,21세,경상
2011102200100471,2011년 10월 22일 14시,토요일,인천광역시 계양구 박촌동,중상사고,0,1,0,0,차대차 - 측면직각충돌,신호위반,건조,맑음,단일로 - 횡단보도상,화물,남,64세,상해없음,자전거,남,29세,중상
2011102200100512,2011년 10월 22일 15시,토요일,인천광역시 남동구 만수동,경상사고,0,0,2,0,차대차 - 기타,안전운전불이행,건조,맑음,단일로 - 기타,승용,여,44세,상해없음,승용,남,29세,경상
2011102200100547,2011년 10월 22일 16시,토요일,인천광역시 남동구 논현동,경상사고,0,0,2,0,차대차 - 추돌 - 주정차중,안전운전불이행,건조,맑음,단일로 - 기타,승용,남,50세,상해없음,승용,여,23세,경상
2011102200100663,2011년 10월 22일 18시,토요일,인천광역시 남동구 남촌동,경상사고,0,0,3,0,차대차 - 추돌 - 진행중,안전운전불이행,건조,맑음,단일로 - 기타,승용,남,54세,상해없음,승용,남,53세,상해없음
2011102200100664,2011년 10월 22일 18시,토요일,인천광역시 서구 가좌동,경상사고,0,0,1,0,차대차 - 측면직각충돌,안전거리미확보,건조,맑음,교차로 - 교차로부근,승용,여,26세,상해없음,승용,여,58세,경상
2011102200100709,2011년 10월 22일 19시,토요일,인천광역시 서구 심곡동,경상사고,0,0,1,0,차대차 - 기타,중앙선침범,건조,맑음,교차로 - 교차로부근,승용,남,46세,상해없음,이륜,남,55세,경상
2011102200100821,2011년 10월 22일 22시,토요일,인천광역시 부평구 십정동,경상사고,0,0,1,0,차대차 - 측면직각충돌,차로위반,건조,맑음,단일로 - 기타,승용,남,37세,상해없음,원동기,남,19세,경상
2011102200100855,2011년 10월 22일 23시,토요일,인천광역시 남구 주안동,경상사고,0,0,1,0,차대사람 - 기타,안전운전불이행,건조,맑음,단일로 - 기타,승용,여,44세,상해없음,보행자,여,23세,경상
2011102200100856,2011년 10월 22일 23시,토요일,인천광역시 부평구,경상사고,0,0,2,0,차대차 - 추돌 - 진행중,안전운전불이행,건조,맑음,단일로 - 기타,승용,여,47세,상해없음,승용,남,43세,경상
2011102200100857,2011년 10월 22일 23시,토요일,인천광역시 서구 경서동,중상사고,0,1,0,0,차대차 - 기타,중앙선침범,건조,맑음,교차로 - 교차로부근,승용,남,34세,상해없음,승용,남,21세,중상
2011102300100015,2011년 10월 23일 00시,일요일,인천광역시 서구 가좌동,경상사고,0,0,3,0,차대차 - 추돌 - 주정차중,안전운전불이행,건조,맑음,교차로 - 교차로부근,승용,남,55세,상해없음,승용,남,46세,경상
2011102300100016,2011년 10월 23일 00시,일요일,인천광역시 계양구 선주지동,중상사고,0,2,1,0,차대차 - 기타,안전운전불이행,건조,맑음,단일로 - 기타,승용,남,54세,상해없음,화물,여,41세,중상
2011102300100042,2011년 10월 23일 01시,일요일,인천광역시 부평구 부평동,중상사고,0,1,0,0,차대사람 - 횡단중,안전운전불이행,건조,맑음,단일로 - 기타,승용,남,61세,상해없음,보행자,남,72세,중상
2011102300100132,2011년 10월 23일 07시,일요일,인천광역시 남구 주안동,중상사고,0,1,0,0,차대차 - 추돌 - 진행중,안전운전불이행,건조,맑음,단일로 - 기타,승용,남,26세,상해없음,승용,남,27세,중상
2011102300100181,2011년 10월 23일 10시,일요일,인천광역시 남동구 논현동,중상사고,0,3,2,0,차대차 - 측면직각충돌,신호위반,건조,맑음,교차로 - 교차로안,승용,남,40세,상해없음,화물,남,52세,경상
2011102300100182,2011년 10월 23일 10시,일요일,인천광역시 서구 가좌동,중상사고,0,1,0,0,차대차 - 추돌 - 주정차중,안전운전불이행,건조,맑음,단일로 - 기타,승합,남,55세,상해없음,승용,여,53세,중상
2011102300100183,2011년 10월 23일 10시,일요일,인천광역시 계양구 계산동,경상사고,0,0,1,0,차대사람 - 기타,안전운전불이행,건조,맑음,단일로 - 기타,승용,남,28세,상해없음,보행자,여,38세,경상
2011102300100184,2011년 10월 23일 10시,일요일,인천광역시 부평구 삼산동,중상사고,0,1,0,0,차대차 - 기타,안전운전불이행,건조,맑음,교차로 - 교차로부근,승용,여,54세,상해없음,자전거,남,54세,중상
2011102300100214,2011년 10월 23일 11시,일요일,인천광역시 부평구 부개동,경상사고,0,0,1,0,차대사람 - 기타,안전운전불이행,건조,맑음,단일로 - 기타,화물,남,54세,상해없음,보행자,남,9세,경상
2011102300100215,2011년 10월 23일 11시,일요일,인천광역시 부평구 삼산동,중상사고,0,1,0,0,차대사람 - 차도통행중,안전운전불이행,건조,맑음,단일로 - 기타,승합,여,52세,상해없음,보행자,여,51세,중상
2011102300100238,2011년 10월 23일 12시,일요일,인천광역시 남구 주안동,경상사고,0,0,1,0,차대차 - 측면직각충돌,교차로운행방법위반,건조,맑음,교차로 - 교차로안,원동기,남,18세,상해없음,승용,남,52세,경상
2011102300100239,2011년 10월 23일 12시,일요일,인천광역시 서구 심곡동,중상사고,0,1,1,0,차대차 - 추돌 - 주정차중,안전운전불이행,건조,맑음,교차로 - 교차로부근,승용,남,47세,상해없음,승용,남,23세,중상
2011102300100267,2011년 10월 23일 13시,일요일,인천광역시 계양구 용종동,중상사고,0,1,0,0,차대차 - 기타,교차로운행방법위반,건조,맑음,단일로 - 기타,승용,남,38세,상해없음,자전거,남,11세,중상
2011102300100268,2011년 10월 23일 13시,일요일,인천광역시 부평구 부평동,중상사고,0,1,0,0,차대사람 - 횡단중,보행자보호의무위반,건조,맑음,단일로 - 횡단보도상,승용,남,41세,상해없음,보행자,여,37세,중상
2011102300100293,2011년 10월 23일 14시,일요일,인천광역시 부평구 부평동,경상사고,0,0,2,0,차대차 - 기타,차로위반,건조,맑음,단일로 - 기타,승용,남,22세,상해없음,승용,남,55세,경상
2011102300100294,2011년 10월 23일 14시,일요일,인천광역시 남동구 구월동,경상사고,0,0,1,0,차대차 - 추돌 - 주정차중,안전운전불이행,건조,맑음,교차로 - 교차로부근,승용,남,44세,상해없음,승용,남,53세,경상
2011102300100295,2011년 10월 23일 14시,일요일,인천광역시 연수구 연수동,경상사고,0,0,1,0,차대차 - 기타,안전운전불이행,건조,맑음,기타 - 기타,승용,기타불명,기타불명,기타불명,자전거,남,16세,경상
2011102300100330,2011년 10월 23일 15시,일요일,인천광역시 남동구 장수동,경상사고,0,0,1,0,차대차 - 추돌 - 주정차중,안전운전불이행,건조,맑음,단일로 - 기타,승용,여,38세,상해없음,승합,남,59세,경상
2011102300100331,2011년 10월 23일 15시,일요일,인천광역시 부평구 일신동,경상사고,0,0,2,0,차대차 - 기타,안전운전불이행,건조,맑음,교차로 - 교차로안,승용,남,36세,경상,이륜,남,23세,경상
2011102300100358,2011년 10월 23일 16시,일요일,인천광역시 남구 주안동,경상사고,0,0,1,0,차대사람 - 기타,보행자보호의무위반,건조,맑음,기타 - 기타,승용,남,35세,상해없음,보행자,남,65세,경상
2011102300100393,2011년 10월 23일 17시,일요일,인천광역시 중구 신포동,부상신고사고,0,0,0,1,차대사람 - 길가장자리구역통행중,안전운전불이행,건조,맑음,단일로 - 기타,승용,남,57세,상해없음,보행자,남,38세,부상신고
2011102300100437,2011년 10월 23일 18시,일요일,인천광역시 서구 백석동,중상사고,0,1,0,0,차대사람 - 기타,안전운전불이행,건조,기타,단일로 - 기타,승용,남,43세,상해없음,보행자,남,56세,중상
2011102300100438,2011년 10월 23일 18시,일요일,인천광역시 강화군 내가면,중상사고,0,1,0,0,차대사람 - 기타,안전운전불이행,건조,맑음,단일로 - 기타,승용,남,55세,상해없음,보행자,여,82세,중상
2011102300100439,2011년 10월 23일 18시,일요일,인천광역시 부평구 갈산동,경상사고,0,0,1,0,차대차 - 측면직각충돌,안전운전불이행,건조,맑음,교차로 - 교차로안,승용,여,39세,상해없음,이륜,남,16세,경상
2011102300100506,2011년 10월 23일 20시,일요일,인천광역시 부평구 부평동,경상사고,0,0,1,0,차대차 - 추돌 - 주정차중,안전운전불이행,건조,흐림,교차로 - 교차로부근,승용,여,42세,상해없음,승용,남,23세,경상
2011102300100507,2011년 10월 23일 20시,일요일,인천광역시 부평구 청천동,경상사고,0,0,1,0,차대차 - 추돌 - 주정차중,안전운전불이행,건조,맑음,교차로 - 교차로부근,기타불명,기타불명,기타불명,기타불명,자전거,여,24세,경상
2011102300100508,2011년 10월 23일 20시,일요일,인천광역시 서구 가좌동,경상사고,0,0,2,0,차대차 - 추돌 - 주정차중,안전운전불이행,습기,비,교차로 - 교차로부근,승용,여,46세,상해없음,승용,남,54세,상해없음
2011102300100540,2011년 10월 23일 21시,일요일,인천광역시 부평구 청천동,중상사고,0,1,0,0,차대차 - 측면직각충돌,신호위반,건조,맑음,교차로 - 교차로안,승용,남,36세,상해없음,이륜,남,45세,중상
2011102300100541,2011년 10월 23일 21시,일요일,인천광역시 남동구 구월동,경상사고,0,0,3,0,차대차 - 기타,안전운전불이행,건조,맑음,교차로 - 교차로안,기타불명,기타불명,기타불명,기타불명,승용,여,49세,경상
2011102300100576,2011년 10월 23일 22시,일요일,인천광역시 서구 가좌동,경상사고,0,0,9,0,차대차 - 기타,안전운전불이행,기타,비,단일로 - 기타,승용,남,52세,상해없음,승용,남,63세,경상
2011102400100016,2011년 10월 24일 00시,월요일,인천광역시 중구 중산동,경상사고,0,0,1,0,차대사람 - 기타,안전운전불이행,습기,비,단일로 - 기타,승용,남,43세,상해없음,보행자,남,51세,경상
2011102400100042,2011년 10월 24일 02시,월요일,인천광역시 남동구 만수동,중상사고,0,2,1,0,차대사람 - 기타,안전운전불이행,습기,맑음,교차로 - 교차로안,승용,남,27세,상해없음,보행자,남,61세,중상
2011102400100063,2011년 10월 24일 05시,월요일,인천광역시 남구 주안동,중상사고,0,1,0,0,차대사람 - 기타,안전운전불이행,습기,흐림,교차로 - 교차로부근,승용,남,75세,상해없음,보행자,남,32세,중상
2011102400100064,2011년 10월 24일 05시,월요일,인천광역시 남구 용현동,경상사고,0,0,5,1,차대차 - 측면직각충돌,안전운전불이행,건조,맑음,교차로 - 교차로부근,승합,남,49세,부상신고,승용,남,22세,경상
2011102400100065,2011년 10월 24일 05시,월요일,인천광역시 부평구 부평동,중상사고,0,1,0,0,차대사람 - 횡단중,안전운전불이행,건조,맑음,단일로 - 횡단보도상,승용,남,61세,상해없음,보행자,여,83세,중상
2011102400100082,2011년 10월 24일 06시,월요일,인천광역시 서구 가정동,중상사고,0,1,1,0,차대차 - 기타,중앙선침범,건조,맑음,단일로 - 기타,승합,남,41세,상해없음,승용,남,65세,중상