사고번호,사고일시,요일,시군구,사고내용,사망자수,중상자수,경상자수,부상신고자수,사고유형,법규위반,노면상태,기상상태,도로형태,가해운전자 차종,가해운전자 성별,가해운전자 연령,가해운전자 상해정도,피해운전자 차종,피해운전자 성별,피해운전자 연령,피해운전자 상해정도
2011102400100109,2011년 10월 24일 07시,월요일,인천광역시 중구 중산동,중상사고,0,1,0,0,차대차 - 정면충돌,중앙선침범,건조,흐림,단일로 - 기타,승합,남,66세,상해없음,화물,남,49세,중상
2011102400100110,2011년 10월 24일 07시,월요일,인천광역시 남동구 구월동,경상사고,0,0,1,0,차대차 - 측면직각충돌,안전운전불이행,건조,맑음,교차로 - 교차로안,승용,여,47세,상해없음,승용,남,51세,경상
2011102400100111,2011년 10월 24일 07시,월요일,인천광역시 남동구 남촌동,경상사고,0,0,1,0,차대차 - 기타,안전거리미확보,건조,맑음,단일로 - 기타,승합,남,61세,상해없음,승용,남,24세,경상
2011102400100147,2011년 10월 24일 08시,월요일,인천광역시 남구 도화동,경상사고,0,0,1,0,차대차 - 정면충돌,중앙선침범,건조,맑음,단일로 - 기타,승용,남,30세,상해없음,승용,여,41세,경상
2011102400100148,2011년 10월 24일 08시,월요일,인천광역시 부평구 부평동,중상사고,0,1,6,0,차대차 - 추돌 - 주정차중,안전운전불이행,건조,맑음,단일로 - 기타,승합,남,45세,상해없음,승용,남,53세,중상
2011102400100189,2011년 10월 24일 09시,월요일,인천광역시 남동구 도림동,중상사고,0,1,0,0,차대차 - 측면직각충돌,안전운전불이행,습기,흐림,단일로 - 기타,승용,남,58세,상해없음,승용,남,41세,중상
2011102400100223,2011년 10월 24일 10시,월요일,인천광역시 부평구 일신동,경상사고,0,0,2,0,차대차 - 측면직각충돌,안전운전불이행,습기,비,단일로 - 기타,승용,남,39세,상해없음,승용,여,38세,경상
2011102400100239,2011년 10월 24일 11시,월요일,인천광역시 중구 을왕동,중상사고,0,2,0,0,차대차 - 측면직각충돌,교차로운행방법위반,건조,맑음,교차로 - 교차로안,화물,남,40세,상해없음,승용,여,65세,중상
2011102400100301,2011년 10월 24일 13시,월요일,인천광역시 부평구,경상사고,0,0,2,0,차대차 - 측면직각충돌,교차로운행방법위반,건조,맑음,교차로 - 교차로안,특수,남,45세,상해없음,자전거,남,10세,경상
2011102400100355,2011년 10월 24일 15시,월요일,인천광역시 중구 운서동,경상사고,0,0,1,0,차대사람 - 횡단중,보행자보호의무위반,건조,맑음,교차로 - 교차로안,승용,기타불명,기타불명,기타불명,보행자,남,9세,경상
2011102400100356,2011년 10월 24일 15시,월요일,인천광역시 남구 주안동,중상사고,0,1,0,0,차대사람 - 기타,안전운전불이행,건조,맑음,단일로 - 횡단보도부근,승용,여,46세,상해없음,보행자,남,51세,중상
2011102400100382,2011년 10월 24일 16시,월요일,인천광역시 남동구 만수동,경상사고,0,0,1,0,차대차 - 측면직각충돌,안전거리미확보,건조,맑음,교차로 - 교차로부근,승용,여,59세,상해없음,승용,남,45세,경상
2011102400100383,2011년 10월 24일 16시,월요일,인천광역시 서구 신현동,중상사고,0,1,1,0,차대차 - 기타,안전운전불이행,건조,맑음,단일로 - 기타,승용,여,44세,경상,승용,여,40세,중상
2011102400100384,2011년 10월 24일 16시,월요일,인천광역시 중구 중산동,중상사고,0,1,2,0,차대차 - 추돌 - 진행중,안전거리미확보,건조,흐림,단일로 - 기타,승용,남,41세,상해없음,승용,남,54세,경상
2011102400100417,2011년 10월 24일 17시,월요일,인천광역시 서구 가좌동,경상사고,0,0,1,0,차대차 - 기타,기타,건조,맑음,단일로 - 기타,승용,남,49세,상해없음,승합,남,44세,상해없음
2011102400100482,2011년 10월 24일 18시,월요일,인천광역시 부평구 산곡동,경상사고,0,0,1,0,차대사람 - 기타,안전운전불이행,건조,맑음,단일로 - 기타,승용,남,61세,상해없음,보행자,남,43세,경상
2011102400100483,2011년 10월 24일 18시,월요일,인천광역시 남동구 간석동,경상사고,0,0,1,0,차대차 - 추돌 - 진행중,안전거리미확보,건조,맑음,단일로 - 기타,화물,남,46세,상해없음,승용,여,27세,경상
2011102400100484,2011년 10월 24일 18시,월요일,인천광역시 서구 가좌동,중상사고,0,1,0,0,차대차 - 추돌 - 진행중,안전운전불이행,건조,맑음,단일로 - 기타,승용,남,55세,상해없음,승용,여,28세,중상
2011102400100564,2011년 10월 24일 20시,월요일,인천광역시 남구 도화동,중상사고,0,1,0,1,차대차 - 기타,신호위반,건조,맑음,교차로 - 교차로안,원동기,남,16세,부상신고,승용,남,51세,상해없음
2011102400100565,2011년 10월 24일 20시,월요일,인천광역시 남동구 만수동,경상사고,0,0,1,0,차대사람 - 횡단중,보행자보호의무위반,건조,맑음,교차로 - 교차로부근,승용,여,48세,상해없음,보행자,남,25세,경상
2011102400100604,2011년 10월 24일 21시,월요일,인천광역시 남동구 간석동,중상사고,0,2,1,0,차대차 - 측면직각충돌,안전운전불이행,건조,맑음,교차로 - 교차로안,승용,남,25세,상해없음,승용,남,56세,경상
2011102400100627,2011년 10월 24일 22시,월요일,인천광역시 남구 주안동,중상사고,0,1,0,0,차대사람 - 횡단중,안전운전불이행,건조,맑음,교차로 - 교차로부근,승용,여,31세,상해없음,보행자,남,29세,중상
2011102400100628,2011년 10월 24일 22시,월요일,인천광역시 부평구 산곡동,부상신고사고,0,0,0,1,차대사람 - 횡단중,안전운전불이행,건조,맑음,교차로 - 교차로안,승용,남,29세,상해없음,보행자,여,19세,부상신고
2011102400100629,2011년 10월 24일 22시,월요일,인천광역시 남동구 장수동,중상사고,0,1,4,0,차대차 - 추돌 - 주정차중,안전운전불이행,건조,맑음,교차로 - 교차로부근,건설기계,남,45세,상해없음,승용,남,31세,중상
2011102500100036,2011년 10월 25일 01시,화요일,인천광역시 중구 경동,중상사고,0,1,0,0,차량단독 - 공작물충돌,안전운전불이행,건조,맑음,교차로 - 교차로안,승용,남,16세,상해없음,,,,
2011102500100037,2011년 10월 25일 01시,화요일,인천광역시 계양구 효성동,경상사고,0,0,1,0,차대차 - 측면직각충돌,중앙선침범,건조,맑음,단일로 - 기타,승용,남,40세,상해없음,승용,남,46세,경상
2011102500100067,2011년 10월 25일 03시,화요일,인천광역시 부평구 십정동,경상사고,0,0,1,0,차대차 - 기타,중앙선침범,건조,맑음,교차로 - 교차로부근,기타불명,기타불명,기타불명,기타불명,승용,남,51세,경상
2011102500100068,2011년 10월 25일 03시,화요일,인천광역시 남동구 도림동,부상신고사고,0,0,0,1,차량단독 - 공작물충돌,안전운전불이행,건조,맑음,단일로 - 기타,원동기,남,18세,부상신고,,,,
2011102500100079,2011년 10월 25일 04시,화요일,인천광역시 남구 주안동,중상사고,0,1,0,0,차대사람 - 기타,안전운전불이행,건조,맑음,교차로 - 교차로부근,승용,남,21세,상해없음,보행자,남,40세,중상
2011102500100080,2011년 10월 25일 04시,화요일,인천광역시 남동구 간석동,부상신고사고,0,0,0,1,차대사람 - 기타,기타,건조,맑음,단일로 - 기타,기타불명,기타불명,기타불명,기타불명,보행자,남,76세,부상신고
2011102500100135,2011년 10월 25일 07시,화요일,인천광역시 부평구 산곡동,중상사고,0,1,0,0,차대사람 - 횡단중,안전운전불이행,건조,맑음,단일로 - 기타,승합,남,35세,상해없음,보행자,남,25세,중상
2011102500100136,2011년 10월 25일 07시,화요일,인천광역시 남동구 간석동,경상사고,0,0,1,0,차대차 - 측면직각충돌,안전운전불이행,건조,맑음,단일로 - 기타,승합,남,58세,상해없음,자전거,남,53세,경상
2011102500100175,2011년 10월 25일 08시,화요일,인천광역시 중구 운서동,경상사고,0,0,1,0,차대차 - 측면직각충돌,교차로운행방법위반,건조,맑음,교차로 - 교차로안,승용,남,27세,상해없음,승용,여,34세,경상
2011102500100176,2011년 10월 25일 08시,화요일,인천광역시 부평구 갈산동,경상사고,0,0,2,0,차대차 - 측면직각충돌,안전운전불이행,건조,맑음,단일로 - 기타,승용,남,21세,상해없음,승용,여,51세,경상
2011102500100203,2011년 10월 25일 09시,화요일,인천광역시 남구 숭의동,중상사고,0,1,0,0,차대사람 - 횡단중,신호위반,건조,맑음,단일로 - 횡단보도상,승용,여,40세,상해없음,보행자,여,57세,중상
2011102500100204,2011년 10월 25일 09시,화요일,인천광역시 부평구 산곡동,경상사고,0,0,2,0,차대차 - 기타,안전거리미확보,건조,맑음,단일로 - 기타,승용,여,45세,상해없음,승용,여,29세,경상
2011102500100230,2011년 10월 25일 10시,화요일,인천광역시 중구 해안동3가,중상사고,0,1,0,0,차대사람 - 기타,보행자보호의무위반,건조,맑음,교차로 - 교차로부근,승합,남,65세,상해없음,보행자,남,58세,중상
2011102500100231,2011년 10월 25일 10시,화요일,인천광역시 남구 주안동,경상사고,0,0,2,0,차대차 - 추돌 - 진행중,안전운전불이행,건조,맑음,교차로 - 교차로부근,승용,여,32세,상해없음,승용,여,55세,경상
2011102500100233,2011년 10월 25일 10시,화요일,인천광역시 남동구 남촌동,중상사고,0,1,0,0,차대차 - 측면직각충돌,안전거리미확보,건조,맑음,단일로 - 기타,화물,남,30세,상해없음,화물,남,64세,중상
2011102500100234,2011년 10월 25일 10시,화요일,인천광역시 남동구 구월동,경상사고,0,0,1,0,차대차 - 측면직각충돌,안전운전불이행,건조,맑음,단일로 - 기타,승용,남,39세,상해없음,승용,남,56세,경상
2011102500100235,2011년 10월 25일 10시,화요일,인천광역시 계양구 작전동,중상사고,0,1,0,0,차대차 - 기타,안전운전불이행,건조,맑음,단일로 - 기타,기타불명,기타불명,기타불명,기타불명,자전거,여,30세,중상
2011102500100267,2011년 10월 25일 11시,화요일,인천광역시 남구 주안동,경상사고,0,0,1,0,차대차 - 정면충돌,안전운전불이행,건조,맑음,교차로 - 교차로부근,승용,남,25세,상해없음,자전거,남,62세,경상
2011102500100268,2011년 10월 25일 11시,화요일,인천광역시 연수구 청학동,중상사고,0,1,0,0,차대사람 - 횡단중,안전운전불이행,습기,맑음,단일로 - 기타,승용,남,43세,상해없음,보행자,여,70세,중상
2011102500100299,2011년 10월 25일 12시,화요일,인천광역시 남구 주안동,부상신고사고,0,0,0,1,차대차 - 추돌 - 진행중,안전운전불이행,건조,맑음,단일로 - 기타,원동기,남,35세,부상신고,승용,남,63세,상해없음
2011102500100300,2011년 10월 25일 12시,화요일,인천광역시 서구 가좌동,중상사고,0,1,0,0,차대사람 - 횡단중,안전운전불이행,건조,맑음,단일로 - 기타,승용,남,67세,상해없음,보행자,여,63세,중상
2011102500100327,2011년 10월 25일 13시,화요일,인천광역시 부평구 산곡동,중상사고,0,1,1,0,차대차 - 측면직각충돌,안전운전불이행,건조,맑음,교차로 - 교차로안,특수,남,44세,상해없음,승용,남,59세,경상
2011102500100356,2011년 10월 25일 14시,화요일,인천광역시 남동구 만수동,경상사고,0,0,1,0,차대차 - 기타,안전거리미확보,건조,맑음,교차로 - 교차로부근,승용,남,47세,상해없음,승용,여,24세,경상
2011102500100392,2011년 10월 25일 15시,화요일,인천광역시 중구 운서동,중상사고,0,1,0,0,차대차 - 추돌 - 진행중,안전운전불이행,건조,맑음,교차로 - 교차로부근,승합,남,52세,상해없음,승용,남,46세,중상
2011102500100393,2011년 10월 25일 15시,화요일,인천광역시 부평구 청천동,경상사고,0,0,1,0,차대차 - 측면직각충돌,안전거리미확보,건조,맑음,단일로 - 기타,화물,남,36세,상해없음,승합,남,43세,상해없음
2011102500100394,2011년 10월 25일 15시,화요일,인천광역시 남동구 논현동,중상사고,0,1,0,0,차대차 - 기타,안전운전불이행,건조,맑음,단일로 - 기타,승용,여,37세,상해없음,자전거,남,10세,중상
2011102500100428,2011년 10월 25일 16시,화요일,인천광역시 중구 항동7가,중상사고,0,1,0,0,차대사람 - 횡단중,안전운전불이행,건조,맑음,단일로 - 횡단보도부근,화물,남,45세,상해없음,보행자,남,66세,중상
2011102500100429,2011년 10월 25일 16시,화요일,인천광역시 중구 유동,경상사고,0,0,1,0,차대차 - 측면직각충돌,교차로운행방법위반,건조,흐림,교차로 - 교차로안,승용,남,49세,상해없음,원동기,여,65세,경상
2011102500100430,2011년 10월 25일 16시,화요일,인천광역시 남구 관교동,중상사고,0,1,0,0,차량단독 - 기타,안전운전불이행,건조,맑음,교차로 - 교차로안,승합,남,50세,상해없음,,,,
2011102500100431,2011년 10월 25일 16시,화요일,인천광역시 부평구 산곡동,경상사고,0,0,1,0,차대사람 - 횡단중,교차로운행방법위반,건조,맑음,교차로 - 교차로안,승용,여,31세,상해없음,보행자,남,50세,경상
2011102500100432,2011년 10월 25일 16시,화요일,인천광역시 남동구 간석동,중상사고,0,1,0,0,차대차 - 측면직각충돌,안전운전불이행,건조,맑음,교차로 - 교차로안,승용,남,55세,상해없음,승용,남,32세,중상
2011102500100433,2011년 10월 25일 16시,화요일,인천광역시 서구 왕길동,중상사고,0,1,0,0,차대사람 - 길가장자리구역통행중,안전운전불이행,건조,맑음,단일로 - 기타,승용,남,32세,상해없음,보행자,남,37세,중상
2011102500100434,2011년 10월 25일 16시,화요일,인천광역시 계양구 서운동,중상사고,0,1,0,0,차대차 - 기타,안전운전불이행,건조,맑음,기타 - 기타,승용,남,51세,상해없음,이륜,남,35세,중상
2011102500100470,2011년 10월 25일 17시,화요일,인천광역시 남구 도화동,경상사고,0,0,2,0,차대차 - 측면직각충돌,신호위반,건조,맑음,교차로 - 교차로안,승합,남,77세,상해없음,승용,여,45세,경상
2011102500100471,2011년 10월 25일 17시,화요일,인천광역시 부평구 부평동,중상사고,0,1,0,0,차량단독 - 기타,기타,건조,맑음,교차로 - 교차로부근,승합,남,34세,상해없음,,,,
2011102500100472,2011년 10월 25일 17시,화요일,인천광역시 남동구 만수동,중상사고,0,1,0,0,차대사람 - 기타,안전운전불이행,건조,맑음,단일로 - 기타,승용,남,32세,상해없음,보행자,여,62세,중상
2011102500100525,2011년 10월 25일 18시,화요일,인천광역시 강화군 강화읍,경상사고,0,0,1,0,차대차 - 추돌 - 진행중,안전운전불이행,건조,맑음,교차로 - 교차로부근,화물,남,69세,상해없음,승용,여,35세,경상
2011102500100526,2011년 10월 25일 18시,화요일,인천광역시 연수구 연수동,경상사고,0,0,2,0,차대사람 - 횡단중,보행자보호의무위반,건조,맑음,단일로 - 횡단보도상,승합,여,44세,상해없음,보행자,남,13세,경상
2011102500100558,2011년 10월 25일 19시,화요일,인천광역시 중구 신생동,사망사고,1,0,0,0,차대사람 - 길가장자리구역통행중,안전운전불이행,건조,맑음,단일로 - 기타,승용,남,37세,상해없음,보행자,남,57세,사망
2011102500100559,2011년 10월 25일 19시,화요일,인천광역시 동구 만석동,경상사고,0,0,1,0,차대차 - 기타,안전운전불이행,건조,맑음,기타 - 기타,이륜,남,17세,상해없음,승용,남,36세,경상
2011102500100560,2011년 10월 25일 19시,화요일,인천광역시 부평구 청천동,중상사고,0,1,0,0,차대차 - 측면직각충돌,안전운전불이행,건조,맑음,교차로 - 교차로안,자전거,여,49세,중상,승용,남,49세,상해없음
2011102500100561,2011년 10월 25일 19시,화요일,인천광역시 부평구 산곡동,중상사고,0,1,0,0,차대차 - 측면직각충돌,교차로운행방법위반,건조,맑음,교차로 - 교차로안,승용,여,39세,상해없음,원동기,남,14세,중상
2011102500100562,2011년 10월 25일 19시,화요일,인천광역시 남동구 논현동,경상사고,0,0,1,0,차대차 - 측면직각충돌,안전거리미확보,건조,맑음,교차로 - 교차로안,이륜,남,48세,경상,승용,남,40세,상해없음
2011102500100563,2011년 10월 25일 19시,화요일,인천광역시 남동구 간석동,경상사고,0,0,2,0,차대차 - 측면직각충돌,안전운전불이행,건조,맑음,단일로 - 기타,승용,남,48세,상해없음,승용,남,31세,경상
2011102500100593,2011년 10월 25일 20시,화요일,인천광역시 부평구 산곡동,중상사고,0,1,0,0,차대차 - 정면충돌,중앙선침범,건조,맑음,단일로 - 기타,승용,남,48세,상해없음,원동기,남,66세,중상
2011102500100673,2011년 10월 25일 22시,화요일,인천광역시 부평구 청천동,중상사고,0,1,0,0,차대사람 - 기타,중앙선침범,건조,맑음,단일로 - 기타,화물,남,58세,상해없음,보행자,여,23세,중상
2011102500100702,2011년 10월 25일 23시,화요일,인천광역시 연수구 동춘동,경상사고,0,0,2,0,차대차 - 추돌 - 주정차중,안전운전불이행,건조,맑음,교차로 - 교차로부근,승용,남,41세,상해없음,승용,남,41세,경상
2011102600100019,2011년 10월 26일 00시,수요일,인천광역시 부평구 청천동,경상사고,0,0,2,0,차대차 - 측면직각충돌,교차로운행방법위반,건조,맑음,교차로 - 교차로안,승용,여,46세,경상,특수,남,37세,상해없음
2011102600100020,2011년 10월 26일 00시,수요일,인천광역시 부평구 산곡동,경상사고,0,0,1,0,차대사람 - 기타,안전운전불이행,건조,맑음,단일로 - 기타,승용,여,49세,상해없음,보행자,남,48세,경상
2011102600100021,2011년 10월 26일 00시,수요일,인천광역시 서구 경서동,경상사고,0,0,1,0,차대차 - 정면충돌,중앙선침범,건조,맑음,단일로 - 기타,승용,남,39세,상해없음,승용,남,42세,경상
2011102600100035,2011년 10월 26일 01시,수요일,인천광역시 연수구 선학동,경상사고,0,0,1,0,차대차 - 추돌 - 주정차중,안전운전불이행,건조,맑음,단일로 - 기타,승용,남,52세,상해없음,승용,남,30세,경상
2011102600100053,2011년 10월 26일 03시,수요일,인천광역시 남동구 남촌동,중상사고,0,1,0,0,차대차 - 기타,신호위반,건조,맑음,교차로 - 교차로안,승용,여,39세,상해없음,이륜,남,53세,중상
2011102600100079,2011년 10월 26일 05시,수요일,인천광역시 서구 가정동,중상사고,0,1,0,0,차대사람 - 횡단중,신호위반,건조,맑음,기타 - 기타,화물,남,68세,상해없음,보행자,남,63세,중상
2011102600100116,2011년 10월 26일 07시,수요일,인천광역시 서구 가정동,경상사고,0,0,1,0,차대차 - 추돌 - 진행중,안전운전불이행,건조,맑음,단일로 - 기타,승용,남,32세,상해없음,화물,남,58세,상해없음
2011102600100158,2011년 10월 26일 08시,수요일,인천광역시 부평구 십정동,경상사고,0,0,1,0,차대차 - 측면직각충돌,신호위반,건조,맑음,교차로 - 교차로부근,원동기,남,34세,기타불명,승용,남,33세,경상
2011102600100159,2011년 10월 26일 08시,수요일,인천광역시 서구 신현동,중상사고,0,1,1,0,차대차 - 기타,안전거리미확보,건조,맑음,교차로 - 교차로안,승용,여,52세,상해없음,승합,남,58세,상해없음
2011102600100160,2011년 10월 26일 08시,수요일,인천광역시 계양구 작전동,경상사고,0,0,2,0,차대차 - 기타,안전운전불이행,건조,맑음,단일로 - 기타,승용,남,24세,상해없음,승용,여,28세,경상
2011102600100161,2011년 10월 26일 08시,수요일,인천광역시 계양구 효성동,경상사고,0,0,1,0,차대차 - 기타,안전거리미확보,건조,맑음,단일로 - 기타,이륜,남,33세,상해없음,화물,남,61세,경상
2011102600100162,2011년 10월 26일 08시,수요일,인천광역시 연수구 연수동,경상사고,0,0,1,0,차대사람 - 횡단중,교차로운행방법위반,건조,맑음,단일로 - 기타,기타불명,기타불명,기타불명,기타불명,보행자,여,62세,경상
2011102600100219,2011년 10월 26일 10시,수요일,인천광역시 남동구 만수동,중상사고,0,1,1,0,차대차 - 측면직각충돌,신호위반,건조,맑음,교차로 - 교차로안,승용,남,55세,상해없음,승용,여,46세,경상
2011102600100242,2011년 10월 26일 11시,수요일,인천광역시 남구 용현동,중상사고,0,1,0,0,차대사람 - 횡단중,보행자보호의무위반,건조,맑음,단일로 - 기타,승용,여,44세,상해없음,보행자,여,66세,중상
2011102600100243,2011년 10월 26일 11시,수요일,인천광역시 서구 마전동,경상사고,0,0,1,0,차대차 - 기타,기타,건조,맑음,단일로 - 기타,화물,남,47세,상해없음,화물,남,57세,경상
2011102600100267,2011년 10월 26일 12시,수요일,인천광역시 남구 주안동,중상사고,0,2,3,0,차대차 - 측면직각충돌,신호위반,건조,맑음,단일로 - 기타,승합,남,62세,상해없음,승용,여,32세,중상
2011102600100268,2011년 10월 26일 12시,수요일,인천광역시 서구 당하동,경상사고,0,0,1,0,차대차 - 기타,안전거리미확보,건조,맑음,단일로 - 기타,승용,여,46세,기타불명,승합,남,43세,기타불명
2011102600100269,2011년 10월 26일 12시,수요일,인천광역시 강화군 길상면,사망사고,1,0,0,0,차대사람 - 횡단중,안전운전불이행,건조,맑음,단일로 - 기타,승용,남,50세,상해없음,보행자,여,86세,사망
2011102600100297,2011년 10월 26일 13시,수요일,인천광역시 부평구,경상사고,0,0,1,1,차대차 - 기타,안전운전불이행,건조,맑음,단일로 - 기타,승용,여,57세,부상신고,승용,남,60세,경상
2011102600100298,2011년 10월 26일 13시,수요일,인천광역시 남동구 만수동,중상사고,0,1,0,0,차대차 - 기타,안전거리미확보,건조,맑음,단일로 - 기타,자전거,남,67세,중상,승용,남,61세,상해없음
2011102600100332,2011년 10월 26일 14시,수요일,인천광역시 중구 신흥동3가,중상사고,0,1,0,0,차대차 - 정면충돌,신호위반,건조,맑음,교차로 - 교차로안,승용,여,39세,중상,건설기계,남,35세,상해없음
2011102600100364,2011년 10월 26일 15시,수요일,인천광역시 남동구 만수동,경상사고,0,0,1,0,차대차 - 측면직각충돌,안전운전불이행,건조,맑음,교차로 - 교차로안,기타불명,기타불명,기타불명,기타불명,자전거,남,14세,경상
2011102600100405,2011년 10월 26일 16시,수요일,인천광역시 남구 도화동,경상사고,0,0,1,0,차대사람 - 기타,안전운전불이행,건조,맑음,단일로 - 기타,승용,남,48세,상해없음,보행자,여,82세,경상
2011102600100406,2011년 10월 26일 16시,수요일,인천광역시 계양구 계산동,중상사고,0,1,0,0,차대차 - 추돌 - 진행중,안전운전불이행,건조,맑음,단일로 - 기타,승용,남,47세,상해없음,승용,남,55세,중상
2011102600100448,2011년 10월 26일 17시,수요일,인천광역시 연수구 청학동,중상사고,0,1,1,0,차량단독 - 기타,안전운전불이행,건조,맑음,기타 - 기타,화물,남,56세,상해없음,,,,
2011102600100449,2011년 10월 26일 17시,수요일,인천광역시 연수구 선학동,경상사고,0,0,3,0,차대차 - 측면직각충돌,안전거리미확보,건조,맑음,교차로 - 교차로부근,승용,남,37세,상해없음,승용,여,30세,경상
2011102600100509,2011년 10월 26일 18시,수요일,인천광역시 부평구 십정동,중상사고,0,1,0,0,차대사람 - 횡단중,보행자보호의무위반,건조,맑음,단일로 - 횡단보도상,승용,남,64세,상해없음,보행자,여,22세,중상
2011102600100510,2011년 10월 26일 18시,수요일,인천광역시 연수구 동춘동,경상사고,0,0,1,0,차대차 - 측면직각충돌,교차로운행방법위반,건조,맑음,교차로 - 교차로안,승용,남,47세,상해없음,승용,여,48세,상해없음
2011102600100555,2011년 10월 26일 19시,수요일,인천광역시 남구 도화동,중상사고,0,1,0,0,차대차 - 기타,안전운전불이행,건조,맑음,교차로 - 교차로안,승용,남,55세,상해없음,자전거,남,24세,중상
2011102600100556,2011년 10월 26일 19시,수요일,인천광역시 서구 백석동,중상사고,0,2,0,0,차대차 - 측면직각충돌,신호위반,건조,맑음,교차로 - 교차로안,승용,남,59세,중상,승용,남,36세,중상
2011102600100584,2011년 10월 26일 20시,수요일,인천광역시 부평구 삼산동,중상사고,0,1,0,0,차대차 - 측면직각충돌,안전운전불이행,건조,맑음,단일로 - 기타,이륜,남,17세,중상,승용,남,53세,상해없음
2011102600100618,2011년 10월 26일 21시,수요일,인천광역시 서구 심곡동,경상사고,0,0,1,0,차대사람 - 횡단중,안전운전불이행,건조,맑음,교차로 - 교차로안,승용,여,39세,상해없음,보행자,여,37세,경상
2011102600100676,2011년 10월 26일 23시,수요일,인천광역시 계양구 계산동,중상사고,0,1,0,0,차대사람 - 기타,안전운전불이행,건조,맑음,교차로 - 교차로부근,승용,남,53세,상해없음,보행자,남,48세,중상
2011102700100065,2011년 10월 27일 02시,목요일,인천광역시 서구 석남동,중상사고,0,1,4,0,차대차 - 측면직각충돌,안전운전불이행,건조,맑음,단일로 - 기타,화물,남,40세,상해없음,승용,남,17세,경상
2011102700100080,2011년 10월 27일 03시,목요일,인천광역시 남구 숭의동,중상사고,0,1,0,0,차대차 - 추돌 - 진행중,안전운전불이행,건조,맑음,단일로 - 기타,승용,남,50세,상해없음,승용,남,30세,중상
2011102700100081,2011년 10월 27일 03시,목요일,인천광역시 남동구 논현동,중상사고,0,1,0,0,차대차 - 추돌 - 진행중,안전운전불이행,건조,맑음,교차로 - 교차로부근,승용,남,28세,상해없음,승용,여,57세,중상
2011102700100082,2011년 10월 27일 03시,목요일,인천광역시 서구 석남동,경상사고,0,0,3,0,차대차 - 기타,안전운전불이행,건조,맑음,단일로 - 기타,승용,남,25세,상해없음,승용,남,19세,경상
2011102700100114,2011년 10월 27일 06시,목요일,인천광역시 부평구 십정동,경상사고,0,0,1,0,차대차 - 측면직각충돌,직진우회전진행방해,건조,맑음,교차로 - 교차로안,화물,남,53세,상해없음,승용,남,54세,경상
2011102700100136,2011년 10월 27일 07시,목요일,인천광역시 남구 주안동,경상사고,0,0,1,0,차대사람 - 기타,안전운전불이행,건조,맑음,교차로 - 교차로안,승용,남,63세,상해없음,보행자,남,72세,경상
2011102700100137,2011년 10월 27일 07시,목요일,인천광역시 계양구 다남동,경상사고,0,0,2,0,차대차 - 추돌 - 진행중,안전운전불이행,건조,맑음,교차로 - 교차로부근,승용,남,39세,상해없음,승용,남,60세,경상
2011102700100184,2011년 10월 27일 08시,목요일,인천광역시 서구 당하동,중상사고,0,1,0,0,차대차 - 기타,안전운전불이행,건조,맑음,교차로 - 교차로부근,화물,기타불명,기타불명,기타불명,자전거,남,75세,중상
2011102700100185,2011년 10월 27일 08시,목요일,인천광역시 부평구 구산동,경상사고,0,0,1,0,차대차 - 추돌 - 주정차중,안전운전불이행,건조,맑음,교차로 - 교차로부근,승용,여,48세,상해없음,승용,여,41세,경상
2011102700100268,2011년 10월 27일 11시,목요일,인천광역시 중구 운서동,경상사고,0,0,1,0,차대차 - 추돌 - 진행중,교차로운행방법위반,건조,맑음,단일로 - 횡단보도부근,화물,남,59세,상해없음,이륜,남,44세,경상
2011102700100291,2011년 10월 27일 12시,목요일,인천광역시 남동구 구월동,경상사고,0,0,1,0,차대사람 - 기타,안전운전불이행,건조,맑음,단일로 - 기타,승용,남,39세,상해없음,보행자,남,37세,경상
2011102700100319,2011년 10월 27일 13시,목요일,인천광역시 부평구 산곡동,사망사고,1,0,0,0,차대차 - 측면직각충돌,중앙선침범,건조,맑음,교차로 - 교차로부근,자전거,남,90세 이상,사망,이륜,남,90세 이상,상해없음
2011102700100320,2011년 10월 27일 13시,목요일,인천광역시 남동구 간석동,경상사고,0,0,1,0,차대차 - 측면직각충돌,기타,건조,맑음,교차로 - 교차로안,승용,여,33세,경상,승용,여,64세,상해없음
2011102700100422,2011년 10월 27일 16시,목요일,인천광역시 중구 운서동,중상사고,0,1,1,0,차대차 - 추돌 - 진행중,안전운전불이행,건조,맑음,단일로 - 기타,승용,남,72세,상해없음,화물,남,39세,중상
2011102700100423,2011년 10월 27일 16시,목요일,인천광역시 남동구 구월동,경상사고,0,0,1,0,차대사람 - 기타,안전운전불이행,건조,맑음,단일로 - 기타,승용,남,63세,상해없음,보행자,여,12세,경상
2011102700100424,2011년 10월 27일 16시,목요일,인천광역시 서구 석남동,중상사고,0,1,0,0,차대차 - 기타,교차로운행방법위반,건조,맑음,교차로 - 교차로안,승용,남,47세,상해없음,자전거,여,56세,중상
2011102700100472,2011년 10월 27일 17시,목요일,인천광역시 남구 주안동,중상사고,0,1,0,0,차대사람 - 기타,안전운전불이행,건조,맑음,단일로 - 기타,자전거,기타불명,기타불명,기타불명,보행자,여,80세,중상