사고번호,사고일시,요일,시군구,사고내용,사망자수,중상자수,경상자수,부상신고자수,사고유형,법규위반,노면상태,기상상태,도로형태,가해운전자 차종,가해운전자 성별,가해운전자 연령,가해운전자 상해정도,피해운전자 차종,피해운전자 성별,피해운전자 연령,피해운전자 상해정도
2011110900100286,2011년 11월 9일 12시,수요일,인천광역시 부평구 십정동,중상사고,0,1,0,0,차대사람 - 기타,안전운전불이행,건조,맑음,단일로 - 기타,기타불명,기타불명,기타불명,기타불명,보행자,남,66세,중상
2011110900100287,2011년 11월 9일 12시,수요일,인천광역시 계양구 작전동,중상사고,0,1,0,0,차대차 - 기타,안전운전불이행,건조,맑음,교차로 - 교차로부근,승용,여,41세,상해없음,원동기,남,41세,중상
2011110900100313,2011년 11월 9일 13시,수요일,인천광역시 남동구 구월동,중상사고,0,2,0,0,차대차 - 측면직각충돌,신호위반,건조,맑음,교차로 - 교차로안,승용,여,27세,상해없음,승용,남,40세,중상
2011110900100348,2011년 11월 9일 14시,수요일,인천광역시 동구 송림동,중상사고,0,1,0,0,차대차 - 측면직각충돌,차로위반,건조,맑음,단일로 - 기타,승용,남,49세,상해없음,승용,여,50세,중상
2011110900100349,2011년 11월 9일 14시,수요일,인천광역시 남동구 구월동,경상사고,0,0,1,0,차대차 - 측면직각충돌,안전운전불이행,건조,맑음,교차로 - 교차로안,화물,남,42세,상해없음,승용,여,57세,경상
2011110900100379,2011년 11월 9일 15시,수요일,인천광역시 강화군 길상면,중상사고,0,1,0,0,차대차 - 추돌 - 진행중,안전운전불이행,건조,맑음,단일로 - 기타,승용,남,26세,상해없음,승용,여,53세,중상
2011110900100451,2011년 11월 9일 17시,수요일,인천광역시 부평구 부평동,중상사고,0,1,0,0,차대사람 - 기타,보행자보호의무위반,건조,맑음,단일로 - 기타,승용,남,60세,상해없음,보행자,남,9세,중상
2011110900100452,2011년 11월 9일 17시,수요일,인천광역시 남동구 논현동,중상사고,0,1,1,4,차대차 - 정면충돌,안전운전불이행,건조,맑음,단일로 - 기타,승합,남,28세,상해없음,승용,여,33세,중상
2011110900100453,2011년 11월 9일 17시,수요일,인천광역시 연수구 옥련동,중상사고,0,1,0,0,차대사람 - 기타,안전운전불이행,건조,맑음,기타 - 기타,승용,남,38세,기타불명,보행자,여,15세,중상
2011110900100454,2011년 11월 9일 17시,수요일,인천광역시 부평구 삼산동,경상사고,0,0,1,0,차대사람 - 횡단중,보행자보호의무위반,건조,맑음,교차로 - 교차로안,승합,남,45세,상해없음,보행자,남,16세,상해없음
2011110900100521,2011년 11월 9일 18시,수요일,인천광역시 동구 송림동,중상사고,0,1,0,0,차대차 - 추돌 - 진행중,안전운전불이행,건조,맑음,교차로 - 교차로안,승용,남,36세,상해없음,승용,여,37세,중상
2011110900100522,2011년 11월 9일 18시,수요일,인천광역시 남구 용현동,부상신고사고,0,0,0,1,차대차 - 측면직각충돌,안전운전불이행,건조,맑음,단일로 - 기타,승용,남,58세,부상신고,화물,남,33세,상해없음
2011110900100523,2011년 11월 9일 18시,수요일,인천광역시 부평구 청천동,중상사고,0,1,1,0,차대차 - 기타,교차로운행방법위반,건조,맑음,단일로 - 기타,화물,남,21세,경상,화물,남,61세,중상
2011110900100524,2011년 11월 9일 18시,수요일,인천광역시 남동구 만수동,경상사고,0,0,1,1,차대사람 - 횡단중,보행자보호의무위반,건조,맑음,단일로 - 횡단보도상,승용,남,55세,상해없음,보행자,남,46세,경상
2011110900100566,2011년 11월 9일 19시,수요일,인천광역시 계양구 작전동,경상사고,0,0,1,0,차대사람 - 기타,보행자보호의무위반,건조,맑음,교차로 - 교차로부근,승합,남,24세,상해없음,보행자,남,42세,경상
2011110900100631,2011년 11월 9일 21시,수요일,인천광역시 남동구 만수동,경상사고,0,0,1,0,차대사람 - 기타,안전운전불이행,건조,맑음,단일로 - 기타,승용,남,46세,상해없음,보행자,남,41세,경상
2011110900100632,2011년 11월 9일 21시,수요일,인천광역시 부평구 부개동,중상사고,0,1,0,0,차량단독 - 주차차량충돌,안전운전불이행,건조,맑음,단일로 - 기타,원동기,남,41세,중상,,,,
2011110900100686,2011년 11월 9일 23시,수요일,인천광역시 계양구 서운동,경상사고,0,0,3,0,차대차 - 기타,차로위반,건조,맑음,교차로 - 교차로부근,승용,남,44세,상해없음,승용,여,46세,경상
2011111000100013,2011년 11월 10일 00시,목요일,인천광역시 계양구 작전동,경상사고,0,0,1,0,차대사람 - 기타,안전운전불이행,건조,맑음,교차로 - 교차로부근,승용,남,43세,상해없음,보행자,여,42세,경상
2011111000100014,2011년 11월 10일 00시,목요일,인천광역시 부평구 삼산동,경상사고,0,0,2,0,차대차 - 추돌 - 주정차중,안전운전불이행,건조,맑음,단일로 - 기타,승용,남,42세,상해없음,승용,남,48세,경상
2011111000100029,2011년 11월 10일 01시,목요일,인천광역시 서구 연희동,중상사고,0,1,0,0,차대차 - 추돌 - 진행중,중앙선침범,건조,맑음,단일로 - 기타,승용,남,23세,상해없음,이륜,남,43세,중상
2011111000100044,2011년 11월 10일 02시,목요일,인천광역시 연수구 옥련동,중상사고,0,1,0,0,차대차 - 정면충돌,중앙선침범,건조,맑음,교차로 - 교차로부근,승용,남,35세,상해없음,승용,남,25세,중상
2011111000100055,2011년 11월 10일 03시,목요일,인천광역시 부평구 부평동,경상사고,0,0,2,0,차대차 - 측면직각충돌,교차로운행방법위반,건조,맑음,교차로 - 교차로안,승용,여,46세,상해없음,화물,남,46세,경상
2011111000100143,2011년 11월 10일 08시,목요일,인천광역시 서구 석남동,경상사고,0,0,1,0,차대차 - 기타,안전운전불이행,건조,맑음,단일로 - 기타,승용,기타불명,기타불명,기타불명,자전거,남,27세,경상
2011111000100144,2011년 11월 10일 08시,목요일,인천광역시 계양구 계산동,경상사고,0,0,4,0,차대차 - 측면직각충돌,신호위반,건조,맑음,교차로 - 교차로안,승용,남,30세,경상,승용,남,50세,경상
2011111000100214,2011년 11월 10일 11시,목요일,인천광역시 부평구 부개동,중상사고,0,1,0,0,차대사람 - 횡단중,안전운전불이행,건조,맑음,단일로 - 기타,승용,남,73세,상해없음,보행자,여,61세,중상
2011111000100282,2011년 11월 10일 14시,목요일,인천광역시 서구 왕길동,경상사고,0,0,1,0,차대차 - 측면직각충돌,안전운전불이행,건조,맑음,단일로 - 기타,승용,여,36세,상해없음,승용,여,53세,경상
2011111000100283,2011년 11월 10일 14시,목요일,인천광역시 계양구 효성동,중상사고,0,1,0,0,차대차 - 기타,중앙선침범,건조,맑음,단일로 - 기타,승용,여,29세,상해없음,원동기,남,30세,중상
2011111000100284,2011년 11월 10일 14시,목요일,인천광역시 부평구 부평동,경상사고,0,0,1,0,차대차 - 측면직각충돌,안전운전불이행,건조,맑음,단일로 - 기타,승용,남,50세,상해없음,자전거,남,16세,경상
2011111000100319,2011년 11월 10일 15시,목요일,인천광역시 남구 도화동,부상신고사고,0,0,0,2,차대차 - 기타,안전거리미확보,건조,맑음,단일로 - 기타,승용,남,55세,상해없음,승용,남,69세,상해없음
2011111000100320,2011년 11월 10일 15시,목요일,인천광역시 남동구 구월동,경상사고,0,0,1,0,차대차 - 측면직각충돌,안전거리미확보,건조,맑음,교차로 - 교차로안,승용,여,26세,상해없음,승용,남,36세,경상
2011111000100354,2011년 11월 10일 16시,목요일,인천광역시 부평구 청천동,중상사고,0,1,0,0,차대차 - 기타,신호위반,건조,맑음,교차로 - 교차로안,승용,여,40세,상해없음,승용,남,44세,중상
2011111000100355,2011년 11월 10일 16시,목요일,인천광역시 계양구 계산동,중상사고,0,1,0,0,차대차 - 기타,안전운전불이행,건조,맑음,단일로 - 기타,승용,남,48세,기타불명,승합,남,45세,상해없음
2011111000100393,2011년 11월 10일 17시,목요일,인천광역시 부평구 부평동,중상사고,0,1,7,0,차대차 - 측면직각충돌,안전운전불이행,건조,흐림,단일로 - 기타,승합,남,45세,상해없음,승용,남,49세,경상
2011111000100394,2011년 11월 10일 17시,목요일,인천광역시 남동구 구월동,경상사고,0,0,1,0,차대차 - 추돌 - 주정차중,안전운전불이행,건조,맑음,교차로 - 교차로부근,승용,남,53세,상해없음,승용,남,23세,경상
2011111000100395,2011년 11월 10일 17시,목요일,인천광역시 부평구 삼산동,경상사고,0,0,1,0,차대차 - 측면직각충돌,신호위반,건조,맑음,교차로 - 교차로안,화물,남,52세,상해없음,자전거,남,13세,경상
2011111000100454,2011년 11월 10일 18시,목요일,인천광역시 동구 금곡동,경상사고,0,0,1,0,차대차 - 기타,안전운전불이행,건조,맑음,교차로 - 교차로부근,승합,남,47세,상해없음,화물,남,33세,경상
2011111000100455,2011년 11월 10일 18시,목요일,인천광역시 연수구 연수동,경상사고,0,0,1,0,차대차 - 측면직각충돌,안전운전불이행,건조,맑음,교차로 - 교차로안,화물,남,33세,상해없음,이륜,남,18세,경상
2011111000100506,2011년 11월 10일 19시,목요일,인천광역시 부평구 십정동,경상사고,0,0,1,0,차대차 - 측면직각충돌,중앙선침범,건조,맑음,단일로 - 기타,승용,여,34세,상해없음,이륜,남,27세,경상
2011111000100507,2011년 11월 10일 19시,목요일,인천광역시 서구 가정동,경상사고,0,0,1,0,차대차 - 기타,안전운전불이행,건조,맑음,교차로 - 교차로부근,승용,여,50세,상해없음,이륜,남,23세,경상
2011111000100544,2011년 11월 10일 20시,목요일,인천광역시 남구 주안동,경상사고,0,0,1,0,차대차 - 측면직각충돌,안전거리미확보,건조,맑음,단일로 - 교량,승용,남,55세,상해없음,승용,남,68세,상해없음
2011111000100579,2011년 11월 10일 21시,목요일,인천광역시 남구 주안동,경상사고,0,0,1,0,차대차 - 기타,안전운전불이행,건조,맑음,기타 - 기타,승용,남,59세,상해없음,이륜,남,22세,경상
2011111000100580,2011년 11월 10일 21시,목요일,인천광역시 남동구 간석동,부상신고사고,0,0,0,1,차량단독 - 기타,안전운전불이행,건조,맑음,기타 - 기타,승합,기타불명,기타불명,기타불명,,,,
2011111000100615,2011년 11월 10일 22시,목요일,인천광역시 동구 송림동,경상사고,0,0,1,0,차대사람 - 횡단중,안전운전불이행,습기,흐림,단일로 - 횡단보도상,승용,남,69세,상해없음,보행자,남,57세,경상
2011111000100616,2011년 11월 10일 22시,목요일,인천광역시 서구 석남동,경상사고,0,0,1,0,차대차 - 측면직각충돌,안전운전불이행,건조,맑음,교차로 - 교차로부근,승용,남,64세,상해없음,승용,남,50세,경상
2011111000100617,2011년 11월 10일 22시,목요일,인천광역시 부평구 부개동,중상사고,0,1,0,0,차량단독 - 기타,안전운전불이행,건조,맑음,교차로 - 교차로부근,승용,남,36세,상해없음,,,,
2011111000100653,2011년 11월 10일 23시,목요일,인천광역시 남동구 간석동,경상사고,0,0,2,0,차대차 - 측면직각충돌,교차로운행방법위반,습기,비,교차로 - 교차로안,승용,남,52세,상해없음,승용,여,51세,경상
2011111100100016,2011년 11월 11일 00시,금요일,인천광역시 중구 신흥동3가,중상사고,0,2,0,0,차대차 - 기타,안전운전불이행,습기,비,교차로 - 교차로부근,승용,여,37세,상해없음,승용,남,54세,중상
2011111100100035,2011년 11월 11일 01시,금요일,인천광역시 남구 주안동,중상사고,0,1,0,0,차대사람 - 기타,안전운전불이행,습기,비,기타 - 기타,승용,남,51세,상해없음,보행자,여,44세,중상
2011111100100053,2011년 11월 11일 02시,금요일,인천광역시 남구 용현동,중상사고,0,1,0,0,차대사람 - 횡단중,안전운전불이행,습기,비,단일로 - 횡단보도부근,승용,남,66세,상해없음,보행자,남,56세,중상
2011111100100054,2011년 11월 11일 02시,금요일,인천광역시 계양구 계산동,경상사고,0,0,7,0,차대차 - 추돌 - 주정차중,안전운전불이행,습기,비,교차로 - 교차로부근,승용,남,21세,상해없음,승합,남,37세,경상
2011111100100055,2011년 11월 11일 02시,금요일,인천광역시 연수구 송도동,중상사고,0,1,0,0,차량단독 - 공작물충돌,안전운전불이행,습기,비,단일로 - 교량,승용,남,18세,상해없음,,,,
2011111100100074,2011년 11월 11일 03시,금요일,인천광역시 남구 용현동,경상사고,0,0,2,0,차대차 - 측면직각충돌,안전운전불이행,건조,맑음,단일로 - 기타,승용,남,40세,상해없음,승용,남,40세,경상
2011111100100075,2011년 11월 11일 03시,금요일,인천광역시 남구 주안동,경상사고,0,0,1,0,차대사람 - 기타,기타,습기,맑음,기타 - 기타,원동기,남,33세,상해없음,보행자,남,37세,경상
2011111100100076,2011년 11월 11일 03시,금요일,인천광역시 연수구 청학동,중상사고,0,2,0,0,차대차 - 측면직각충돌,안전운전불이행,습기,비,단일로 - 기타,승용,여,31세,상해없음,승용,남,27세,상해없음
2011111100100088,2011년 11월 11일 04시,금요일,인천광역시 계양구 작전동,중상사고,0,1,3,0,차대차 - 추돌 - 진행중,안전운전불이행,습기,비,단일로 - 기타,화물,남,37세,상해없음,승용,남,53세,중상
2011111100100104,2011년 11월 11일 05시,금요일,인천광역시 서구 검암동,경상사고,0,0,1,0,차대사람 - 차도통행중,안전운전불이행,습기,비,단일로 - 기타,승용,남,27세,상해없음,보행자,여,4세,경상
2011111100100138,2011년 11월 11일 06시,금요일,인천광역시 남동구 구월동,경상사고,0,0,1,0,차대차 - 측면직각충돌,안전운전불이행,습기,비,교차로 - 교차로부근,승용,남,38세,상해없음,승용,남,46세,경상
2011111100100139,2011년 11월 11일 06시,금요일,인천광역시 남동구 만수동,경상사고,0,0,1,0,차량단독 - 기타,안전운전불이행,습기,비,단일로 - 기타,승용,남,28세,경상,,,,
2011111100100177,2011년 11월 11일 07시,금요일,인천광역시 서구 가정동,경상사고,0,0,2,0,차대차 - 측면직각충돌,안전운전불이행,건조,맑음,기타 - 기타,승용,남,51세,상해없음,승합,남,42세,경상
2011111100100178,2011년 11월 11일 07시,금요일,인천광역시 강화군 길상면,중상사고,0,1,0,0,차대차 - 기타,중앙선침범,습기,비,단일로 - 기타,승용,여,56세,상해없음,승용,여,56세,중상
2011111100100223,2011년 11월 11일 08시,금요일,인천광역시 남동구 장수동,중상사고,0,2,0,0,차대사람 - 기타,안전운전불이행,습기,비,단일로 - 횡단보도상,승용,남,50세,상해없음,보행자,남,11세,중상
2011111100100224,2011년 11월 11일 08시,금요일,인천광역시 남동구 만수동,경상사고,0,0,1,0,차대차 - 추돌 - 진행중,안전운전불이행,습기,비,단일로 - 교량,승용,남,36세,상해없음,승용,남,31세,경상
2011111100100225,2011년 11월 11일 08시,금요일,인천광역시 서구 불로동,중상사고,0,1,0,0,차대차 - 측면직각충돌,교차로운행방법위반,습기,비,교차로 - 교차로안,승용,남,45세,상해없음,이륜,남,59세,중상
2011111100100226,2011년 11월 11일 08시,금요일,인천광역시 연수구 옥련동,경상사고,0,0,1,0,차대사람 - 차도통행중,안전운전불이행,습기,흐림,단일로 - 기타,승용,남,52세,상해없음,보행자,여,18세,경상
2011111100100294,2011년 11월 11일 10시,금요일,인천광역시 남구 용현동,경상사고,0,0,3,0,차대차 - 추돌 - 진행중,안전운전불이행,건조,맑음,단일로 - 기타,승용,남,42세,경상,승용,남,46세,경상
2011111100100375,2011년 11월 11일 13시,금요일,인천광역시 연수구 동춘동,중상사고,0,1,0,0,차대사람 - 횡단중,안전운전불이행,건조,맑음,단일로 - 횡단보도상,화물,남,43세,상해없음,보행자,남,19세,중상
2011111100100409,2011년 11월 11일 14시,금요일,인천광역시 서구 검암동,중상사고,0,1,0,0,차대사람 - 횡단중,신호위반,건조,맑음,단일로 - 횡단보도상,승용,남,28세,상해없음,보행자,남,6세,중상
2011111100100437,2011년 11월 11일 15시,금요일,인천광역시 남동구 만수동,중상사고,0,1,0,0,차대차 - 기타,안전거리미확보,건조,맑음,단일로 - 기타,승용,남,69세,상해없음,승합,남,54세,상해없음
2011111100100469,2011년 11월 11일 16시,금요일,인천광역시 남동구 구월동,경상사고,0,0,1,0,차대차 - 측면직각충돌,안전거리미확보,건조,맑음,단일로 - 기타,화물,남,56세,상해없음,이륜,남,39세,경상
2011111100100470,2011년 11월 11일 16시,금요일,인천광역시 강화군 불은면,중상사고,0,2,0,0,차대차 - 추돌 - 진행중,안전운전불이행,습기,흐림,단일로 - 기타,승용,여,21세,상해없음,화물,남,59세,중상
2011111100100514,2011년 11월 11일 17시,금요일,인천광역시 중구 인현동,경상사고,0,0,1,0,차대사람 - 기타,안전운전불이행,건조,맑음,단일로 - 기타,이륜,남,26세,상해없음,보행자,남,8세,경상
2011111100100515,2011년 11월 11일 17시,금요일,인천광역시 남구 주안동,중상사고,0,1,1,0,차대차 - 기타,안전거리미확보,건조,맑음,단일로 - 기타,승용,남,68세,중상,승용,남,50세,경상
2011111100100516,2011년 11월 11일 17시,금요일,인천광역시 강화군 화도면,중상사고,0,1,1,0,차대차 - 추돌 - 주정차중,안전운전불이행,건조,맑음,단일로 - 기타,승용,남,50세,상해없음,승용,남,51세,상해없음
2011111100100571,2011년 11월 11일 18시,금요일,인천광역시 동구 송림동,경상사고,0,0,1,0,차대차 - 기타,안전운전불이행,건조,맑음,단일로 - 기타,승용,남,55세,기타불명,승용,남,40세,경상
2011111100100572,2011년 11월 11일 18시,금요일,인천광역시 부평구 십정동,경상사고,0,0,2,0,차대차 - 기타,안전거리미확보,건조,맑음,단일로 - 기타,승용,남,51세,상해없음,승합,남,40세,상해없음
2011111100100631,2011년 11월 11일 19시,금요일,인천광역시 중구 항동5가,중상사고,0,1,0,0,차대사람 - 기타,안전운전불이행,건조,맑음,단일로 - 기타,승합,기타불명,기타불명,기타불명,보행자,여,67세,중상
2011111100100632,2011년 11월 11일 19시,금요일,인천광역시 남구 숭의동,경상사고,0,0,3,0,차대차 - 기타,안전거리미확보,건조,맑음,교차로 - 교차로부근,화물,여,38세,상해없음,승용,남,51세,경상
2011111100100633,2011년 11월 11일 19시,금요일,인천광역시 남동구 구월동,중상사고,0,1,0,0,차대차 - 측면직각충돌,신호위반,건조,맑음,교차로 - 교차로안,승용,남,54세,상해없음,이륜,남,27세,중상
2011111100100678,2011년 11월 11일 20시,금요일,인천광역시 부평구 십정동,경상사고,0,0,1,0,차대차 - 추돌 - 주정차중,안전운전불이행,건조,맑음,단일로 - 기타,승용,남,56세,상해없음,승용,남,21세,경상
2011111100100679,2011년 11월 11일 20시,금요일,인천광역시 남동구 만수동,중상사고,0,1,0,0,차대차 - 측면직각충돌,교차로운행방법위반,건조,맑음,교차로 - 교차로안,승용,남,42세,상해없음,원동기,남,33세,중상
2011111100100680,2011년 11월 11일 20시,금요일,인천광역시 남동구 구월동,경상사고,0,0,7,0,차대차 - 측면직각충돌,중앙선침범,건조,맑음,단일로 - 기타,승용,남,51세,상해없음,이륜,남,16세,경상
2011111100100728,2011년 11월 11일 21시,금요일,인천광역시 남구 주안동,경상사고,0,0,1,0,차대사람 - 기타,안전운전불이행,건조,맑음,교차로 - 교차로부근,승용,남,63세,상해없음,보행자,남,23세,경상
2011111100100729,2011년 11월 11일 21시,금요일,인천광역시 연수구 옥련동,경상사고,0,0,1,0,차대사람 - 기타,안전운전불이행,건조,맑음,단일로 - 기타,승용,남,53세,상해없음,보행자,남,42세,경상
2011111100100776,2011년 11월 11일 22시,금요일,인천광역시 남구 학익동,경상사고,0,0,3,0,차대차 - 기타,안전운전불이행,건조,맑음,교차로 - 교차로안,승용,남,24세,상해없음,승용,남,38세,경상
2011111100100777,2011년 11월 11일 22시,금요일,인천광역시 남동구 구월동,경상사고,0,0,1,0,차대사람 - 보도통행중,기타,건조,맑음,단일로 - 기타,원동기,남,16세,상해없음,보행자,여,31세,경상
2011111100100778,2011년 11월 11일 22시,금요일,인천광역시 서구 왕길동,경상사고,0,0,1,0,차대차 - 측면직각충돌,교차로운행방법위반,건조,맑음,교차로 - 교차로안,승용,남,54세,상해없음,원동기,남,16세,경상
2011111100100779,2011년 11월 11일 22시,금요일,인천광역시 계양구 계산동,중상사고,0,1,0,0,차대차 - 측면직각충돌,안전운전불이행,건조,맑음,단일로 - 횡단보도부근,승용,남,32세,상해없음,원동기,남,54세,중상
2011111100100780,2011년 11월 11일 22시,금요일,인천광역시 계양구 효성동,중상사고,0,1,0,0,차대사람 - 기타,안전운전불이행,건조,맑음,단일로 - 기타,승용,기타불명,기타불명,기타불명,보행자,여,64세,중상
2011111100100821,2011년 11월 11일 23시,금요일,인천광역시 중구 북성동1가,경상사고,0,0,1,0,차대차 - 측면직각충돌,안전거리미확보,건조,맑음,단일로 - 기타,승용,남,26세,상해없음,승용,남,52세,경상
2011111100100822,2011년 11월 11일 23시,금요일,인천광역시 남동구 구월동,경상사고,0,0,1,0,차대사람 - 횡단중,보행자보호의무위반,건조,맑음,단일로 - 기타,화물,남,43세,상해없음,보행자,남,59세,경상
2011111100100823,2011년 11월 11일 23시,금요일,인천광역시 서구 가정동,경상사고,0,0,1,0,차량단독 - 기타,안전운전불이행,건조,맑음,단일로 - 기타,승용,남,34세,상해없음,,,,
2011111200100020,2011년 11월 12일 00시,토요일,인천광역시 남구 주안동,중상사고,0,2,0,0,차대차 - 측면직각충돌,신호위반,건조,맑음,단일로 - 기타,이륜,남,18세,중상,승용,남,40세,상해없음
2011111200100050,2011년 11월 12일 01시,토요일,인천광역시 서구 석남동,경상사고,0,0,1,0,차대차 - 기타,중앙선침범,건조,맑음,단일로 - 기타,승용,남,40세,상해없음,승용,남,60세,상해없음
2011111200100080,2011년 11월 12일 02시,토요일,인천광역시 남동구 구월동,중상사고,0,1,1,0,차대차 - 기타,안전거리미확보,건조,맑음,단일로 - 기타,기타불명,기타불명,기타불명,기타불명,원동기,남,25세,경상
2011111200100081,2011년 11월 12일 02시,토요일,인천광역시 계양구 계산동,경상사고,0,0,1,0,차대사람 - 기타,안전운전불이행,건조,맑음,단일로 - 기타,승용,기타불명,기타불명,기타불명,보행자,남,50세,경상
2011111200100082,2011년 11월 12일 02시,토요일,인천광역시 연수구 연수동,중상사고,0,4,8,0,차대차 - 기타,안전운전불이행,건조,맑음,교차로 - 교차로안,승용,남,62세,상해없음,승합,남,34세,중상
2011111200100095,2011년 11월 12일 03시,토요일,인천광역시 남구 숭의동,중상사고,0,1,2,0,차대차 - 정면충돌,중앙선침범,건조,맑음,기타 - 기타,원동기,남,16세,경상,승용,남,60세,경상
2011111200100096,2011년 11월 12일 03시,토요일,인천광역시 부평구 부개동,중상사고,0,1,0,0,차대사람 - 기타,안전운전불이행,건조,흐림,기타 - 기타,승용,남,30세,상해없음,보행자,여,32세,중상
2011111200100110,2011년 11월 12일 04시,토요일,인천광역시 연수구 청학동,경상사고,0,0,3,0,차대차 - 추돌 - 주정차중,안전운전불이행,건조,맑음,단일로 - 기타,승용,남,28세,상해없음,승합,남,47세,상해없음
2011111200100127,2011년 11월 12일 05시,토요일,인천광역시 계양구 계산동,경상사고,0,0,1,0,차대차 - 기타,안전거리미확보,건조,맑음,단일로 - 기타,승용,남,43세,상해없음,승용,남,53세,상해없음
2011111200100154,2011년 11월 12일 06시,토요일,인천광역시 남구 주안동,중상사고,0,2,0,0,차대차 - 기타,신호위반,건조,맑음,교차로 - 교차로부근,화물,남,41세,상해없음,승용,남,28세,중상
2011111200100155,2011년 11월 12일 06시,토요일,인천광역시 연수구 연수동,중상사고,0,1,1,0,차대차 - 추돌 - 진행중,안전운전불이행,건조,맑음,교차로 - 교차로부근,승용,남,40세,상해없음,승용,남,52세,중상
2011111200100192,2011년 11월 12일 08시,토요일,인천광역시 중구 신흥동3가,경상사고,0,0,1,0,차대사람 - 기타,안전운전불이행,건조,맑음,단일로 - 기타,승용,여,35세,상해없음,보행자,남,42세,경상
2011111200100219,2011년 11월 12일 09시,토요일,인천광역시 계양구 작전동,중상사고,0,1,0,0,차대사람 - 횡단중,안전운전불이행,건조,맑음,단일로 - 횡단보도부근,화물,남,35세,상해없음,보행자,여,64세,중상
2011111200100220,2011년 11월 12일 09시,토요일,인천광역시 계양구 작전동,중상사고,0,1,0,0,차대사람 - 횡단중,안전운전불이행,건조,맑음,교차로 - 교차로안,승용,남,35세,상해없음,보행자,여,78세,중상
2011111200100296,2011년 11월 12일 12시,토요일,인천광역시 연수구 연수동,중상사고,0,1,0,0,차대차 - 측면직각충돌,교차로운행방법위반,건조,맑음,교차로 - 교차로안,승용,남,60세,상해없음,승용,여,40세,중상
2011111200100358,2011년 11월 12일 14시,토요일,인천광역시 남구 숭의동,경상사고,0,0,1,0,차대차 - 기타,차로위반,건조,맑음,기타 - 기타,화물,남,63세,상해없음,승합,남,44세,경상
2011111200100420,2011년 11월 12일 16시,토요일,인천광역시 부평구 삼산동,경상사고,0,0,3,0,차대차 - 기타,안전운전불이행,건조,맑음,단일로 - 기타,화물,남,33세,상해없음,승용,남,65세,경상
2011111200100463,2011년 11월 12일 17시,토요일,인천광역시 남구 용현동,중상사고,0,1,0,0,차대사람 - 기타,보행자보호의무위반,건조,맑음,단일로 - 기타,승용,여,35세,상해없음,보행자,남,10세,중상
2011111200100511,2011년 11월 12일 18시,토요일,인천광역시 중구 운남동,부상신고사고,0,0,0,1,차대차 - 측면직각충돌,안전운전불이행,건조,맑음,교차로 - 교차로부근,승용,남,27세,상해없음,이륜,남,17세,부상신고
2011111200100512,2011년 11월 12일 18시,토요일,인천광역시 계양구 계산동,경상사고,0,0,1,0,차대차 - 기타,안전거리미확보,건조,맑음,교차로 - 교차로부근,화물,남,54세,상해없음,승용,남,32세,상해없음
2011111200100551,2011년 11월 12일 19시,토요일,인천광역시 옹진군 영흥면,경상사고,0,0,1,0,차대차 - 추돌 - 진행중,안전운전불이행,건조,맑음,단일로 - 기타,화물,남,53세,상해없음,승용,여,40세,경상
2011111200100552,2011년 11월 12일 19시,토요일,인천광역시 남동구 구월동,경상사고,0,0,1,0,차대사람 - 횡단중,안전운전불이행,건조,맑음,단일로 - 기타,승용,남,30세,상해없음,보행자,남,55세,경상
2011111200100553,2011년 11월 12일 19시,토요일,인천광역시 부평구 갈산동,경상사고,0,0,1,0,차대차 - 기타,안전운전불이행,건조,맑음,교차로 - 교차로안,승용,남,39세,상해없음,이륜,남,28세,경상
2011111200100590,2011년 11월 12일 20시,토요일,인천광역시 중구 북성동1가,부상신고사고,0,0,0,1,차대차 - 측면직각충돌,기타,건조,흐림,교차로 - 교차로부근,이륜,여,43세,부상신고,승합,남,55세,상해없음
2011111200100640,2011년 11월 12일 22시,토요일,인천광역시 남구 학익동,경상사고,0,0,1,0,차대차 - 추돌 - 주정차중,안전운전불이행,건조,맑음,단일로 - 기타,승용,남,46세,상해없음,승용,남,57세,경상
2011111200100665,2011년 11월 12일 23시,토요일,인천광역시 서구 석남동,중상사고,0,1,1,0,차대차 - 추돌 - 주정차중,안전운전불이행,건조,맑음,교차로 - 교차로부근,승용,남,38세,상해없음,승용,남,53세,중상
2011111300100020,2011년 11월 13일 00시,일요일,인천광역시 남동구 만수동,중상사고,0,1,0,0,차대차 - 측면직각충돌,안전거리미확보,건조,맑음,단일로 - 기타,승합,남,60세,상해없음,이륜,남,18세,중상
2011111300100021,2011년 11월 13일 00시,일요일,인천광역시 서구 왕길동,중상사고,0,1,4,0,차대차 - 측면직각충돌,직진우회전진행방해,건조,맑음,교차로 - 교차로안,승용,남,21세,경상,승용,남,46세,경상
2011111300100022,2011년 11월 13일 00시,일요일,인천광역시 남동구 남촌동,경상사고,0,0,2,0,차대차 - 정면충돌,중앙선침범,건조,맑음,단일로 - 기타,화물,남,33세,상해없음,승용,남,42세,경상