사고번호,사고일시,요일,시군구,사고내용,사망자수,중상자수,경상자수,부상신고자수,사고유형,법규위반,노면상태,기상상태,도로형태,가해운전자 차종,가해운전자 성별,가해운전자 연령,가해운전자 상해정도,피해운전자 차종,피해운전자 성별,피해운전자 연령,피해운전자 상해정도
2011112000100216,2011년 11월 20일 11시,일요일,인천광역시 남동구 고잔동,중상사고,0,2,2,0,차대차 - 측면직각충돌,신호위반,건조,맑음,교차로 - 교차로안,승용,남,67세,상해없음,승용,남,32세,경상
2011112000100316,2011년 11월 20일 14시,일요일,인천광역시 남구 주안동,경상사고,0,0,1,0,차대차 - 측면직각충돌,차로위반,건조,맑음,단일로 - 기타,승용,남,54세,상해없음,이륜,남,48세,경상
2011112000100349,2011년 11월 20일 15시,일요일,인천광역시 남동구 간석동,중상사고,0,1,0,0,차대사람 - 횡단중,신호위반,건조,맑음,단일로 - 기타,승용,남,31세,상해없음,보행자,여,11세,중상
2011112000100386,2011년 11월 20일 16시,일요일,인천광역시 중구 운서동,사망사고,1,0,0,0,차량단독 - 도로외이탈 - 추락,과속,건조,맑음,기타 - 기타,승용,남,47세,사망,,,,
2011112000100387,2011년 11월 20일 16시,일요일,인천광역시 남구 숭의동,중상사고,0,1,0,0,차대차 - 기타,안전운전불이행,건조,맑음,기타 - 기타,승용,남,62세,상해없음,원동기,남,52세,중상
2011112000100388,2011년 11월 20일 16시,일요일,인천광역시 남동구 간석동,경상사고,0,0,1,0,차대차 - 측면직각충돌,교차로운행방법위반,건조,맑음,교차로 - 교차로안,승용,여,63세,상해없음,승용,남,56세,경상
2011112000100389,2011년 11월 20일 16시,일요일,인천광역시 강화군 강화읍,중상사고,0,1,1,0,차대차 - 측면직각충돌,안전운전불이행,건조,맑음,교차로 - 교차로안,승용,남,38세,경상,이륜,남,25세,중상
2011112000100429,2011년 11월 20일 17시,일요일,인천광역시 남구 용현동,경상사고,0,0,1,0,차대차 - 측면직각충돌,안전운전불이행,건조,맑음,단일로 - 기타,승용,남,66세,상해없음,승용,남,39세,상해없음
2011112000100430,2011년 11월 20일 17시,일요일,인천광역시 남구 도화동,경상사고,0,0,1,0,차대사람 - 횡단중,신호위반,건조,맑음,단일로 - 횡단보도상,화물,남,55세,상해없음,보행자,남,31세,경상
2011112000100431,2011년 11월 20일 17시,일요일,인천광역시 남동구 논현동,중상사고,0,1,0,0,차대차 - 측면직각충돌,신호위반,건조,맑음,교차로 - 교차로안,승용,남,49세,상해없음,화물,남,54세,중상
2011112000100480,2011년 11월 20일 18시,일요일,인천광역시 동구 송림동,중상사고,0,1,0,0,차대차 - 측면직각충돌,중앙선침범,건조,맑음,단일로 - 기타,승용,남,64세,상해없음,이륜,남,41세,중상
2011112000100481,2011년 11월 20일 18시,일요일,인천광역시 남구 관교동,중상사고,0,1,0,0,차대사람 - 횡단중,안전운전불이행,건조,맑음,교차로 - 교차로부근,승용,남,37세,상해없음,보행자,여,20세,중상
2011112000100508,2011년 11월 20일 19시,일요일,인천광역시 부평구 청천동,경상사고,0,0,1,0,차대차 - 측면직각충돌,안전운전불이행,건조,맑음,교차로 - 교차로안,화물,남,34세,상해없음,승합,남,37세,경상
2011112000100509,2011년 11월 20일 19시,일요일,인천광역시 남동구 남촌동,경상사고,0,0,1,0,차대차 - 측면직각충돌,교차로운행방법위반,건조,맑음,교차로 - 교차로안,승용,남,47세,상해없음,이륜,남,35세,경상
2011112000100550,2011년 11월 20일 20시,일요일,인천광역시 남동구 구월동,경상사고,0,0,1,0,차대사람 - 기타,보행자보호의무위반,건조,맑음,교차로 - 교차로안,승용,남,49세,상해없음,보행자,남,47세,경상
2011112000100582,2011년 11월 20일 21시,일요일,인천광역시 계양구 작전동,경상사고,0,0,1,0,차대차 - 추돌 - 주정차중,안전운전불이행,건조,맑음,단일로 - 기타,화물,남,46세,상해없음,승용,남,30세,상해없음
2011112000100603,2011년 11월 20일 22시,일요일,인천광역시 부평구 산곡동,경상사고,0,0,1,0,차대차 - 측면직각충돌,안전운전불이행,건조,맑음,단일로 - 기타,승용,여,54세,상해없음,이륜,남,27세,경상
2011112000100604,2011년 11월 20일 22시,일요일,인천광역시 서구 가좌동,경상사고,0,0,1,0,차대차 - 추돌 - 주정차중,안전운전불이행,건조,맑음,교차로 - 교차로부근,승용,남,54세,상해없음,화물,남,43세,상해없음
2011112000100605,2011년 11월 20일 22시,일요일,인천광역시 서구 심곡동,경상사고,0,0,1,0,차대차 - 기타,안전운전불이행,건조,맑음,교차로 - 교차로안,승용,남,40세,상해없음,승용,여,49세,경상
2011112100100013,2011년 11월 21일 00시,월요일,인천광역시 남구 학익동,경상사고,0,0,1,0,차대차 - 기타,안전운전불이행,건조,맑음,단일로 - 기타,승용,남,45세,상해없음,승용,남,43세,경상
2011112100100038,2011년 11월 21일 03시,월요일,인천광역시 남구 주안동,경상사고,0,0,1,0,차대차 - 측면직각충돌,안전운전불이행,건조,맑음,단일로 - 기타,승용,남,44세,상해없음,화물,여,35세,경상
2011112100100039,2011년 11월 21일 03시,월요일,인천광역시 남동구 장수동,중상사고,0,1,0,0,차대차 - 추돌 - 진행중,안전운전불이행,건조,맑음,단일로 - 기타,승용,남,31세,상해없음,승용,남,28세,중상
2011112100100048,2011년 11월 21일 04시,월요일,인천광역시 남구 용현동,중상사고,0,2,3,1,차대차 - 추돌 - 주정차중,안전운전불이행,건조,맑음,단일로 - 기타,승합,남,38세,상해없음,화물,남,32세,중상
2011112100100057,2011년 11월 21일 05시,월요일,인천광역시 남구 주안동,경상사고,0,0,3,0,차대차 - 측면직각충돌,안전운전불이행,건조,맑음,단일로 - 기타,승용,남,40세,상해없음,승용,남,23세,경상
2011112100100179,2011년 11월 21일 09시,월요일,인천광역시 중구 운서동,중상사고,0,1,0,0,차대차 - 측면직각충돌,안전거리미확보,건조,맑음,교차로 - 교차로부근,승용,남,62세,중상,승용,남,46세,상해없음
2011112100100180,2011년 11월 21일 09시,월요일,인천광역시 계양구 효성동,경상사고,0,0,1,0,차대차 - 기타,중앙선침범,건조,맑음,단일로 - 기타,승용,남,46세,상해없음,승용,여,42세,경상
2011112100100181,2011년 11월 21일 09시,월요일,인천광역시 강화군 강화읍,중상사고,0,1,0,0,차대차 - 기타,안전운전불이행,건조,맑음,단일로 - 기타,승합,남,50세,상해없음,원동기,남,77세,중상
2011112100100205,2011년 11월 21일 10시,월요일,인천광역시 남동구 구월동,경상사고,0,0,3,0,차대차 - 측면직각충돌,신호위반,건조,맑음,교차로 - 교차로안,승용,남,56세,상해없음,화물,남,23세,경상
2011112100100206,2011년 11월 21일 10시,월요일,인천광역시 연수구 선학동,경상사고,0,0,3,0,차대차 - 추돌 - 진행중,차로위반,건조,맑음,단일로 - 기타,승용,남,21세,상해없음,화물,남,31세,경상
2011112100100261,2011년 11월 21일 12시,월요일,인천광역시 중구 운서동,사망사고,1,0,1,0,차대차 - 추돌 - 진행중,신호위반,건조,맑음,교차로 - 교차로안,특수,남,33세,경상,자전거,남,72세,사망
2011112100100262,2011년 11월 21일 12시,월요일,인천광역시 부평구 청천동,경상사고,0,0,1,0,차대차 - 측면직각충돌,안전운전불이행,건조,맑음,단일로 - 기타,승용,여,51세,상해없음,승용,남,54세,경상
2011112100100263,2011년 11월 21일 12시,월요일,인천광역시 연수구 송도동,중상사고,0,1,0,0,차대사람 - 횡단중,보행자보호의무위반,건조,맑음,단일로 - 횡단보도상,승용,남,31세,상해없음,보행자,여,16세,중상
2011112100100291,2011년 11월 21일 13시,월요일,인천광역시 서구 석남동,경상사고,0,0,1,0,차대사람 - 보도통행중,안전운전불이행,건조,맑음,단일로 - 기타,이륜,남,15세,상해없음,보행자,여,66세,경상
2011112100100292,2011년 11월 21일 13시,월요일,인천광역시 계양구 효성동,경상사고,0,0,1,0,차대사람 - 기타,기타,건조,맑음,단일로 - 기타,승용,남,40세,상해없음,보행자,여,39세,경상
2011112100100293,2011년 11월 21일 13시,월요일,인천광역시 연수구 연수동,경상사고,0,0,1,0,차대차 - 기타,기타,건조,맑음,단일로 - 기타,승용,남,55세,상해없음,이륜,남,24세,경상
2011112100100294,2011년 11월 21일 13시,월요일,인천광역시 부평구 청천동,경상사고,0,0,2,0,차대차 - 기타,안전운전불이행,건조,맑음,단일로 - 기타,승용,여,50세,상해없음,승용,남,69세,경상
2011112100100327,2011년 11월 21일 14시,월요일,인천광역시 남구 주안동,중상사고,0,1,0,0,차대차 - 추돌 - 주정차중,안전운전불이행,건조,맑음,기타 - 기타,승합,남,27세,상해없음,승용,여,40세,중상
2011112100100328,2011년 11월 21일 14시,월요일,인천광역시 남동구 구월동,경상사고,0,0,1,0,차대차 - 측면직각충돌,안전운전불이행,건조,맑음,교차로 - 교차로부근,승용,남,54세,상해없음,원동기,남,31세,경상
2011112100100329,2011년 11월 21일 14시,월요일,인천광역시 부평구 삼산동,경상사고,0,0,1,0,차대차 - 측면직각충돌,차로위반,건조,맑음,교차로 - 교차로부근,승용,남,51세,상해없음,승용,남,45세,경상
2011112100100375,2011년 11월 21일 15시,월요일,인천광역시 남구 주안동,경상사고,0,0,1,0,차대차 - 측면직각충돌,안전거리미확보,건조,맑음,단일로 - 기타,승합,남,25세,상해없음,이륜,남,33세,경상
2011112100100408,2011년 11월 21일 16시,월요일,인천광역시 남동구 구월동,경상사고,0,0,1,0,차대차 - 측면직각충돌,신호위반,습기,비,교차로 - 교차로안,승용,여,58세,상해없음,이륜,남,43세,경상
2011112100100506,2011년 11월 21일 18시,월요일,인천광역시 남구 도화동,경상사고,0,0,2,0,차대차 - 측면직각충돌,신호위반,건조,맑음,교차로 - 교차로부근,승용,남,34세,경상,승용,남,46세,상해없음
2011112100100507,2011년 11월 21일 18시,월요일,인천광역시 남동구 장수동,경상사고,0,0,2,0,차대차 - 기타,안전운전불이행,건조,맑음,교차로 - 교차로부근,화물,남,63세,상해없음,이륜,남,16세,경상
2011112100100558,2011년 11월 21일 19시,월요일,인천광역시 남동구 간석동,경상사고,0,0,1,0,차대차 - 측면직각충돌,차로위반,건조,맑음,단일로 - 기타,승용,남,53세,상해없음,이륜,남,18세,경상
2011112100100609,2011년 11월 21일 21시,월요일,인천광역시 남구 도화동,중상사고,0,1,0,0,차대차 - 측면직각충돌,중앙선침범,건조,맑음,단일로 - 기타,승용,남,22세,상해없음,이륜,남,17세,중상
2011112100100610,2011년 11월 21일 21시,월요일,인천광역시 계양구 작전동,중상사고,0,2,0,0,차대사람 - 횡단중,신호위반,건조,맑음,단일로 - 횡단보도상,승용,여,51세,상해없음,보행자,남,23세,중상
2011112100100638,2011년 11월 21일 22시,월요일,인천광역시 서구 백석동,경상사고,0,0,2,0,차대차 - 측면직각충돌,신호위반,건조,맑음,교차로 - 교차로안,승용,남,30세,경상,승용,남,54세,경상
2011112100100667,2011년 11월 21일 23시,월요일,인천광역시 남동구 만수동,경상사고,0,0,2,0,차대차 - 추돌 - 진행중,안전운전불이행,건조,맑음,단일로 - 기타,승용,남,50세,상해없음,승용,남,57세,경상
2011112100100668,2011년 11월 21일 23시,월요일,인천광역시 계양구 작전동,경상사고,0,0,1,0,차대차 - 추돌 - 주정차중,안전운전불이행,습기,비,교차로 - 교차로부근,승용,남,52세,상해없음,화물,남,39세,경상
2011112200100014,2011년 11월 22일 00시,화요일,인천광역시 부평구 부평동,경상사고,0,0,2,0,차대사람 - 기타,안전운전불이행,습기,비,단일로 - 기타,승용,남,27세,상해없음,보행자,남,35세,경상
2011112200100015,2011년 11월 22일 00시,화요일,인천광역시 부평구 부개동,중상사고,0,1,2,0,차대차 - 정면충돌,교차로운행방법위반,건조,맑음,교차로 - 교차로안,승용,남,52세,상해없음,승용,남,63세,경상
2011112200100028,2011년 11월 22일 01시,화요일,인천광역시 남구 숭의동,경상사고,0,0,1,0,차대차 - 추돌 - 주정차중,안전운전불이행,건조,맑음,교차로 - 교차로부근,승용,여,40세,상해없음,승용,남,40세,경상
2011112200100029,2011년 11월 22일 01시,화요일,인천광역시 부평구 부평동,경상사고,0,0,2,0,차대차 - 기타,신호위반,습기,비,교차로 - 교차로안,승용,여,45세,경상,승용,남,40세,경상
2011112200100037,2011년 11월 22일 02시,화요일,인천광역시 부평구 부평동,중상사고,0,1,0,0,차대차 - 측면직각충돌,안전운전불이행,습기,비,교차로 - 교차로부근,승용,남,30세,중상,화물,남,40세,기타불명
2011112200100057,2011년 11월 22일 05시,화요일,인천광역시 계양구 작전동,경상사고,0,0,1,0,차대차 - 추돌 - 주정차중,안전운전불이행,습기,흐림,단일로 - 기타,승용,남,30세,상해없음,승용,남,63세,경상
2011112200100081,2011년 11월 22일 06시,화요일,인천광역시 부평구 부개동,경상사고,0,0,1,0,차대차 - 추돌 - 진행중,차로위반,건조,맑음,교차로 - 교차로부근,승용,남,65세,상해없음,승용,남,46세,상해없음
2011112200100106,2011년 11월 22일 07시,화요일,인천광역시 동구 화수동,경상사고,0,0,1,0,차대사람 - 횡단중,안전운전불이행,습기,흐림,단일로 - 기타,기타불명,기타불명,기타불명,기타불명,보행자,여,19세,경상
2011112200100139,2011년 11월 22일 08시,화요일,인천광역시 남동구 구월동,경상사고,0,0,1,0,차대차 - 측면직각충돌,교차로운행방법위반,건조,맑음,교차로 - 교차로안,승용,남,43세,상해없음,승용,남,49세,경상
2011112200100165,2011년 11월 22일 09시,화요일,인천광역시 남구 문학동,경상사고,0,0,1,0,차량단독 - 기타,안전운전불이행,건조,맑음,단일로 - 기타,승합,남,41세,상해없음,,,,
2011112200100188,2011년 11월 22일 10시,화요일,인천광역시 계양구 작전동,경상사고,0,0,1,0,차대차 - 측면직각충돌,신호위반,건조,맑음,단일로 - 기타,승용,남,62세,상해없음,승용,남,19세,경상
2011112200100189,2011년 11월 22일 10시,화요일,인천광역시 강화군 길상면,경상사고,0,0,1,0,차대차 - 측면직각충돌,안전운전불이행,건조,맑음,교차로 - 교차로안,건설기계,남,53세,상해없음,특수,남,44세,경상
2011112200100209,2011년 11월 22일 11시,화요일,인천광역시 남구 용현동,경상사고,0,0,1,0,차대차 - 기타,안전거리미확보,건조,맑음,교차로 - 교차로부근,승용,여,50세,상해없음,건설기계,남,59세,상해없음
2011112200100210,2011년 11월 22일 11시,화요일,인천광역시 부평구 부평동,중상사고,0,1,0,0,차대사람 - 횡단중,보행자보호의무위반,건조,맑음,단일로 - 횡단보도상,자전거,남,47세,상해없음,보행자,여,39세,중상
2011112200100239,2011년 11월 22일 12시,화요일,인천광역시 서구 검암동,경상사고,0,0,2,0,차대차 - 측면직각충돌,중앙선침범,건조,맑음,단일로 - 기타,승용,남,21세,상해없음,승용,남,61세,경상
2011112200100266,2011년 11월 22일 13시,화요일,인천광역시 중구 운서동,중상사고,0,1,0,0,차대차 - 기타,안전운전불이행,건조,맑음,교차로 - 교차로안,승용,여,58세,상해없음,자전거,여,55세,중상
2011112200100289,2011년 11월 22일 14시,화요일,인천광역시 남구 용현동,경상사고,0,0,1,0,차대차 - 기타,신호위반,건조,흐림,교차로 - 교차로안,승용,여,50세,상해없음,승용,남,45세,경상
2011112200100290,2011년 11월 22일 14시,화요일,인천광역시 남구 관교동,경상사고,0,0,1,0,차대사람 - 기타,안전운전불이행,건조,맑음,교차로 - 교차로안,승용,남,61세,상해없음,보행자,여,15세,경상
2011112200100291,2011년 11월 22일 14시,화요일,인천광역시 남동구 간석동,중상사고,0,1,0,0,차대사람 - 기타,안전운전불이행,건조,맑음,단일로 - 기타,승용,남,27세,상해없음,보행자,남,59세,중상
2011112200100344,2011년 11월 22일 16시,화요일,인천광역시 남구 도화동,중상사고,0,1,0,0,차대차 - 추돌 - 진행중,안전운전불이행,습기,흐림,단일로 - 기타,승용,남,25세,상해없음,화물,남,38세,중상
2011112200100410,2011년 11월 22일 17시,화요일,인천광역시 계양구 임학동,부상신고사고,0,0,0,1,차대사람 - 기타,안전운전불이행,건조,맑음,단일로 - 기타,승용,남,42세,상해없음,보행자,여,50세,부상신고
2011112200100459,2011년 11월 22일 18시,화요일,인천광역시 남구 주안동,경상사고,0,0,1,0,차대차 - 추돌 - 주정차중,안전운전불이행,습기,비,단일로 - 교량,승용,남,25세,상해없음,승용,여,39세,상해없음
2011112200100460,2011년 11월 22일 18시,화요일,인천광역시 남동구 만수동,중상사고,0,1,2,0,차대차 - 측면직각충돌,신호위반,습기,흐림,교차로 - 교차로안,승용,남,50세,상해없음,승용,남,45세,중상
2011112200100483,2011년 11월 22일 19시,화요일,인천광역시 남동구 논현동,중상사고,0,1,0,0,차대사람 - 기타,안전운전불이행,건조,흐림,교차로 - 교차로부근,승용,남,37세,상해없음,보행자,여,71세,중상
2011112200100507,2011년 11월 22일 20시,화요일,인천광역시 중구 도원동,경상사고,0,0,2,0,차대차 - 추돌 - 주정차중,안전운전불이행,건조,맑음,교차로 - 교차로부근,승용,남,62세,상해없음,승용,남,26세,경상
2011112200100508,2011년 11월 22일 20시,화요일,인천광역시 옹진군 영흥면,경상사고,0,0,2,0,차대차 - 추돌 - 주정차중,안전운전불이행,건조,맑음,단일로 - 기타,승용,남,30세,상해없음,승용,남,42세,경상
2011112200100509,2011년 11월 22일 20시,화요일,인천광역시 부평구 산곡동,중상사고,0,1,0,0,차대사람 - 횡단중,안전운전불이행,습기,비,교차로 - 교차로부근,이륜,남,20세,상해없음,보행자,남,48세,중상
2011112200100510,2011년 11월 22일 20시,화요일,인천광역시 남동구 구월동,중상사고,0,1,2,0,차대차 - 추돌 - 주정차중,안전거리미확보,건조,맑음,교차로 - 교차로부근,승용,남,40세,상해없음,승용,여,54세,경상
2011112200100537,2011년 11월 22일 21시,화요일,인천광역시 남동구 논현동,중상사고,0,1,0,0,차대차 - 측면직각충돌,중앙선침범,습기,흐림,기타 - 기타,승용,남,41세,상해없음,원동기,남,17세,중상
2011112200100568,2011년 11월 22일 22시,화요일,인천광역시 남동구 만수동,경상사고,0,0,2,0,차대차 - 기타,안전운전불이행,습기,흐림,교차로 - 교차로안,승합,남,41세,상해없음,승용,남,27세,경상
2011112200100596,2011년 11월 22일 23시,화요일,인천광역시 서구 가좌동,중상사고,0,2,1,0,차대차 - 정면충돌,신호위반,습기,비,교차로 - 교차로안,화물,남,52세,상해없음,승용,남,31세,중상
2011112300100043,2011년 11월 23일 01시,수요일,인천광역시 남구 주안동,중상사고,0,1,0,0,차대차 - 기타,안전거리미확보,습기,비,기타 - 기타,화물,남,58세,상해없음,이륜,남,18세,중상
2011112300100044,2011년 11월 23일 01시,수요일,인천광역시 부평구 산곡동,경상사고,0,0,2,0,차대차 - 정면충돌,중앙선침범,습기,비,교차로 - 교차로부근,승용,여,42세,상해없음,승용,남,40세,경상
2011112300100045,2011년 11월 23일 01시,수요일,인천광역시 남동구 만수동,경상사고,0,0,1,0,차대차 - 추돌 - 주정차중,안전운전불이행,건조,맑음,교차로 - 교차로부근,승용,여,37세,상해없음,승용,남,36세,경상
2011112300100060,2011년 11월 23일 02시,수요일,인천광역시 부평구 십정동,중상사고,0,1,0,0,차대사람 - 횡단중,보행자보호의무위반,습기,비,교차로 - 교차로부근,승용,남,36세,상해없음,보행자,여,40세,중상
2011112300100075,2011년 11월 23일 03시,수요일,인천광역시 남동구 구월동,경상사고,0,0,3,0,차대차 - 측면직각충돌,교차로운행방법위반,습기,비,교차로 - 교차로안,승용,남,38세,상해없음,승용,남,47세,경상
2011112300100076,2011년 11월 23일 03시,수요일,인천광역시 연수구 청학동,중상사고,0,1,0,0,차대차 - 측면직각충돌,교차로운행방법위반,습기,비,교차로 - 교차로안,승용,남,51세,상해없음,원동기,남,29세,중상
2011112300100082,2011년 11월 23일 04시,수요일,인천광역시 남구 주안동,경상사고,0,0,1,0,차대차 - 추돌 - 주정차중,안전운전불이행,습기,맑음,교차로 - 교차로부근,승용,남,32세,상해없음,승용,남,47세,경상
2011112300100083,2011년 11월 23일 04시,수요일,인천광역시 남동구 남촌동,경상사고,0,0,1,0,차대차 - 정면충돌,중앙선침범,습기,비,교차로 - 교차로부근,승용,남,29세,상해없음,화물,남,50세,경상
2011112300100084,2011년 11월 23일 04시,수요일,인천광역시 남동구 만수동,경상사고,0,0,1,0,차대차 - 측면직각충돌,중앙선침범,건조,맑음,단일로 - 기타,승용,남,24세,상해없음,승용,남,39세,경상
2011112300100105,2011년 11월 23일 05시,수요일,인천광역시 남구 주안동,경상사고,0,0,1,0,차대사람 - 횡단중,안전운전불이행,습기,비,교차로 - 교차로부근,승용,남,43세,상해없음,보행자,남,27세,경상
2011112300100126,2011년 11월 23일 06시,수요일,인천광역시 연수구 동춘동,경상사고,0,0,1,0,차대차 - 추돌 - 주정차중,안전운전불이행,습기,맑음,교차로 - 교차로부근,화물,남,55세,상해없음,승용,여,57세,경상
2011112300100201,2011년 11월 23일 08시,수요일,인천광역시 동구 송현동,경상사고,0,0,5,1,차대차 - 추돌 - 주정차중,안전운전불이행,건조,맑음,기타 - 기타,건설기계,남,52세,상해없음,승합,여,55세,경상
2011112300100228,2011년 11월 23일 09시,수요일,인천광역시 강화군 화도면,경상사고,0,0,1,0,차대차 - 추돌 - 진행중,안전운전불이행,습기,흐림,단일로 - 기타,화물,남,55세,상해없음,화물,남,57세,경상
2011112300100249,2011년 11월 23일 10시,수요일,인천광역시 남구 주안동,경상사고,0,0,1,0,차대차 - 측면직각충돌,안전운전불이행,건조,맑음,교차로 - 교차로부근,화물,남,56세,상해없음,화물,남,59세,기타불명
2011112300100250,2011년 11월 23일 10시,수요일,인천광역시 남동구 구월동,경상사고,0,0,1,0,차대차 - 기타,안전운전불이행,건조,맑음,단일로 - 기타,승용,남,20세,기타불명,승용,여,36세,상해없음
2011112300100251,2011년 11월 23일 10시,수요일,인천광역시 연수구 송도동,경상사고,0,0,1,0,차대차 - 기타,신호위반,습기,흐림,교차로 - 교차로안,승합,남,56세,상해없음,승용,남,42세,경상
2011112300100280,2011년 11월 23일 11시,수요일,인천광역시 남동구 논현동,경상사고,0,0,1,0,차대사람 - 기타,보행자보호의무위반,건조,맑음,단일로 - 횡단보도상,승용,남,30세,상해없음,보행자,남,46세,경상
2011112300100281,2011년 11월 23일 11시,수요일,인천광역시 계양구 서운동,중상사고,0,1,0,0,차대사람 - 기타,안전운전불이행,건조,맑음,단일로 - 기타,화물,남,27세,상해없음,보행자,남,63세,중상
2011112300100306,2011년 11월 23일 12시,수요일,인천광역시 중구 항동4가,중상사고,0,1,1,1,차대차 - 측면직각충돌,안전운전불이행,건조,흐림,교차로 - 교차로안,승용,남,57세,부상신고,승용,남,56세,경상
2011112300100307,2011년 11월 23일 12시,수요일,인천광역시 남동구 만수동,경상사고,0,0,1,0,차대차 - 추돌 - 주정차중,안전거리미확보,건조,맑음,단일로 - 기타,승용,남,49세,상해없음,화물,남,54세,경상
2011112300100360,2011년 11월 23일 14시,수요일,인천광역시 남구 학익동,중상사고,0,1,0,0,차대사람 - 횡단중,보행자보호의무위반,건조,맑음,단일로 - 횡단보도상,승용,남,46세,상해없음,보행자,여,9세,중상
2011112300100361,2011년 11월 23일 14시,수요일,인천광역시 서구 연희동,중상사고,0,1,0,0,차대사람 - 기타,안전운전불이행,건조,맑음,단일로 - 기타,승합,남,44세,상해없음,보행자,남,13세,중상
2011112300100467,2011년 11월 23일 17시,수요일,인천광역시 남구 도화동,중상사고,0,1,0,0,차대사람 - 기타,안전운전불이행,건조,맑음,단일로 - 횡단보도부근,승용,여,54세,상해없음,보행자,남,85세,중상
2011112300100468,2011년 11월 23일 17시,수요일,인천광역시 남구 주안동,부상신고사고,0,0,0,1,차대차 - 측면직각충돌,안전운전불이행,건조,흐림,단일로 - 횡단보도상,기타불명,기타불명,기타불명,기타불명,자전거,남,12세,부상신고
2011112300100523,2011년 11월 23일 18시,수요일,인천광역시 남구 주안동,경상사고,0,0,2,0,차대차 - 기타,안전운전불이행,건조,맑음,교차로 - 교차로부근,승용,남,74세,상해없음,승용,남,33세,경상
2011112300100524,2011년 11월 23일 18시,수요일,인천광역시 남동구 논현동,경상사고,0,0,1,0,차대차 - 기타,신호위반,건조,맑음,교차로 - 교차로안,승합,남,31세,상해없음,원동기,남,29세,경상
2011112300100525,2011년 11월 23일 18시,수요일,인천광역시 남동구 만수동,경상사고,0,0,1,0,차대사람 - 기타,안전운전불이행,건조,맑음,교차로 - 교차로부근,기타불명,기타불명,기타불명,기타불명,보행자,남,10세,경상
2011112300100573,2011년 11월 23일 19시,수요일,인천광역시 부평구 청천동,중상사고,0,1,0,0,차대사람 - 차도통행중,안전운전불이행,건조,맑음,단일로 - 기타,건설기계,남,41세,상해없음,보행자,여,64세,중상
2011112300100606,2011년 11월 23일 20시,수요일,인천광역시 남동구 남촌동,경상사고,0,0,1,0,차대차 - 추돌 - 주정차중,안전운전불이행,건조,맑음,교차로 - 교차로부근,승용,남,46세,상해없음,승용,남,51세,경상
2011112300100607,2011년 11월 23일 20시,수요일,인천광역시 계양구 장기동,중상사고,0,2,0,0,차대차 - 측면직각충돌,안전운전불이행,결빙,맑음,단일로 - 교량,승용,여,29세,상해없음,승용,남,56세,중상
2011112300100645,2011년 11월 23일 21시,수요일,인천광역시 남구 주안동,부상신고사고,0,0,0,1,차대차 - 추돌 - 진행중,안전운전불이행,건조,맑음,단일로 - 기타,승용,기타불명,기타불명,기타불명,승용,남,29세,부상신고
2011112300100646,2011년 11월 23일 21시,수요일,인천광역시 계양구 계산동,경상사고,0,0,1,0,차대차 - 추돌 - 주정차중,안전운전불이행,건조,맑음,교차로 - 교차로부근,승용,남,32세,상해없음,승용,남,65세,경상
2011112300100647,2011년 11월 23일 21시,수요일,인천광역시 계양구 계산동,중상사고,0,1,0,0,차대차 - 정면충돌,차로위반,건조,맑음,단일로 - 터널,승용,남,40세,상해없음,승용,남,30세,중상
2011112300100684,2011년 11월 23일 22시,수요일,인천광역시 남동구 논현동,중상사고,0,1,0,0,차대차 - 측면직각충돌,안전운전불이행,건조,맑음,단일로 - 횡단보도상,승용,남,49세,상해없음,자전거,여,38세,중상
2011112300100685,2011년 11월 23일 22시,수요일,인천광역시 연수구 선학동,경상사고,0,0,1,0,차대사람 - 기타,안전운전불이행,건조,맑음,단일로 - 기타,승용,남,45세,상해없음,보행자,남,32세,경상
2011112400100017,2011년 11월 24일 00시,목요일,인천광역시 부평구 청천동,중상사고,0,1,0,0,차대차 - 측면직각충돌,안전운전불이행,건조,맑음,교차로 - 교차로안,기타불명,기타불명,기타불명,기타불명,승용,남,69세,중상
2011112400100018,2011년 11월 24일 00시,목요일,인천광역시 서구 마전동,경상사고,0,0,1,0,차대차 - 측면직각충돌,불법유턴,건조,맑음,교차로 - 교차로안,승용,남,52세,상해없음,원동기,남,42세,경상
2011112400100036,2011년 11월 24일 01시,목요일,인천광역시 부평구 청천동,중상사고,0,1,0,0,차대차 - 추돌 - 진행중,안전운전불이행,건조,맑음,단일로 - 기타,승합,여,48세,상해없음,승용,남,52세,중상
2011112400100037,2011년 11월 24일 01시,목요일,인천광역시 연수구 동춘동,중상사고,0,2,1,0,차대차 - 측면직각충돌,안전운전불이행,건조,맑음,교차로 - 교차로부근,승용,남,29세,상해없음,승용,남,50세,중상
2011112400100090,2011년 11월 24일 06시,목요일,인천광역시 서구 가정동,경상사고,0,0,1,0,차대사람 - 횡단중,보행자보호의무위반,습기,맑음,단일로 - 횡단보도상,승용,남,25세,상해없음,보행자,남,50세,경상
2011112400100181,2011년 11월 24일 09시,목요일,인천광역시 서구 가정동,경상사고,0,0,1,0,차대차 - 추돌 - 주정차중,안전운전불이행,건조,맑음,단일로 - 기타,화물,남,52세,상해없음,승용,여,46세,경상