사고번호,사고일시,요일,시군구,사고내용,사망자수,중상자수,경상자수,부상신고자수,사고유형,법규위반,노면상태,기상상태,도로형태,가해운전자 차종,가해운전자 성별,가해운전자 연령,가해운전자 상해정도,피해운전자 차종,피해운전자 성별,피해운전자 연령,피해운전자 상해정도
2011112400100182,2011년 11월 24일 09시,목요일,인천광역시 부평구 삼산동,경상사고,0,0,1,0,차대차 - 측면직각충돌,중앙선침범,건조,맑음,교차로 - 교차로부근,승용,여,37세,상해없음,승용,남,48세,상해없음
2011112400100214,2011년 11월 24일 11시,목요일,인천광역시 부평구 부평동,중상사고,0,1,0,0,차대사람 - 길가장자리구역통행중,안전운전불이행,건조,맑음,교차로 - 교차로안,화물,남,41세,상해없음,보행자,여,44세,중상
2011112400100215,2011년 11월 24일 11시,목요일,인천광역시 부평구 부개동,경상사고,0,0,2,1,차대차 - 측면직각충돌,교차로운행방법위반,건조,맑음,교차로 - 교차로안,승용,남,51세,상해없음,승용,여,37세,경상
2011112400100326,2011년 11월 24일 15시,목요일,인천광역시 남동구 만수동,중상사고,0,1,1,0,차대차 - 기타,교차로운행방법위반,건조,맑음,교차로 - 교차로안,화물,남,44세,상해없음,승용,남,43세,중상
2011112400100408,2011년 11월 24일 17시,목요일,인천광역시 동구 화평동,중상사고,0,1,0,0,차대사람 - 횡단중,안전운전불이행,건조,맑음,단일로 - 기타,화물,남,28세,상해없음,보행자,남,73세,중상
2011112400100409,2011년 11월 24일 17시,목요일,인천광역시 남구 주안동,경상사고,0,0,2,0,차대차 - 측면직각충돌,안전거리미확보,건조,맑음,단일로 - 기타,승용,남,49세,상해없음,승합,남,62세,상해없음
2011112400100410,2011년 11월 24일 17시,목요일,인천광역시 서구 불로동,중상사고,0,1,8,2,차대차 - 추돌 - 진행중,안전운전불이행,건조,맑음,기타 - 기타,화물,남,48세,상해없음,승합,남,29세,부상신고
2011112400100411,2011년 11월 24일 17시,목요일,인천광역시 계양구 임학동,중상사고,0,1,0,0,차대사람 - 횡단중,보행자보호의무위반,건조,맑음,교차로 - 교차로부근,승용,남,67세,상해없음,보행자,여,13세,중상
2011112400100450,2011년 11월 24일 18시,목요일,인천광역시 남구 주안동,중상사고,0,1,0,0,차대차 - 기타,안전거리미확보,건조,맑음,단일로 - 기타,승용,여,45세,상해없음,이륜,남,29세,중상
2011112400100451,2011년 11월 24일 18시,목요일,인천광역시 부평구 부평동,경상사고,0,0,1,0,차대사람 - 길가장자리구역통행중,안전운전불이행,건조,맑음,단일로 - 기타,승합,기타불명,기타불명,기타불명,보행자,남,43세,경상
2011112400100452,2011년 11월 24일 18시,목요일,인천광역시 남동구 만수동,중상사고,0,1,0,0,차대차 - 기타,신호위반,건조,맑음,교차로 - 교차로안,자전거,남,69세,중상,승용,남,37세,상해없음
2011112400100453,2011년 11월 24일 18시,목요일,인천광역시 계양구 계산동,경상사고,0,0,3,0,차대차 - 측면직각충돌,안전운전불이행,건조,맑음,교차로 - 교차로부근,승용,남,42세,상해없음,승용,여,47세,경상
2011112400100485,2011년 11월 24일 19시,목요일,인천광역시 부평구 부평동,중상사고,0,1,0,0,차대사람 - 횡단중,안전운전불이행,건조,맑음,단일로 - 기타,이륜,남,51세,상해없음,보행자,여,31세,중상
2011112400100486,2011년 11월 24일 19시,목요일,인천광역시 서구 가정동,경상사고,0,0,1,0,차대사람 - 횡단중,안전운전불이행,건조,맑음,단일로 - 횡단보도부근,승용,여,52세,상해없음,보행자,여,23세,경상
2011112400100487,2011년 11월 24일 19시,목요일,인천광역시 계양구 계산동,중상사고,0,2,1,0,차대차 - 추돌 - 주정차중,안전운전불이행,건조,맑음,교차로 - 교차로부근,화물,남,47세,상해없음,승용,남,32세,중상
2011112400100515,2011년 11월 24일 20시,목요일,인천광역시 남동구 구월동,중상사고,0,1,0,0,차대차 - 측면직각충돌,신호위반,건조,맑음,교차로 - 교차로안,승용,남,25세,상해없음,이륜,남,22세,중상
2011112400100517,2011년 11월 24일 20시,목요일,인천광역시 계양구 효성동,경상사고,0,0,1,0,차대차 - 추돌 - 진행중,안전거리미확보,건조,맑음,단일로 - 기타,화물,남,46세,상해없음,이륜,남,16세,경상
2011112400100545,2011년 11월 24일 21시,목요일,인천광역시 서구 마전동,경상사고,0,0,2,0,차대차 - 추돌 - 진행중,중앙선침범,건조,맑음,기타 - 기타,승용,남,37세,상해없음,원동기,남,16세,경상
2011112400100582,2011년 11월 24일 22시,목요일,인천광역시 연수구 선학동,중상사고,0,2,0,0,차대차 - 추돌 - 진행중,안전운전불이행,건조,맑음,단일로 - 기타,승용,남,29세,상해없음,승용,남,49세,중상
2011112400100612,2011년 11월 24일 23시,목요일,인천광역시 서구 신현동,중상사고,0,1,1,0,차대차 - 측면직각충돌,안전운전불이행,건조,맑음,교차로 - 교차로안,승용,남,45세,상해없음,승용,여,43세,상해없음
2011112500100119,2011년 11월 25일 07시,금요일,인천광역시 부평구 십정동,부상신고사고,0,0,0,1,차대차 - 측면직각충돌,안전운전불이행,건조,맑음,교차로 - 교차로부근,이륜,남,29세,부상신고,승용,남,47세,상해없음
2011112500100151,2011년 11월 25일 08시,금요일,인천광역시 동구 송림동,중상사고,0,1,0,0,차대사람 - 횡단중,중앙선침범,건조,맑음,교차로 - 교차로부근,승합,남,60세,상해없음,보행자,여,24세,중상
2011112500100152,2011년 11월 25일 08시,금요일,인천광역시 남동구 만수동,중상사고,0,1,0,0,차대차 - 측면직각충돌,교차로운행방법위반,건조,맑음,교차로 - 교차로부근,승용,남,48세,상해없음,이륜,남,52세,중상
2011112500100153,2011년 11월 25일 08시,금요일,인천광역시 서구 가정동,중상사고,0,1,1,0,차대차 - 기타,안전운전불이행,건조,맑음,단일로 - 기타,승용,남,23세,상해없음,화물,남,47세,중상
2011112500100179,2011년 11월 25일 09시,금요일,인천광역시 동구 송림동,중상사고,0,3,0,0,차대차 - 기타,신호위반,건조,맑음,교차로 - 교차로안,승용,남,58세,중상,화물,남,29세,중상
2011112500100180,2011년 11월 25일 09시,금요일,인천광역시 연수구 선학동,경상사고,0,0,2,0,차대차 - 기타,안전운전불이행,건조,맑음,단일로 - 기타,승용,남,23세,상해없음,승합,남,62세,경상
2011112500100210,2011년 11월 25일 10시,금요일,인천광역시 부평구 청천동,경상사고,0,0,1,0,차대차 - 측면직각충돌,안전거리미확보,건조,맑음,단일로 - 기타,승합,남,49세,상해없음,이륜,남,24세,경상
2011112500100211,2011년 11월 25일 10시,금요일,인천광역시 남동구 만수동,중상사고,0,1,0,0,차대사람 - 횡단중,안전운전불이행,건조,맑음,단일로 - 기타,화물,남,42세,상해없음,보행자,여,84세,중상
2011112500100265,2011년 11월 25일 12시,금요일,인천광역시 남동구 남촌동,중상사고,0,1,0,0,차대차 - 측면직각충돌,안전운전불이행,건조,맑음,교차로 - 교차로부근,화물,남,48세,상해없음,승용,남,59세,중상
2011112500100266,2011년 11월 25일 12시,금요일,인천광역시 서구 신현동,사망사고,1,0,0,0,차대차 - 정면충돌,안전운전불이행,건조,맑음,교차로 - 교차로안,승용,남,32세,상해없음,승용,남,73세,사망
2011112500100267,2011년 11월 25일 12시,금요일,인천광역시 계양구 계산동,경상사고,0,0,1,0,차대차 - 기타,안전운전불이행,건조,맑음,단일로 - 기타,승용,남,46세,상해없음,자전거,여,33세,경상
2011112500100268,2011년 11월 25일 12시,금요일,인천광역시 부평구 삼산동,경상사고,0,0,2,0,차대차 - 기타,안전운전불이행,건조,맑음,교차로 - 교차로부근,화물,남,49세,상해없음,승용,남,37세,경상
2011112500100291,2011년 11월 25일 13시,금요일,인천광역시 남동구 장수동,경상사고,0,0,2,0,차대차 - 측면직각충돌,안전운전불이행,건조,맑음,단일로 - 기타,승합,남,52세,상해없음,승용,여,59세,경상
2011112500100292,2011년 11월 25일 13시,금요일,인천광역시 서구 가좌동,경상사고,0,0,2,0,차대차 - 측면직각충돌,직진우회전진행방해,건조,맑음,교차로 - 교차로안,이륜,남,46세,경상,승용,남,41세,경상
2011112500100317,2011년 11월 25일 14시,금요일,인천광역시 부평구 부평동,경상사고,0,0,1,0,차대차 - 측면직각충돌,안전운전불이행,건조,맑음,단일로 - 횡단보도상,승용,여,38세,상해없음,자전거,남,62세,경상
2011112500100355,2011년 11월 25일 15시,금요일,인천광역시 서구 연희동,중상사고,0,1,1,0,차대차 - 측면직각충돌,신호위반,건조,맑음,단일로 - 기타,이륜,남,17세,중상,승용,여,42세,경상
2011112500100444,2011년 11월 25일 17시,금요일,인천광역시 남구 도화동,중상사고,0,1,0,0,차대사람 - 횡단중,중앙선침범,건조,맑음,단일로 - 횡단보도부근,화물,남,43세,상해없음,보행자,남,9세,중상
2011112500100445,2011년 11월 25일 17시,금요일,인천광역시 남구 주안동,경상사고,0,0,1,0,차대차 - 기타,교차로운행방법위반,건조,맑음,교차로 - 교차로부근,승용,남,42세,상해없음,승용,남,57세,상해없음
2011112500100501,2011년 11월 25일 18시,금요일,인천광역시 계양구 계산동,경상사고,0,0,1,0,차대사람 - 기타,안전운전불이행,건조,맑음,단일로 - 기타,승용,남,35세,상해없음,보행자,남,46세,경상
2011112500100585,2011년 11월 25일 20시,금요일,인천광역시 부평구 부평동,중상사고,0,1,0,0,차대사람 - 기타,안전운전불이행,건조,맑음,단일로 - 기타,승용,남,20세,상해없음,보행자,여,63세,중상
2011112500100586,2011년 11월 25일 20시,금요일,인천광역시 남동구 장수동,경상사고,0,0,2,0,차대차 - 추돌 - 주정차중,안전운전불이행,건조,맑음,단일로 - 기타,승용,남,45세,상해없음,승용,남,54세,경상
2011112500100587,2011년 11월 25일 20시,금요일,인천광역시 남동구 만수동,경상사고,0,0,2,0,차량단독 - 기타,안전운전불이행,건조,맑음,교차로 - 교차로안,승용,남,50세,상해없음,,,,
2011112500100624,2011년 11월 25일 21시,금요일,인천광역시 남동구 간석동,중상사고,0,1,0,0,차대사람 - 횡단중,신호위반,건조,맑음,교차로 - 교차로부근,승용,남,55세,상해없음,보행자,남,57세,중상
2011112500100661,2011년 11월 25일 22시,금요일,인천광역시 남구 용현동,중상사고,0,4,0,0,차대차 - 추돌 - 진행중,안전운전불이행,건조,맑음,교차로 - 교차로부근,화물,남,37세,상해없음,승용,남,25세,중상
2011112500100662,2011년 11월 25일 22시,금요일,인천광역시 남동구 구월동,경상사고,0,0,1,0,차대차 - 기타,안전운전불이행,건조,맑음,단일로 - 기타,승용,남,49세,상해없음,승용,남,44세,경상
2011112500100663,2011년 11월 25일 22시,금요일,인천광역시 연수구 청학동,경상사고,0,0,2,0,차대차 - 측면직각충돌,교차로운행방법위반,건조,맑음,교차로 - 교차로안,승용,남,46세,상해없음,승합,남,57세,상해없음
2011112500100704,2011년 11월 25일 23시,금요일,인천광역시 남동구 간석동,중상사고,0,1,0,0,차대사람 - 길가장자리구역통행중,안전운전불이행,건조,맑음,단일로 - 기타,승용,남,25세,상해없음,보행자,여,52세,중상
2011112500100705,2011년 11월 25일 23시,금요일,인천광역시 남동구 남촌동,경상사고,0,0,5,0,차대차 - 추돌 - 주정차중,안전운전불이행,건조,맑음,단일로 - 기타,승용,남,50세,상해없음,승용,남,25세,경상
2011112500100706,2011년 11월 25일 23시,금요일,인천광역시 계양구 작전동,경상사고,0,0,1,0,차대사람 - 보도통행중,안전운전불이행,건조,맑음,단일로 - 기타,승합,남,33세,상해없음,보행자,여,39세,경상
2011112500100707,2011년 11월 25일 23시,금요일,인천광역시 연수구 옥련동,경상사고,0,0,2,0,차대차 - 추돌 - 진행중,안전운전불이행,건조,맑음,교차로 - 교차로부근,승용,여,44세,상해없음,승용,여,26세,경상
2011112600100023,2011년 11월 26일 00시,토요일,인천광역시 남구 주안동,경상사고,0,0,1,0,차대사람 - 차도통행중,안전운전불이행,건조,맑음,교차로 - 교차로안,승용,남,39세,상해없음,보행자,여,28세,경상
2011112600100112,2011년 11월 26일 04시,토요일,인천광역시 부평구 구산동,경상사고,0,0,1,0,차대차 - 측면직각충돌,안전거리미확보,건조,맑음,단일로 - 기타,승용,여,51세,상해없음,승용,남,30세,경상
2011112600100132,2011년 11월 26일 05시,토요일,인천광역시 부평구 십정동,경상사고,0,0,1,0,차대차 - 추돌 - 주정차중,안전운전불이행,건조,맑음,교차로 - 교차로부근,승용,남,27세,상해없음,승용,남,25세,경상
2011112600100148,2011년 11월 26일 06시,토요일,인천광역시 부평구 청천동,부상신고사고,0,0,0,1,차대차 - 기타,안전운전불이행,건조,맑음,기타 - 기타,기타불명,기타불명,기타불명,기타불명,자전거,남,56세,부상신고
2011112600100149,2011년 11월 26일 06시,토요일,인천광역시 서구 당하동,경상사고,0,0,1,0,차대차 - 기타,교차로운행방법위반,건조,맑음,교차로 - 교차로부근,승용,남,70세,상해없음,승합,남,36세,상해없음
2011112600100150,2011년 11월 26일 06시,토요일,인천광역시 연수구 선학동,경상사고,0,0,2,0,차대차 - 측면직각충돌,안전운전불이행,건조,맑음,교차로 - 교차로부근,승합,남,48세,상해없음,승용,남,58세,경상
2011112600100164,2011년 11월 26일 07시,토요일,인천광역시 부평구 갈산동,중상사고,0,1,2,0,차대차 - 정면충돌,신호위반,건조,맑음,교차로 - 교차로안,승용,여,46세,중상,승용,남,48세,경상
2011112600100275,2011년 11월 26일 12시,토요일,인천광역시 남구 주안동,경상사고,0,0,2,0,차대차 - 추돌 - 진행중,안전운전불이행,건조,맑음,교차로 - 교차로부근,승용,여,21세,상해없음,승용,남,69세,경상
2011112600100314,2011년 11월 26일 13시,토요일,인천광역시 남동구 도림동,경상사고,0,0,1,0,차대차 - 기타,안전운전불이행,건조,맑음,단일로 - 횡단보도상,승용,남,43세,상해없음,자전거,남,47세,경상
2011112600100343,2011년 11월 26일 14시,토요일,인천광역시 남동구 구월동,중상사고,0,1,3,0,차대차 - 추돌 - 진행중,안전운전불이행,건조,맑음,교차로 - 교차로부근,승용,남,45세,상해없음,승용,남,43세,경상
2011112600100344,2011년 11월 26일 14시,토요일,인천광역시 남동구 고잔동,중상사고,0,1,0,0,차대차 - 기타,신호위반,건조,맑음,교차로 - 교차로안,화물,남,55세,상해없음,승용,남,52세,중상
2011112600100417,2011년 11월 26일 16시,토요일,인천광역시 옹진군 연평면,중상사고,0,2,0,0,차대차 - 정면충돌,중앙선침범,건조,맑음,단일로 - 기타,화물,남,29세,상해없음,승용,남,42세,중상
2011112600100418,2011년 11월 26일 16시,토요일,인천광역시 남구 주안동,경상사고,0,0,1,0,차대차 - 측면직각충돌,신호위반,건조,맑음,교차로 - 교차로안,화물,남,65세,상해없음,승용,남,50세,경상
2011112600100460,2011년 11월 26일 17시,토요일,인천광역시 남구 주안동,경상사고,0,0,1,0,차대차 - 측면직각충돌,기타,건조,맑음,단일로 - 기타,승합,남,63세,상해없음,원동기,남,26세,경상
2011112600100461,2011년 11월 26일 17시,토요일,인천광역시 부평구 십정동,중상사고,0,1,0,0,차대차 - 측면직각충돌,신호위반,건조,맑음,교차로 - 교차로안,화물,남,55세,상해없음,원동기,남,16세,중상
2011112600100521,2011년 11월 26일 18시,토요일,인천광역시 서구 원창동,경상사고,0,0,1,0,차대차 - 추돌 - 진행중,안전거리미확보,건조,맑음,교차로 - 교차로부근,승용,여,49세,상해없음,화물,남,55세,상해없음
2011112600100522,2011년 11월 26일 18시,토요일,인천광역시 서구 왕길동,경상사고,0,0,1,0,차대차 - 추돌 - 진행중,안전운전불이행,건조,맑음,단일로 - 기타,승용,남,47세,상해없음,이륜,남,19세,경상
2011112600100601,2011년 11월 26일 20시,토요일,인천광역시 동구 만석동,중상사고,0,1,1,0,차대차 - 추돌 - 주정차중,안전운전불이행,건조,맑음,교차로 - 교차로부근,이륜,남,15세,중상,화물,남,59세,상해없음
2011112600100602,2011년 11월 26일 20시,토요일,인천광역시 남구 용현동,경상사고,0,0,1,0,차대차 - 기타,안전거리미확보,건조,맑음,교차로 - 교차로부근,승용,여,43세,상해없음,승용,여,47세,경상
2011112600100603,2011년 11월 26일 20시,토요일,인천광역시 남동구 장수동,중상사고,0,1,0,0,차대차 - 기타,신호위반,건조,맑음,교차로 - 교차로안,승용,남,33세,상해없음,승용,여,48세,중상
2011112600100623,2011년 11월 26일 21시,토요일,인천광역시 남동구 구월동,경상사고,0,0,3,0,차대차 - 측면직각충돌,신호위반,건조,맑음,교차로 - 교차로안,승용,남,31세,상해없음,승용,남,28세,경상
2011112600100657,2011년 11월 26일 22시,토요일,인천광역시 남구 주안동,경상사고,0,0,1,0,차대차 - 측면직각충돌,안전운전불이행,건조,맑음,단일로 - 기타,승용,남,20세,상해없음,승용,남,30세,경상
2011112600100658,2011년 11월 26일 22시,토요일,인천광역시 남구 주안동,경상사고,0,0,1,0,차대차 - 측면직각충돌,직진우회전진행방해,건조,맑음,교차로 - 교차로안,승용,여,61세,상해없음,승용,남,36세,경상
2011112600100659,2011년 11월 26일 22시,토요일,인천광역시 연수구 동춘동,경상사고,0,0,1,0,차대차 - 추돌 - 진행중,안전운전불이행,건조,맑음,교차로 - 교차로부근,화물,남,64세,상해없음,승용,남,38세,경상
2011112600100686,2011년 11월 26일 23시,토요일,인천광역시 부평구 산곡동,부상신고사고,0,0,0,1,차대차 - 측면직각충돌,교차로운행방법위반,건조,맑음,교차로 - 교차로안,승용,남,41세,상해없음,원동기,남,18세,부상신고
2011112600100687,2011년 11월 26일 23시,토요일,인천광역시 서구 연희동,경상사고,0,0,1,0,차대차 - 추돌 - 주정차중,안전운전불이행,건조,맑음,교차로 - 교차로부근,승용,여,39세,상해없음,승용,여,35세,경상
2011112700100045,2011년 11월 27일 01시,일요일,인천광역시 계양구 임학동,경상사고,0,0,1,0,차대차 - 기타,안전운전불이행,건조,맑음,단일로 - 기타,승용,남,65세,상해없음,이륜,남,44세,경상
2011112700100062,2011년 11월 27일 02시,일요일,인천광역시 부평구 산곡동,경상사고,0,0,2,0,차대차 - 추돌 - 주정차중,안전거리미확보,건조,맑음,단일로 - 기타,승용,남,29세,상해없음,승용,남,55세,경상
2011112700100105,2011년 11월 27일 05시,일요일,인천광역시 남구 용현동,경상사고,0,0,1,0,차대사람 - 길가장자리구역통행중,안전운전불이행,건조,맑음,단일로 - 기타,승용,남,26세,상해없음,보행자,남,51세,경상
2011112700100125,2011년 11월 27일 06시,일요일,인천광역시 남구 주안동,부상신고사고,0,0,0,1,차대차 - 기타,중앙선침범,건조,맑음,단일로 - 기타,기타불명,기타불명,기타불명,기타불명,이륜,남,32세,부상신고
2011112700100148,2011년 11월 27일 08시,일요일,인천광역시 서구 신현동,중상사고,0,1,0,0,차대차 - 측면직각충돌,교차로운행방법위반,건조,흐림,교차로 - 교차로안,화물,남,43세,기타불명,승용,여,44세,중상
2011112700100184,2011년 11월 27일 10시,일요일,인천광역시 남동구 고잔동,경상사고,0,0,1,0,차대차 - 측면직각충돌,신호위반,건조,맑음,교차로 - 교차로안,화물,남,54세,상해없음,승용,남,59세,경상
2011112700100198,2011년 11월 27일 11시,일요일,인천광역시 남동구 간석동,중상사고,0,1,0,0,차대차 - 추돌 - 진행중,불법유턴,건조,맑음,단일로 - 기타,건설기계,남,60세,상해없음,승용,남,46세,중상
2011112700100219,2011년 11월 27일 12시,일요일,인천광역시 서구 가좌동,경상사고,0,0,5,0,차대차 - 측면직각충돌,안전운전불이행,건조,흐림,단일로 - 기타,승용,남,38세,상해없음,승용,남,35세,경상
2011112700100256,2011년 11월 27일 13시,일요일,인천광역시 서구 당하동,경상사고,0,0,5,0,차대차 - 기타,안전운전불이행,건조,맑음,교차로 - 교차로안,승용,남,51세,상해없음,승합,남,40세,경상
2011112700100257,2011년 11월 27일 13시,일요일,인천광역시 연수구 청학동,경상사고,0,0,2,0,차대차 - 측면직각충돌,안전운전불이행,건조,흐림,교차로 - 교차로부근,승용,남,35세,상해없음,승용,남,31세,경상
2011112700100313,2011년 11월 27일 15시,일요일,인천광역시 부평구 구산동,경상사고,0,0,1,0,차대차 - 측면직각충돌,교차로운행방법위반,건조,맑음,교차로 - 교차로안,승용,남,42세,상해없음,이륜,남,54세,경상
2011112700100347,2011년 11월 27일 16시,일요일,인천광역시 남구 주안동,경상사고,0,0,1,0,차대차 - 기타,안전거리미확보,건조,맑음,단일로 - 기타,승용,남,51세,기타불명,승용,남,43세,경상
2011112700100348,2011년 11월 27일 16시,일요일,인천광역시 남동구 논현동,중상사고,0,1,0,0,차대차 - 측면직각충돌,신호위반,건조,맑음,교차로 - 교차로안,승용,남,41세,상해없음,승용,남,53세,중상
2011112700100349,2011년 11월 27일 16시,일요일,인천광역시 계양구 계산동,중상사고,0,1,1,0,차대차 - 측면직각충돌,교차로운행방법위반,건조,맑음,교차로 - 교차로안,승용,여,29세,상해없음,원동기,남,16세,중상
2011112700100382,2011년 11월 27일 17시,일요일,인천광역시 서구 석남동,중상사고,0,1,0,0,차대차 - 기타,안전운전불이행,건조,맑음,단일로 - 기타,화물,남,45세,상해없음,이륜,남,61세,중상
2011112700100424,2011년 11월 27일 18시,일요일,인천광역시 남구 주안동,경상사고,0,0,4,0,차대차 - 기타,안전운전불이행,건조,맑음,단일로 - 기타,승용,남,47세,상해없음,승용,남,30세,경상
2011112700100425,2011년 11월 27일 18시,일요일,인천광역시 남동구 논현동,경상사고,0,0,2,0,차대차 - 측면직각충돌,중앙선침범,건조,맑음,단일로 - 기타,승용,여,32세,상해없음,승용,여,47세,경상
2011112700100426,2011년 11월 27일 18시,일요일,인천광역시 연수구 선학동,중상사고,0,1,2,0,차대차 - 추돌 - 주정차중,안전운전불이행,건조,맑음,단일로 - 기타,승용,남,36세,상해없음,승합,남,42세,경상
2011112700100457,2011년 11월 27일 19시,일요일,인천광역시 연수구 연수동,중상사고,0,1,0,0,차대차 - 추돌 - 진행중,교차로운행방법위반,습기,흐림,교차로 - 교차로부근,승용,여,47세,상해없음,이륜,남,51세,중상
2011112700100458,2011년 11월 27일 19시,일요일,인천광역시 부평구 부개동,경상사고,0,0,3,0,차대차 - 추돌 - 진행중,안전거리미확보,건조,맑음,교차로 - 교차로안,승용,남,66세,상해없음,승용,남,35세,경상
2011112700100481,2011년 11월 27일 20시,일요일,인천광역시 계양구 귤현동,경상사고,0,0,1,0,차대차 - 기타,안전운전불이행,습기,비,단일로 - 기타,승용,남,58세,상해없음,승용,여,26세,경상
2011112700100555,2011년 11월 27일 23시,일요일,인천광역시 부평구 부평동,경상사고,0,0,1,0,차대차 - 추돌 - 진행중,차로위반,건조,맑음,단일로 - 기타,승용,남,22세,기타불명,이륜,남,17세,경상
2011112800100010,2011년 11월 28일 00시,월요일,인천광역시 연수구 청학동,경상사고,0,0,1,0,차대차 - 측면직각충돌,교차로운행방법위반,건조,맑음,교차로 - 교차로안,기타불명,기타불명,기타불명,기타불명,원동기,남,37세,경상
2011112800100056,2011년 11월 28일 05시,월요일,인천광역시 부평구 청천동,경상사고,0,0,2,0,차대차 - 추돌 - 진행중,안전운전불이행,건조,맑음,단일로 - 기타,화물,남,30세,상해없음,승용,남,30세,경상
2011112800100057,2011년 11월 28일 05시,월요일,인천광역시 남동구 구월동,경상사고,0,0,1,0,차대차 - 기타,안전거리미확보,건조,맑음,교차로 - 교차로부근,승용,남,31세,상해없음,승용,남,59세,상해없음
2011112800100105,2011년 11월 28일 07시,월요일,인천광역시 중구 신생동,경상사고,0,0,1,0,차대차 - 기타,안전운전불이행,건조,맑음,단일로 - 기타,화물,남,46세,기타불명,승용,남,58세,경상
2011112800100107,2011년 11월 28일 07시,월요일,인천광역시 부평구 부개동,경상사고,0,0,1,0,차대사람 - 횡단중,신호위반,습기,비,단일로 - 횡단보도상,승용,남,32세,상해없음,보행자,여,18세,경상
2011112800100157,2011년 11월 28일 08시,월요일,인천광역시 서구 가정동,경상사고,0,0,1,0,차대차 - 측면직각충돌,교차로운행방법위반,습기,비,교차로 - 교차로안,승용,여,50세,상해없음,승용,남,41세,경상
2011112800100158,2011년 11월 28일 08시,월요일,인천광역시 서구 당하동,경상사고,0,0,1,0,차대차 - 기타,안전운전불이행,건조,맑음,단일로 - 기타,승용,남,38세,상해없음,승용,여,52세,경상
2011112800100221,2011년 11월 28일 10시,월요일,인천광역시 부평구 부평동,경상사고,0,0,1,0,차대차 - 기타,교차로운행방법위반,건조,맑음,교차로 - 교차로안,승용,여,39세,상해없음,원동기,남,26세,경상
2011112800100222,2011년 11월 28일 10시,월요일,인천광역시 서구 금곡동,중상사고,0,1,0,0,차대차 - 추돌 - 주정차중,안전거리미확보,습기,비,단일로 - 기타,승용,남,47세,상해없음,승합,남,62세,중상
2011112800100253,2011년 11월 28일 11시,월요일,인천광역시 남구 주안동,중상사고,0,1,0,0,차대차 - 추돌 - 주정차중,안전운전불이행,건조,맑음,교차로 - 교차로안,승용,남,72세,상해없음,승용,여,36세,중상
2011112800100254,2011년 11월 28일 11시,월요일,인천광역시 연수구 선학동,중상사고,0,4,1,0,차대차 - 측면직각충돌,교차로운행방법위반,습기,흐림,교차로 - 교차로부근,승용,여,49세,상해없음,승용,남,50세,중상
2011112800100274,2011년 11월 28일 12시,월요일,인천광역시 부평구 산곡동,경상사고,0,0,6,0,차대차 - 측면직각충돌,과속,습기,비,교차로 - 교차로부근,승용,남,62세,상해없음,승용,여,52세,경상
2011112800100357,2011년 11월 28일 15시,월요일,인천광역시 옹진군 영흥면,경상사고,0,0,1,0,차대차 - 추돌 - 진행중,안전운전불이행,건조,맑음,단일로 - 기타,승용,남,54세,상해없음,승용,여,38세,경상
2011112800100358,2011년 11월 28일 15시,월요일,인천광역시 계양구 작전동,경상사고,0,0,2,0,차대차 - 측면직각충돌,안전운전불이행,건조,맑음,교차로 - 교차로부근,승용,남,24세,상해없음,승합,남,50세,경상
2011112800100359,2011년 11월 28일 15시,월요일,인천광역시 부평구 부평동,경상사고,0,0,1,0,차대차 - 측면직각충돌,교차로운행방법위반,건조,맑음,교차로 - 교차로부근,승용,남,42세,상해없음,승용,여,54세,경상
2011112800100383,2011년 11월 28일 16시,월요일,인천광역시 남동구 고잔동,중상사고,0,1,1,0,차대차 - 추돌 - 주정차중,안전운전불이행,건조,맑음,단일로 - 기타,화물,남,45세,상해없음,승용,남,31세,중상
2011112800100384,2011년 11월 28일 16시,월요일,인천광역시 서구 가좌동,사망사고,1,0,2,0,차대차 - 측면직각충돌,신호위반,건조,흐림,교차로 - 교차로안,이륜,남,50세,사망,승용,남,52세,상해없음
2011112800100385,2011년 11월 28일 16시,월요일,인천광역시 계양구 계산동,중상사고,0,1,0,0,차대차 - 기타,안전운전불이행,건조,맑음,단일로 - 기타,승합,남,50세,상해없음,승용,남,28세,상해없음
2011112800100436,2011년 11월 28일 17시,월요일,인천광역시 연수구 옥련동,중상사고,0,1,0,0,차대사람 - 기타,안전운전불이행,건조,맑음,단일로 - 기타,승용,여,43세,상해없음,보행자,여,85세,중상
2011112800100437,2011년 11월 28일 17시,월요일,인천광역시 연수구 송도동,중상사고,0,1,0,0,차대사람 - 횡단중,신호위반,건조,맑음,단일로 - 횡단보도상,승용,남,59세,상해없음,보행자,여,7세,중상
2011112800100498,2011년 11월 28일 18시,월요일,인천광역시 중구 운서동,경상사고,0,0,1,0,차대차 - 측면직각충돌,안전운전불이행,습기,흐림,단일로 - 기타,승합,남,47세,상해없음,승용,남,52세,경상
2011112800100499,2011년 11월 28일 18시,월요일,인천광역시 남동구 장수동,경상사고,0,0,1,0,차대차 - 추돌 - 진행중,안전거리미확보,건조,맑음,단일로 - 기타,승용,남,46세,상해없음,승용,여,44세,경상