사고번호,사고일시,요일,시군구,사고내용,사망자수,중상자수,경상자수,부상신고자수,사고유형,법규위반,노면상태,기상상태,도로형태,가해운전자 차종,가해운전자 성별,가해운전자 연령,가해운전자 상해정도,피해운전자 차종,피해운전자 성별,피해운전자 연령,피해운전자 상해정도
2011112800100535,2011년 11월 28일 19시,월요일,인천광역시 부평구 십정동,경상사고,0,0,3,0,차대차 - 추돌 - 주정차중,안전운전불이행,건조,맑음,단일로 - 기타,승합,남,56세,상해없음,승용,남,30세,경상
2011112800100536,2011년 11월 28일 19시,월요일,인천광역시 부평구 부평동,경상사고,0,0,1,0,차대사람 - 횡단중,보행자보호의무위반,건조,맑음,단일로 - 횡단보도상,승용,남,57세,상해없음,보행자,남,21세,경상
2011112800100565,2011년 11월 28일 20시,월요일,인천광역시 부평구 산곡동,경상사고,0,0,1,0,차대차 - 측면직각충돌,안전운전불이행,건조,맑음,단일로 - 기타,승용,남,41세,상해없음,이륜,남,18세,경상
2011112800100566,2011년 11월 28일 20시,월요일,인천광역시 서구 가좌동,경상사고,0,0,1,0,차대사람 - 횡단중,보행자보호의무위반,건조,맑음,단일로 - 횡단보도상,승용,남,44세,상해없음,보행자,남,45세,경상
2011112800100657,2011년 11월 28일 23시,월요일,인천광역시 계양구 효성동,경상사고,0,0,2,0,차대차 - 기타,안전운전불이행,건조,맑음,교차로 - 교차로안,승용,남,32세,상해없음,승용,남,52세,경상
2011112800100658,2011년 11월 28일 23시,월요일,인천광역시 연수구 옥련동,중상사고,0,1,0,0,차대사람 - 기타,불법유턴,건조,맑음,교차로 - 교차로부근,승용,남,35세,기타불명,보행자,남,41세,중상
2011112900100014,2011년 11월 29일 00시,화요일,인천광역시 남구 용현동,경상사고,0,0,1,0,차대사람 - 기타,안전운전불이행,건조,맑음,단일로 - 기타,승용,남,24세,상해없음,보행자,남,31세,경상
2011112900100015,2011년 11월 29일 00시,화요일,인천광역시 서구 가좌동,경상사고,0,0,1,0,차대사람 - 기타,안전운전불이행,건조,맑음,단일로 - 기타,이륜,남,18세,상해없음,보행자,남,40세,경상
2011112900100016,2011년 11월 29일 00시,화요일,인천광역시 남동구 운연동,경상사고,0,0,1,0,차대차 - 추돌 - 진행중,기타,건조,맑음,단일로 - 교량,승용,남,43세,상해없음,승용,남,52세,경상
2011112900100032,2011년 11월 29일 01시,화요일,인천광역시 연수구 연수동,사망사고,1,1,0,0,차대차 - 측면직각충돌,신호위반,건조,맑음,교차로 - 교차로안,승용,남,31세,상해없음,원동기,남,17세,사망
2011112900100077,2011년 11월 29일 05시,화요일,인천광역시 서구 검암동,중상사고,0,1,2,0,차대차 - 기타,신호위반,건조,맑음,교차로 - 교차로안,승용,남,31세,경상,승용,남,46세,중상
2011112900100078,2011년 11월 29일 05시,화요일,인천광역시 부평구 삼산동,경상사고,0,0,2,0,차대차 - 추돌 - 진행중,안전운전불이행,건조,맑음,단일로 - 교량,화물,남,37세,상해없음,승용,남,53세,경상
2011112900100104,2011년 11월 29일 06시,화요일,인천광역시 부평구 부평동,경상사고,0,0,5,0,차대차 - 측면직각충돌,안전운전불이행,건조,맑음,교차로 - 교차로부근,승용,남,70세,상해없음,승용,남,28세,경상
2011112900100126,2011년 11월 29일 07시,화요일,인천광역시 서구 시천동,경상사고,0,0,1,0,차대차 - 측면직각충돌,안전운전불이행,건조,맑음,단일로 - 기타,승용,남,53세,상해없음,승용,남,37세,상해없음
2011112900100163,2011년 11월 29일 08시,화요일,인천광역시 동구 송현동,경상사고,0,0,3,0,차대차 - 추돌 - 진행중,안전거리미확보,건조,맑음,교차로 - 교차로부근,승합,남,46세,상해없음,승용,남,49세,상해없음
2011112900100164,2011년 11월 29일 08시,화요일,인천광역시 남구 도화동,경상사고,0,0,1,0,차대사람 - 횡단중,신호위반,건조,맑음,단일로 - 횡단보도상,기타불명,기타불명,기타불명,기타불명,보행자,남,13세,경상
2011112900100185,2011년 11월 29일 09시,화요일,인천광역시 남구 숭의동,사망사고,1,0,0,0,차대차 - 기타,신호위반,건조,흐림,교차로 - 교차로부근,화물,남,55세,상해없음,자전거,남,86세,사망
2011112900100213,2011년 11월 29일 10시,화요일,인천광역시 남구 관교동,중상사고,0,1,1,0,차대차 - 기타,안전운전불이행,건조,맑음,교차로 - 교차로안,승용,남,58세,상해없음,승용,남,56세,경상
2011112900100240,2011년 11월 29일 11시,화요일,인천광역시 남구 주안동,경상사고,0,0,1,0,차대사람 - 기타,중앙선침범,건조,맑음,기타 - 기타,승용,남,66세,상해없음,보행자,여,70세,경상
2011112900100241,2011년 11월 29일 11시,화요일,인천광역시 남동구 간석동,중상사고,0,1,0,0,차대차 - 측면직각충돌,신호위반,건조,맑음,교차로 - 교차로안,승용,남,47세,상해없음,원동기,남,53세,중상
2011112900100265,2011년 11월 29일 12시,화요일,인천광역시 남동구 간석동,경상사고,0,0,1,0,차대사람 - 기타,안전운전불이행,건조,맑음,단일로 - 기타,승용,여,53세,상해없음,보행자,여,40세,경상
2011112900100266,2011년 11월 29일 12시,화요일,인천광역시 부평구 부개동,경상사고,0,0,1,0,차대차 - 측면직각충돌,안전운전불이행,건조,맑음,교차로 - 교차로부근,이륜,남,22세,상해없음,이륜,남,20세,경상
2011112900100293,2011년 11월 29일 13시,화요일,인천광역시 남구 숭의동,경상사고,0,0,1,0,차대사람 - 기타,안전운전불이행,건조,맑음,단일로 - 기타,승합,남,63세,상해없음,보행자,여,37세,경상
2011112900100322,2011년 11월 29일 14시,화요일,인천광역시 남동구 구월동,사망사고,1,0,0,0,차량단독 - 공작물충돌,안전운전불이행,건조,흐림,교차로 - 교차로안,이륜,남,69세,사망,,,,
2011112900100323,2011년 11월 29일 14시,화요일,인천광역시 부평구 부개동,중상사고,0,1,5,0,차대차 - 추돌 - 주정차중,안전운전불이행,건조,맑음,단일로 - 횡단보도부근,승용,남,48세,상해없음,승용,여,36세,중상
2011112900100449,2011년 11월 29일 17시,화요일,인천광역시 남동구 구월동,중상사고,0,1,0,0,차대차 - 기타,안전운전불이행,건조,맑음,단일로 - 기타,기타불명,기타불명,기타불명,기타불명,승용,여,35세,중상
2011112900100450,2011년 11월 29일 17시,화요일,인천광역시 계양구 계산동,경상사고,0,0,1,0,차대차 - 측면직각충돌,안전운전불이행,습기,흐림,단일로 - 횡단보도상,승용,남,43세,상해없음,자전거,남,12세,경상
2011112900100451,2011년 11월 29일 17시,화요일,인천광역시 계양구 작전동,중상사고,0,1,0,0,차대차 - 측면직각충돌,안전운전불이행,건조,맑음,단일로 - 기타,원동기,남,18세,상해없음,자전거,남,49세,중상
2011112900100516,2011년 11월 29일 18시,화요일,인천광역시 남동구 고잔동,경상사고,0,0,1,0,차대사람 - 차도통행중,안전운전불이행,건조,맑음,교차로 - 교차로부근,승용,여,35세,상해없음,보행자,여,31세,경상
2011112900100549,2011년 11월 29일 19시,화요일,인천광역시 서구 석남동,경상사고,0,0,1,0,차대차 - 추돌 - 진행중,안전운전불이행,습기,비,단일로 - 기타,승용,남,42세,상해없음,원동기,남,33세,경상
2011112900100550,2011년 11월 29일 19시,화요일,인천광역시 강화군 하점면,부상신고사고,0,0,0,1,차량단독 - 전도전복,안전운전불이행,건조,맑음,단일로 - 기타,화물,남,58세,부상신고,,,,
2011112900100584,2011년 11월 29일 20시,화요일,인천광역시 서구 경서동,중상사고,0,1,0,0,차대사람 - 횡단중,신호위반,건조,흐림,단일로 - 횡단보도상,승용,여,36세,상해없음,보행자,남,60세,중상
2011112900100622,2011년 11월 29일 21시,화요일,인천광역시 남구 주안동,경상사고,0,0,1,0,차대차 - 기타,안전거리미확보,건조,맑음,단일로 - 기타,승용,여,45세,상해없음,승용,남,23세,경상
2011112900100623,2011년 11월 29일 21시,화요일,인천광역시 서구 석남동,중상사고,0,3,2,0,차대차 - 정면충돌,중앙선침범,건조,맑음,단일로 - 기타,승용,남,26세,상해없음,승용,남,46세,중상
2011112900100646,2011년 11월 29일 22시,화요일,인천광역시 서구 마전동,경상사고,0,0,1,0,차대사람 - 길가장자리구역통행중,안전운전불이행,건조,맑음,단일로 - 기타,승용,남,40세,상해없음,보행자,남,33세,경상
2011112900100679,2011년 11월 29일 23시,화요일,인천광역시 연수구 송도동,경상사고,0,0,2,0,차대차 - 기타,교차로운행방법위반,건조,맑음,교차로 - 교차로안,승용,남,38세,상해없음,승용,남,35세,경상
2011113000100020,2011년 11월 30일 00시,수요일,인천광역시 중구 경동,경상사고,0,0,2,0,차대차 - 추돌 - 주정차중,안전운전불이행,습기,비,교차로 - 교차로안,승용,여,21세,상해없음,승용,남,58세,경상
2011113000100021,2011년 11월 30일 00시,수요일,인천광역시 남동구 도림동,중상사고,0,1,0,0,차대차 - 추돌 - 진행중,안전운전불이행,습기,비,교차로 - 교차로부근,승용,남,32세,상해없음,이륜,남,17세,중상
2011113000100022,2011년 11월 30일 00시,수요일,인천광역시 부평구 부평동,경상사고,0,0,1,0,차대차 - 추돌 - 주정차중,안전운전불이행,습기,비,교차로 - 교차로부근,승용,남,58세,상해없음,승합,남,48세,경상
2011113000100050,2011년 11월 30일 01시,수요일,인천광역시 서구 석남동,경상사고,0,0,1,0,차대차 - 추돌 - 진행중,중앙선침범,건조,맑음,교차로 - 교차로안,승용,남,30세,상해없음,승용,남,60세,경상
2011113000100051,2011년 11월 30일 01시,수요일,인천광역시 연수구 옥련동,중상사고,0,2,1,0,차대차 - 추돌 - 주정차중,안전운전불이행,습기,맑음,교차로 - 교차로부근,화물,남,28세,상해없음,승용,남,27세,중상
2011113000100052,2011년 11월 30일 01시,수요일,인천광역시 부평구 삼산동,중상사고,0,1,2,0,차대차 - 측면직각충돌,신호위반,습기,비,교차로 - 교차로안,승용,남,22세,상해없음,승용,남,52세,중상
2011113000100074,2011년 11월 30일 02시,수요일,인천광역시 남동구 만수동,중상사고,0,1,0,0,차대사람 - 횡단중,안전운전불이행,습기,비,교차로 - 교차로부근,승용,남,35세,상해없음,보행자,여,52세,중상
2011113000100089,2011년 11월 30일 03시,수요일,인천광역시 부평구 구산동,경상사고,0,0,1,0,차대차 - 추돌 - 주정차중,안전운전불이행,건조,맑음,단일로 - 기타,승용,남,24세,상해없음,승용,남,44세,경상
2011113000100090,2011년 11월 30일 03시,수요일,인천광역시 부평구 삼산동,경상사고,0,0,1,0,차대차 - 추돌 - 주정차중,안전운전불이행,습기,비,단일로 - 기타,승용,남,55세,상해없음,승용,남,50세,경상
2011113000100105,2011년 11월 30일 04시,수요일,인천광역시 남구 주안동,경상사고,0,0,3,0,차대차 - 기타,중앙선침범,습기,비,단일로 - 기타,승용,남,32세,상해없음,승용,남,28세,경상
2011113000100106,2011년 11월 30일 04시,수요일,인천광역시 부평구 산곡동,경상사고,0,0,2,0,차대차 - 추돌 - 진행중,안전운전불이행,건조,맑음,교차로 - 교차로부근,승용,남,40세,상해없음,승용,남,30세,경상
2011113000100107,2011년 11월 30일 04시,수요일,인천광역시 서구 마전동,중상사고,0,2,0,0,차량단독 - 공작물충돌,안전운전불이행,습기,비,단일로 - 기타,승용,남,39세,상해없음,,,,
2011113000100148,2011년 11월 30일 06시,수요일,인천광역시 동구 송현동,사망사고,1,0,0,0,차대사람 - 횡단중,신호위반,습기,비,교차로 - 교차로안,승용,남,38세,상해없음,보행자,여,56세,사망
2011113000100150,2011년 11월 30일 06시,수요일,인천광역시 연수구 옥련동,경상사고,0,0,2,0,차대차 - 기타,안전운전불이행,습기,비,단일로 - 기타,승용,남,40세,상해없음,승용,남,43세,경상
2011113000100183,2011년 11월 30일 07시,수요일,인천광역시 옹진군 백령면,중상사고,0,1,0,0,차대사람 - 기타,안전운전불이행,습기,비,단일로 - 기타,화물,남,57세,상해없음,보행자,남,64세,중상
2011113000100227,2011년 11월 30일 08시,수요일,인천광역시 부평구 부평동,중상사고,0,1,0,0,차량단독 - 기타,안전운전불이행,건조,맑음,단일로 - 기타,승합,남,42세,상해없음,,,,
2011113000100255,2011년 11월 30일 09시,수요일,인천광역시 부평구 부평동,중상사고,0,1,3,0,차대차 - 추돌 - 주정차중,안전운전불이행,습기,비,단일로 - 기타,승합,여,41세,상해없음,승합,남,49세,상해없음
2011113000100277,2011년 11월 30일 10시,수요일,인천광역시 중구 신흥동3가,중상사고,0,1,0,0,차대차 - 측면직각충돌,안전운전불이행,습기,비,단일로 - 기타,특수,남,50세,상해없음,승용,여,38세,중상
2011113000100278,2011년 11월 30일 10시,수요일,인천광역시 남구 주안동,경상사고,0,0,3,0,차대차 - 측면직각충돌,신호위반,습기,비,교차로 - 교차로안,승용,여,43세,상해없음,승합,남,48세,경상
2011113000100305,2011년 11월 30일 11시,수요일,인천광역시 부평구 삼산동,경상사고,0,0,2,0,차대차 - 측면직각충돌,안전운전불이행,건조,맑음,단일로 - 기타,승용,여,41세,상해없음,승용,남,30세,경상
2011113000100323,2011년 11월 30일 12시,수요일,인천광역시 계양구 박촌동,경상사고,0,0,2,0,차대차 - 기타,안전운전불이행,습기,비,교차로 - 교차로부근,화물,남,40세,상해없음,승용,남,61세,경상
2011113000100352,2011년 11월 30일 13시,수요일,인천광역시 부평구 부평동,중상사고,0,2,0,0,차대차 - 추돌 - 진행중,안전거리미확보,습기,비,교차로 - 교차로부근,승용,남,31세,상해없음,승용,여,60세,중상
2011113000100420,2011년 11월 30일 15시,수요일,인천광역시 남동구 만수동,중상사고,0,1,1,0,차대차 - 추돌 - 주정차중,안전거리미확보,습기,비,단일로 - 기타,화물,남,34세,상해없음,승용,남,60세,중상
2011113000100456,2011년 11월 30일 16시,수요일,인천광역시 남동구 고잔동,중상사고,0,1,0,0,차대차 - 측면직각충돌,교차로운행방법위반,건조,맑음,교차로 - 교차로안,승용,남,46세,상해없음,화물,남,32세,중상
2011113000100529,2011년 11월 30일 17시,수요일,인천광역시 중구 신흥동3가,부상신고사고,0,0,0,1,차대차 - 추돌 - 주정차중,안전운전불이행,건조,맑음,기타 - 기타,승용,여,29세,상해없음,화물,남,33세,기타불명
2011113000100530,2011년 11월 30일 17시,수요일,인천광역시 부평구 산곡동,경상사고,0,0,1,0,차대차 - 측면직각충돌,신호위반,습기,비,교차로 - 교차로안,승용,남,54세,상해없음,승용,남,55세,경상
2011113000100617,2011년 11월 30일 18시,수요일,인천광역시 남구 용현동,경상사고,0,0,2,0,차대차 - 기타,안전운전불이행,건조,맑음,기타 - 기타,승용,남,60세,상해없음,화물,남,57세,경상
2011113000100691,2011년 11월 30일 19시,수요일,인천광역시 서구 석남동,경상사고,0,0,1,0,차량단독 - 공작물충돌,안전운전불이행,건조,맑음,단일로 - 터널,승용,남,30세,경상,,,,
2011113000100692,2011년 11월 30일 19시,수요일,인천광역시 부평구 작전동,중상사고,0,2,2,0,차대차 - 기타,안전거리미확보,습기,흐림,단일로 - 기타,화물,남,50세,상해없음,화물,남,37세,중상
2011113000100741,2011년 11월 30일 20시,수요일,인천광역시 부평구 부평동,중상사고,0,1,0,0,차대차 - 측면직각충돌,안전거리미확보,습기,비,단일로 - 기타,승용,남,22세,상해없음,이륜,남,25세,중상
2011113000100742,2011년 11월 30일 20시,수요일,인천광역시 남동구 만수동,경상사고,0,0,3,0,차대차 - 추돌 - 주정차중,안전거리미확보,건조,맑음,교차로 - 교차로부근,승용,남,23세,경상,승용,여,21세,상해없음
2011113000100743,2011년 11월 30일 20시,수요일,인천광역시 서구 가좌동,중상사고,0,2,0,0,차대차 - 측면직각충돌,안전운전불이행,건조,맑음,교차로 - 교차로안,승용,남,31세,상해없음,승용,남,24세,중상
2011113000100744,2011년 11월 30일 20시,수요일,인천광역시 서구 마전동,중상사고,0,1,0,0,차대차 - 기타,신호위반,건조,맑음,교차로 - 교차로안,승용,남,36세,상해없음,이륜,남,45세,중상
2011113000100745,2011년 11월 30일 20시,수요일,인천광역시 계양구 용종동,경상사고,0,0,1,0,차대차 - 측면직각충돌,안전거리미확보,건조,맑음,단일로 - 기타,승용,남,54세,상해없음,승용,남,41세,경상
2011113000100746,2011년 11월 30일 20시,수요일,인천광역시 연수구 선학동,경상사고,0,0,1,0,차대사람 - 기타,안전운전불이행,건조,맑음,단일로 - 기타,기타불명,기타불명,기타불명,기타불명,보행자,남,34세,경상
2011113000100800,2011년 11월 30일 21시,수요일,인천광역시 남구 주안동,경상사고,0,0,1,0,차대사람 - 기타,안전운전불이행,습기,비,기타 - 기타,승용,남,23세,상해없음,보행자,남,54세,경상
2011113000100801,2011년 11월 30일 21시,수요일,인천광역시 계양구 작전동,중상사고,0,1,0,0,차대사람 - 횡단중,보행자보호의무위반,습기,맑음,교차로 - 교차로부근,승용,여,28세,상해없음,보행자,여,45세,중상
2011113000100857,2011년 11월 30일 22시,수요일,인천광역시 남구 학익동,경상사고,0,0,2,0,차대차 - 추돌 - 진행중,안전운전불이행,건조,맑음,단일로 - 기타,승용,남,59세,상해없음,승용,남,39세,경상
2011113000100858,2011년 11월 30일 22시,수요일,인천광역시 서구 왕길동,경상사고,0,0,1,0,차대사람 - 기타,안전운전불이행,건조,맑음,단일로 - 기타,승용,남,27세,상해없음,보행자,남,17세,경상
2011113000100859,2011년 11월 30일 22시,수요일,인천광역시 계양구 계산동,경상사고,0,0,2,0,차대차 - 추돌 - 주정차중,안전운전불이행,건조,맑음,단일로 - 횡단보도부근,승용,남,24세,상해없음,승용,남,53세,경상
2011113000100860,2011년 11월 30일 22시,수요일,인천광역시 부평구 삼산동,중상사고,0,1,0,0,차대차 - 기타,안전운전불이행,건조,흐림,단일로 - 기타,화물,남,30세,상해없음,자전거,남,21세,중상
2011113000100914,2011년 11월 30일 23시,수요일,인천광역시 남동구 구월동,경상사고,0,0,2,0,차대차 - 측면직각충돌,안전운전불이행,건조,맑음,단일로 - 기타,승용,남,42세,상해없음,승용,남,48세,경상
2011120100100075,2011년 12월 1일 02시,목요일,인천광역시 연수구 연수동,경상사고,0,0,2,0,차대차 - 측면직각충돌,교차로운행방법위반,건조,맑음,단일로 - 기타,화물,남,43세,경상,승용,남,60세,경상
2011120100100113,2011년 12월 1일 05시,목요일,인천광역시 부평구 구산동,경상사고,0,0,2,0,차대차 - 측면직각충돌,교차로운행방법위반,건조,맑음,교차로 - 교차로부근,승용,여,28세,상해없음,승용,남,46세,경상
2011120100100132,2011년 12월 1일 06시,목요일,인천광역시 남구 문학동,중상사고,0,1,0,0,차대차 - 추돌 - 주정차중,안전거리미확보,건조,맑음,단일로 - 기타,승용,여,42세,상해없음,승용,남,37세,중상
2011120100100133,2011년 12월 1일 06시,목요일,인천광역시 서구 심곡동,중상사고,0,1,0,0,차대사람 - 기타,안전운전불이행,건조,맑음,교차로 - 교차로안,승용,남,74세,상해없음,보행자,남,72세,중상
2011120100100134,2011년 12월 1일 06시,목요일,인천광역시 서구 석남동,경상사고,0,0,5,0,차대차 - 추돌 - 주정차중,안전운전불이행,건조,맑음,교차로 - 교차로부근,승용,남,32세,상해없음,화물,남,59세,상해없음
2011120100100135,2011년 12월 1일 06시,목요일,인천광역시 계양구 효성동,중상사고,0,1,0,0,차대사람 - 기타,안전운전불이행,건조,맑음,교차로 - 교차로부근,승용,남,52세,상해없음,보행자,남,70세,중상
2011120100100159,2011년 12월 1일 07시,목요일,인천광역시 부평구 부평동,경상사고,0,0,1,0,차대차 - 기타,교차로운행방법위반,건조,맑음,교차로 - 교차로안,승용,여,43세,상해없음,승용,여,43세,경상
2011120100100189,2011년 12월 1일 08시,목요일,인천광역시 중구 운서동,경상사고,0,0,2,0,차대차 - 측면직각충돌,교차로운행방법위반,건조,맑음,교차로 - 교차로안,승용,여,56세,상해없음,승용,남,27세,경상
2011120100100190,2011년 12월 1일 08시,목요일,인천광역시 남구 학익동,중상사고,0,1,1,0,차대사람 - 횡단중,신호위반,건조,맑음,단일로 - 기타,화물,남,33세,상해없음,보행자,여,27세,경상
2011120100100207,2011년 12월 1일 09시,목요일,인천광역시 남동구 간석동,경상사고,0,0,1,0,차대사람 - 횡단중,안전운전불이행,건조,맑음,단일로 - 횡단보도상,승용,남,53세,상해없음,보행자,여,62세,경상
2011120100100208,2011년 12월 1일 09시,목요일,인천광역시 연수구 송도동,경상사고,0,0,1,0,차대차 - 측면직각충돌,신호위반,건조,맑음,교차로 - 교차로안,승용,여,35세,상해없음,이륜,남,25세,경상
2011120100100229,2011년 12월 1일 10시,목요일,인천광역시 부평구 부평동,경상사고,0,0,1,0,차대차 - 기타,안전거리미확보,건조,맑음,기타 - 기타,승용,남,33세,상해없음,승용,남,55세,경상
2011120100100230,2011년 12월 1일 10시,목요일,인천광역시 계양구 서운동,사망사고,1,0,0,0,차대차 - 측면직각충돌,안전운전불이행,건조,맑음,교차로 - 교차로안,이륜,여,55세,사망,화물,남,24세,상해없음
2011120100100231,2011년 12월 1일 10시,목요일,인천광역시 부평구 부개동,경상사고,0,0,1,0,차대사람 - 차도통행중,안전운전불이행,건조,맑음,기타 - 기타,화물,남,40세,상해없음,보행자,남,81세,경상
2011120100100292,2011년 12월 1일 13시,목요일,인천광역시 강화군 내가면,중상사고,0,1,0,0,차대사람 - 횡단중,안전운전불이행,건조,맑음,교차로 - 교차로부근,승용,남,58세,상해없음,보행자,여,79세,중상
2011120100100308,2011년 12월 1일 14시,목요일,인천광역시 부평구 부개동,사망사고,1,0,0,0,차대사람 - 보도통행중,기타,건조,맑음,교차로 - 교차로안,화물,남,51세,상해없음,보행자,남,76세,사망
2011120100100365,2011년 12월 1일 16시,목요일,인천광역시 남동구 구월동,중상사고,0,1,2,0,차대차 - 추돌 - 주정차중,안전운전불이행,건조,맑음,단일로 - 기타,승용,남,51세,상해없음,승용,남,30세,경상
2011120100100394,2011년 12월 1일 17시,목요일,인천광역시 부평구 부평동,경상사고,0,0,1,0,차대차 - 기타,안전운전불이행,건조,맑음,단일로 - 기타,승용,여,47세,상해없음,자전거,남,83세,경상
2011120100100451,2011년 12월 1일 18시,목요일,인천광역시 부평구 부평동,경상사고,0,0,1,0,차대차 - 측면직각충돌,교차로운행방법위반,건조,맑음,교차로 - 교차로부근,승용,여,48세,상해없음,원동기,남,24세,경상
2011120100100452,2011년 12월 1일 18시,목요일,인천광역시 남동구 만수동,부상신고사고,0,0,0,1,차대차 - 기타,안전운전불이행,건조,맑음,교차로 - 교차로안,자전거,남,55세,부상신고,승합,남,41세,상해없음
2011120100100483,2011년 12월 1일 19시,목요일,인천광역시 부평구 십정동,중상사고,0,1,2,0,차대차 - 기타,안전거리미확보,건조,맑음,교차로 - 교차로부근,승용,남,69세,상해없음,승용,남,30세,경상
2011120100100520,2011년 12월 1일 20시,목요일,인천광역시 남구 용현동,중상사고,0,1,0,0,차량단독 - 기타,기타,건조,맑음,기타 - 기타,승합,남,61세,상해없음,,,,
2011120100100521,2011년 12월 1일 20시,목요일,인천광역시 남동구 만수동,경상사고,0,0,1,0,차대사람 - 차도통행중,안전운전불이행,건조,맑음,교차로 - 교차로안,승용,여,39세,상해없음,보행자,여,66세,경상
2011120100100522,2011년 12월 1일 20시,목요일,인천광역시 서구 가좌동,경상사고,0,0,3,0,차대차 - 추돌 - 진행중,신호위반,건조,맑음,교차로 - 교차로안,승용,남,37세,상해없음,승용,남,68세,경상
2011120100100550,2011년 12월 1일 21시,목요일,인천광역시 남동구 구월동,경상사고,0,0,2,0,차대차 - 정면충돌,신호위반,건조,맑음,단일로 - 기타,화물,남,47세,상해없음,원동기,남,16세,경상
2011120100100551,2011년 12월 1일 21시,목요일,인천광역시 남동구 간석동,경상사고,0,0,1,0,차대사람 - 횡단중,보행자보호의무위반,건조,맑음,교차로 - 교차로안,원동기,남,17세,상해없음,보행자,여,50세,경상
2011120100100552,2011년 12월 1일 21시,목요일,인천광역시 계양구 박촌동,중상사고,0,1,0,0,차대차 - 측면직각충돌,안전운전불이행,건조,맑음,단일로 - 기타,승용,기타불명,기타불명,기타불명,원동기,남,17세,중상
2011120100100586,2011년 12월 1일 22시,목요일,인천광역시 남구 주안동,경상사고,0,0,1,0,차대사람 - 기타,신호위반,건조,맑음,단일로 - 기타,승용,남,24세,상해없음,보행자,남,78세,경상
2011120100100587,2011년 12월 1일 22시,목요일,인천광역시 부평구 삼산동,중상사고,0,3,0,0,차대차 - 정면충돌,중앙선침범,건조,맑음,단일로 - 교량,승용,남,28세,중상,승용,남,24세,중상
2011120200100021,2011년 12월 2일 00시,금요일,인천광역시 서구 가좌동,중상사고,0,1,0,0,차대사람 - 길가장자리구역통행중,안전운전불이행,건조,맑음,단일로 - 기타,승용,남,25세,상해없음,보행자,남,50세,중상
2011120200100022,2011년 12월 2일 00시,금요일,인천광역시 부평구 삼산동,중상사고,0,1,3,0,차대차 - 추돌 - 진행중,안전거리미확보,건조,맑음,단일로 - 기타,승용,남,48세,상해없음,승용,남,57세,경상
2011120200100063,2011년 12월 2일 02시,금요일,인천광역시 계양구 효성동,중상사고,0,1,0,0,차대차 - 추돌 - 진행중,안전거리미확보,건조,맑음,단일로 - 기타,승용,남,32세,상해없음,화물,남,54세,중상
2011120200100083,2011년 12월 2일 04시,금요일,인천광역시 남동구 만수동,중상사고,0,1,0,0,차대차 - 측면직각충돌,중앙선침범,건조,맑음,단일로 - 기타,화물,남,50세,상해없음,승용,남,52세,중상
2011120200100084,2011년 12월 2일 04시,금요일,인천광역시 연수구 옥련동,경상사고,0,0,1,0,차대차 - 측면직각충돌,신호위반,건조,맑음,교차로 - 교차로안,승용,여,28세,상해없음,승합,남,45세,경상
2011120200100107,2011년 12월 2일 06시,금요일,인천광역시 서구 신현동,경상사고,0,0,5,0,차대차 - 측면직각충돌,신호위반,건조,맑음,교차로 - 교차로안,승합,남,63세,상해없음,승합,남,56세,경상
2011120200100220,2011년 12월 2일 11시,금요일,인천광역시 남구 도화동,경상사고,0,0,2,0,차대차 - 기타,안전운전불이행,건조,맑음,기타 - 기타,승용,여,36세,상해없음,승용,남,45세,상해없음
2011120200100231,2011년 12월 2일 12시,금요일,인천광역시 남동구 장수동,중상사고,0,1,1,0,차대차 - 측면직각충돌,불법유턴,건조,맑음,단일로 - 기타,승용,남,40세,상해없음,이륜,남,54세,중상
2011120200100256,2011년 12월 2일 13시,금요일,인천광역시 남동구 구월동,경상사고,0,0,1,0,차대차 - 추돌 - 주정차중,안전거리미확보,건조,맑음,단일로 - 기타,화물,남,42세,상해없음,승용,남,45세,경상
2011120200100305,2011년 12월 2일 15시,금요일,인천광역시 서구 마전동,중상사고,0,1,0,0,차대차 - 기타,기타,건조,맑음,단일로 - 기타,승합,남,56세,상해없음,원동기,남,73세,중상
2011120200100330,2011년 12월 2일 16시,금요일,인천광역시 강화군 길상면,경상사고,0,0,1,0,차대차 - 추돌 - 진행중,안전운전불이행,건조,맑음,단일로 - 기타,승합,남,53세,상해없음,화물,남,26세,경상
2011120200100331,2011년 12월 2일 16시,금요일,인천광역시 계양구 노오지동,경상사고,0,0,1,0,차대차 - 추돌 - 진행중,안전거리미확보,건조,맑음,단일로 - 교량,화물,남,57세,상해없음,승합,남,26세,경상
2011120200100434,2011년 12월 2일 18시,금요일,인천광역시 부평구 청천동,경상사고,0,0,2,0,차대차 - 추돌 - 주정차중,안전운전불이행,건조,맑음,교차로 - 교차로부근,승용,남,44세,상해없음,승용,남,27세,경상
2011120200100435,2011년 12월 2일 18시,금요일,인천광역시 서구 연희동,경상사고,0,0,1,0,차대사람 - 횡단중,신호위반,건조,맑음,단일로 - 횡단보도상,승용,여,38세,상해없음,보행자,여,23세,경상