사고번호,사고일시,요일,시군구,사고내용,사망자수,중상자수,경상자수,부상신고자수,사고유형,법규위반,노면상태,기상상태,도로형태,가해운전자 차종,가해운전자 성별,가해운전자 연령,가해운전자 상해정도,피해운전자 차종,피해운전자 성별,피해운전자 연령,피해운전자 상해정도
2011120200100436,2011년 12월 2일 18시,금요일,인천광역시 서구 금곡동,중상사고,0,1,0,0,차대차 - 측면직각충돌,교차로운행방법위반,건조,맑음,교차로 - 교차로안,화물,남,47세,상해없음,이륜,남,53세,중상
2011120200100437,2011년 12월 2일 18시,금요일,인천광역시 강화군 선원면,경상사고,0,0,1,0,차대차 - 정면충돌,안전운전불이행,건조,맑음,단일로 - 기타,승용,남,71세,상해없음,승용,여,39세,경상
2011120200100438,2011년 12월 2일 18시,금요일,인천광역시 연수구 연수동,중상사고,0,1,0,0,차대사람 - 횡단중,보행자보호의무위반,건조,맑음,단일로 - 횡단보도상,승용,남,51세,상해없음,보행자,여,43세,중상
2011120200100486,2011년 12월 2일 19시,금요일,인천광역시 남동구 간석동,경상사고,0,0,1,0,차대차 - 추돌 - 주정차중,불법유턴,건조,맑음,단일로 - 기타,승용,남,51세,상해없음,승용,남,44세,경상
2011120200100517,2011년 12월 2일 20시,금요일,인천광역시 부평구 청천동,부상신고사고,0,0,0,1,차대차 - 측면직각충돌,안전운전불이행,건조,맑음,교차로 - 교차로부근,승용,남,29세,상해없음,자전거,남,5세,부상신고
2011120200100560,2011년 12월 2일 21시,금요일,인천광역시 부평구 일신동,중상사고,0,1,0,0,차대차 - 추돌 - 주정차중,안전운전불이행,습기,비,단일로 - 기타,화물,남,50세,상해없음,승용,남,46세,중상
2011120200100623,2011년 12월 2일 22시,금요일,인천광역시 중구 운서동,경상사고,0,0,1,0,차대사람 - 횡단중,신호위반,건조,맑음,단일로 - 기타,특수,남,59세,상해없음,보행자,여,70세,경상
2011120200100624,2011년 12월 2일 22시,금요일,인천광역시 계양구 계산동,중상사고,0,4,6,0,차대차 - 추돌 - 주정차중,안전운전불이행,건조,맑음,단일로 - 기타,화물,남,52세,상해없음,승용,남,40세,중상
2011120200100625,2011년 12월 2일 22시,금요일,인천광역시 계양구 계산동,중상사고,0,1,0,0,차대차 - 측면직각충돌,안전운전불이행,습기,비,교차로 - 교차로안,승용,남,37세,기타불명,이륜,남,19세,중상
2011120200100626,2011년 12월 2일 22시,금요일,인천광역시 부평구 부평동,중상사고,0,1,0,0,차대차 - 기타,안전운전불이행,건조,맑음,교차로 - 교차로부근,승용,남,41세,상해없음,승용,남,46세,중상
2011120200100700,2011년 12월 2일 23시,금요일,인천광역시 남구 주안동,경상사고,0,0,2,0,차대차 - 기타,안전운전불이행,건조,맑음,교차로 - 교차로부근,승용,남,29세,상해없음,승용,여,47세,경상
2011120200100701,2011년 12월 2일 23시,금요일,인천광역시 남동구 구월동,경상사고,0,0,1,0,차대차 - 측면직각충돌,신호위반,습기,비,교차로 - 교차로안,이륜,남,16세,상해없음,이륜,남,48세,경상
2011120200100702,2011년 12월 2일 23시,금요일,인천광역시 남동구 간석동,경상사고,0,0,2,0,차대차 - 측면직각충돌,안전거리미확보,건조,맑음,단일로 - 기타,승용,남,47세,상해없음,승용,여,39세,경상
2011120200100703,2011년 12월 2일 23시,금요일,인천광역시 남동구 만수동,경상사고,0,0,3,0,차대차 - 추돌 - 주정차중,안전운전불이행,건조,맑음,교차로 - 교차로부근,승용,남,41세,상해없음,승용,남,25세,경상
2011120200100704,2011년 12월 2일 23시,금요일,인천광역시 남동구 간석동,경상사고,0,0,1,0,차대사람 - 기타,안전운전불이행,건조,맑음,단일로 - 기타,승용,남,28세,상해없음,보행자,여,23세,경상
2011120200100705,2011년 12월 2일 23시,금요일,인천광역시 연수구 동춘동,중상사고,0,2,1,0,차대차 - 정면충돌,신호위반,건조,맑음,교차로 - 교차로안,승합,남,49세,상해없음,승용,남,46세,중상
2011120200100706,2011년 12월 2일 23시,금요일,인천광역시 부평구 일신동,경상사고,0,0,2,0,차대차 - 정면충돌,안전운전불이행,습기,흐림,단일로 - 기타,승용,남,30세,상해없음,승용,남,56세,경상
2011120300100096,2011년 12월 3일 01시,토요일,인천광역시 남동구 구월동,중상사고,0,1,0,0,차대사람 - 횡단중,안전운전불이행,건조,맑음,교차로 - 교차로부근,화물,남,68세,상해없음,보행자,남,37세,중상
2011120300100127,2011년 12월 3일 02시,토요일,인천광역시 서구 공촌동,경상사고,0,0,1,0,차대차 - 기타,신호위반,습기,비,교차로 - 교차로안,승용,남,29세,상해없음,승용,남,24세,경상
2011120300100128,2011년 12월 3일 02시,토요일,인천광역시 계양구 계산동,중상사고,0,1,0,0,차대차 - 측면직각충돌,안전운전불이행,습기,비,교차로 - 교차로부근,승용,남,52세,상해없음,이륜,남,35세,중상
2011120300100163,2011년 12월 3일 03시,토요일,인천광역시 계양구 계산동,중상사고,0,1,0,0,차대차 - 측면직각충돌,신호위반,습기,비,단일로 - 기타,화물,남,44세,상해없음,승용,남,53세,기타불명
2011120300100191,2011년 12월 3일 04시,토요일,인천광역시 부평구 산곡동,경상사고,0,0,2,0,차대차 - 추돌 - 진행중,신호위반,습기,비,단일로 - 기타,승용,남,27세,상해없음,승합,남,56세,상해없음
2011120300100192,2011년 12월 3일 04시,토요일,인천광역시 부평구 부평동,경상사고,0,0,1,0,차대차 - 기타,안전운전불이행,건조,맑음,교차로 - 교차로부근,승용,남,29세,상해없음,이륜,남,23세,경상
2011120300100216,2011년 12월 3일 05시,토요일,인천광역시 남구 용현동,중상사고,0,1,0,0,차대차 - 기타,중앙선침범,건조,맑음,교차로 - 교차로부근,승용,남,25세,상해없음,승용,남,62세,중상
2011120300100244,2011년 12월 3일 06시,토요일,인천광역시 남구 용현동,사망사고,1,0,0,0,차대사람 - 횡단중,안전운전불이행,습기,비,단일로 - 횡단보도부근,승용,남,62세,상해없음,보행자,여,81세,사망
2011120300100245,2011년 12월 3일 06시,토요일,인천광역시 부평구 부평동,중상사고,0,1,0,0,차대사람 - 횡단중,신호위반,습기,비,교차로 - 교차로부근,승합,남,56세,상해없음,보행자,남,74세,중상
2011120300100270,2011년 12월 3일 07시,토요일,인천광역시 부평구 십정동,중상사고,0,2,0,1,차대차 - 정면충돌,중앙선침범,건조,맑음,단일로 - 기타,승용,남,26세,부상신고,승용,남,49세,중상
2011120300100271,2011년 12월 3일 07시,토요일,인천광역시 연수구 청학동,경상사고,0,0,4,0,차대차 - 기타,신호위반,습기,맑음,교차로 - 교차로안,화물,남,66세,상해없음,화물,남,57세,경상
2011120300100301,2011년 12월 3일 08시,토요일,인천광역시 남구 학익동,경상사고,0,0,2,0,차대차 - 측면직각충돌,신호위반,건조,맑음,교차로 - 교차로안,승용,남,37세,상해없음,화물,남,67세,경상
2011120300100302,2011년 12월 3일 08시,토요일,인천광역시 서구 석남동,중상사고,0,1,0,0,차대사람 - 횡단중,보행자보호의무위반,건조,맑음,단일로 - 횡단보도상,승합,남,41세,상해없음,보행자,남,14세,중상
2011120300100303,2011년 12월 3일 08시,토요일,인천광역시 연수구 옥련동,경상사고,0,0,1,0,차대사람 - 횡단중,보행자보호의무위반,건조,맑음,단일로 - 횡단보도상,승용,남,47세,상해없음,보행자,남,14세,경상
2011120300100323,2011년 12월 3일 09시,토요일,인천광역시 서구 석남동,사망사고,1,0,0,0,차대사람 - 차도통행중,안전운전불이행,건조,맑음,단일로 - 기타,화물,남,59세,상해없음,보행자,남,27세,사망
2011120300100359,2011년 12월 3일 11시,토요일,인천광역시 연수구 청학동,중상사고,0,1,0,0,차대사람 - 횡단중,안전운전불이행,건조,맑음,단일로 - 기타,승용,남,28세,상해없음,보행자,남,75세,중상
2011120300100360,2011년 12월 3일 11시,토요일,인천광역시 남동구 남촌동,경상사고,0,0,1,0,차대차 - 기타,안전운전불이행,건조,맑음,단일로 - 기타,승용,기타불명,기타불명,기타불명,승용,여,37세,경상
2011120300100393,2011년 12월 3일 12시,토요일,인천광역시 계양구 병방동,경상사고,0,0,1,0,차대차 - 기타,교차로운행방법위반,건조,맑음,교차로 - 교차로안,승용,여,44세,상해없음,승용,여,43세,경상
2011120300100428,2011년 12월 3일 13시,토요일,인천광역시 부평구 부평동,경상사고,0,0,4,0,차대차 - 추돌 - 주정차중,안전거리미확보,건조,맑음,교차로 - 교차로부근,승용,남,63세,상해없음,승용,남,36세,경상
2011120300100458,2011년 12월 3일 14시,토요일,인천광역시 동구 송현동,경상사고,0,0,1,0,차대차 - 기타,안전거리미확보,건조,맑음,단일로 - 기타,화물,남,45세,상해없음,승용,남,45세,경상
2011120300100460,2011년 12월 3일 14시,토요일,인천광역시 남동구 남촌동,중상사고,0,1,0,0,차대차 - 추돌 - 진행중,안전운전불이행,건조,맑음,교차로 - 교차로부근,승용,남,51세,상해없음,승용,여,52세,중상
2011120300100487,2011년 12월 3일 15시,토요일,인천광역시 남동구 논현동,경상사고,0,0,1,0,차대차 - 기타,신호위반,건조,맑음,교차로 - 교차로부근,승용,여,42세,상해없음,자전거,남,11세,경상
2011120300100514,2011년 12월 3일 16시,토요일,인천광역시 부평구 부평동,경상사고,0,0,1,0,차대사람 - 길가장자리구역통행중,안전운전불이행,건조,맑음,교차로 - 교차로부근,승용,남,29세,상해없음,보행자,여,36세,경상
2011120300100515,2011년 12월 3일 16시,토요일,인천광역시 남동구 만수동,경상사고,0,0,1,0,차대차 - 기타,안전운전불이행,건조,맑음,교차로 - 교차로부근,승용,남,48세,상해없음,원동기,남,17세,경상
2011120300100516,2011년 12월 3일 16시,토요일,인천광역시 남동구 구월동,경상사고,0,0,1,0,차대차 - 기타,안전운전불이행,건조,맑음,교차로 - 교차로안,화물,남,60세,상해없음,화물,남,38세,경상
2011120300100619,2011년 12월 3일 18시,토요일,인천광역시 남구 주안동,경상사고,0,0,3,0,차대차 - 측면직각충돌,안전운전불이행,건조,맑음,단일로 - 기타,승용,남,30세,상해없음,승용,남,29세,경상
2011120300100620,2011년 12월 3일 18시,토요일,인천광역시 연수구 동춘동,경상사고,0,0,1,0,차대사람 - 기타,안전운전불이행,건조,맑음,기타 - 기타,이륜,남,16세,상해없음,보행자,여,13세,경상
2011120300100661,2011년 12월 3일 19시,토요일,인천광역시 남구 문학동,경상사고,0,0,1,0,차대차 - 추돌 - 진행중,안전거리미확보,건조,맑음,단일로 - 기타,승용,남,39세,상해없음,승용,남,44세,상해없음
2011120300100662,2011년 12월 3일 19시,토요일,인천광역시 부평구 청천동,경상사고,0,0,1,0,차대사람 - 기타,보행자보호의무위반,건조,맑음,단일로 - 기타,승용,남,63세,상해없음,보행자,여,14세,경상
2011120300100663,2011년 12월 3일 19시,토요일,인천광역시 남동구 간석동,경상사고,0,0,1,0,차대차 - 측면직각충돌,안전운전불이행,건조,맑음,기타 - 기타,화물,남,44세,상해없음,이륜,남,20세,경상
2011120300100664,2011년 12월 3일 19시,토요일,인천광역시 서구 석남동,경상사고,0,0,1,0,차대사람 - 횡단중,안전운전불이행,건조,맑음,교차로 - 교차로부근,화물,남,37세,상해없음,보행자,남,50세,경상
2011120300100665,2011년 12월 3일 19시,토요일,인천광역시 계양구 갈현동,경상사고,0,0,2,0,차대차 - 추돌 - 주정차중,안전운전불이행,건조,맑음,교차로 - 교차로부근,화물,남,43세,상해없음,화물,남,45세,경상
2011120300100697,2011년 12월 3일 20시,토요일,인천광역시 남동구 만수동,중상사고,0,1,0,0,차대차 - 기타,신호위반,건조,맑음,교차로 - 교차로안,승합,남,40세,상해없음,이륜,남,25세,중상
2011120300100731,2011년 12월 3일 21시,토요일,인천광역시 남구 주안동,경상사고,0,0,2,0,차대차 - 측면직각충돌,신호위반,건조,맑음,교차로 - 교차로안,승합,남,66세,상해없음,승용,남,44세,경상
2011120300100732,2011년 12월 3일 21시,토요일,인천광역시 남동구 구월동,경상사고,0,0,1,0,차대차 - 측면직각충돌,안전거리미확보,건조,맑음,단일로 - 기타,승용,남,28세,상해없음,승용,남,57세,경상
2011120300100758,2011년 12월 3일 22시,토요일,인천광역시 남구 용현동,경상사고,0,0,1,0,차대차 - 측면직각충돌,안전운전불이행,건조,맑음,단일로 - 기타,승용,남,41세,상해없음,승용,남,36세,상해없음
2011120300100785,2011년 12월 3일 23시,토요일,인천광역시 서구 연희동,사망사고,1,0,0,0,차량단독 - 공작물충돌,안전운전불이행,건조,맑음,교차로 - 교차로부근,이륜,남,45세,사망,,,,
2011120300100786,2011년 12월 3일 23시,토요일,인천광역시 계양구 효성동,중상사고,0,2,4,0,차대차 - 측면직각충돌,신호위반,건조,맑음,교차로 - 교차로안,승용,남,43세,상해없음,승용,남,55세,중상
2011120300100787,2011년 12월 3일 23시,토요일,인천광역시 부평구 갈산동,경상사고,0,0,1,0,차대차 - 측면직각충돌,신호위반,건조,맑음,기타 - 기타,이륜,남,17세,상해없음,승용,여,44세,경상
2011120400100025,2011년 12월 4일 00시,일요일,인천광역시 부평구 부평동,경상사고,0,0,2,0,차대차 - 추돌 - 진행중,안전운전불이행,건조,맑음,단일로 - 기타,승용,남,50세,상해없음,승용,남,45세,경상
2011120400100060,2011년 12월 4일 01시,일요일,인천광역시 남구 용현동,경상사고,0,0,1,0,차대차 - 측면직각충돌,안전운전불이행,건조,맑음,교차로 - 교차로부근,승용,여,53세,상해없음,이륜,남,21세,경상
2011120400100061,2011년 12월 4일 01시,일요일,인천광역시 남구 숭의동,경상사고,0,0,2,0,차대차 - 측면직각충돌,기타,건조,맑음,교차로 - 교차로안,승용,남,31세,상해없음,승용,남,47세,상해없음
2011120400100062,2011년 12월 4일 01시,일요일,인천광역시 남동구 만수동,경상사고,0,0,1,0,차대차 - 추돌 - 주정차중,안전운전불이행,건조,맑음,단일로 - 기타,승용,여,42세,상해없음,화물,남,39세,경상
2011120400100082,2011년 12월 4일 03시,일요일,인천광역시 남동구 만수동,부상신고사고,0,0,0,1,차대차 - 기타,안전운전불이행,건조,맑음,단일로 - 기타,승용,남,35세,부상신고,승용,여,42세,상해없음
2011120400100083,2011년 12월 4일 03시,일요일,인천광역시 서구 석남동,중상사고,0,1,0,0,차대차 - 측면직각충돌,신호위반,건조,맑음,교차로 - 교차로안,원동기,남,17세,기타불명,원동기,남,16세,중상
2011120400100114,2011년 12월 4일 05시,일요일,인천광역시 서구 가정동,경상사고,0,0,1,0,차대사람 - 길가장자리구역통행중,안전운전불이행,건조,맑음,단일로 - 기타,승용,남,44세,상해없음,보행자,남,51세,경상
2011120400100125,2011년 12월 4일 06시,일요일,인천광역시 연수구 동춘동,중상사고,0,2,1,0,차대차 - 정면충돌,신호위반,건조,맑음,교차로 - 교차로안,승용,남,40세,중상,승용,남,62세,중상
2011120400100166,2011년 12월 4일 09시,일요일,인천광역시 남구 학익동,중상사고,0,1,0,0,차대사람 - 기타,안전운전불이행,건조,맑음,교차로 - 교차로부근,화물,남,42세,상해없음,보행자,남,56세,중상
2011120400100167,2011년 12월 4일 09시,일요일,인천광역시 남구 문학동,중상사고,0,1,0,0,차대차 - 기타,안전운전불이행,건조,맑음,교차로 - 교차로부근,기타불명,기타불명,기타불명,기타불명,이륜,남,64세,중상
2011120400100229,2011년 12월 4일 12시,일요일,인천광역시 남구 주안동,중상사고,0,1,3,0,차대차 - 추돌 - 진행중,안전운전불이행,건조,맑음,교차로 - 교차로부근,승용,남,23세,상해없음,승용,남,45세,중상
2011120400100230,2011년 12월 4일 12시,일요일,인천광역시 서구 심곡동,중상사고,0,1,1,0,차대차 - 기타,안전운전불이행,건조,맑음,교차로 - 교차로부근,승용,남,45세,상해없음,승용,남,59세,경상
2011120400100231,2011년 12월 4일 12시,일요일,인천광역시 연수구 동춘동,중상사고,0,1,0,0,차대차 - 정면충돌,중앙선침범,건조,맑음,단일로 - 교량,승용,남,25세,상해없음,이륜,남,45세,중상
2011120400100378,2011년 12월 4일 18시,일요일,인천광역시 남동구 구월동,경상사고,0,0,2,0,차대차 - 측면직각충돌,안전운전불이행,건조,맑음,교차로 - 교차로안,승용,남,28세,상해없음,승용,남,49세,경상
2011120400100379,2011년 12월 4일 18시,일요일,인천광역시 서구 석남동,중상사고,0,1,0,0,차대차 - 추돌 - 진행중,안전운전불이행,건조,맑음,단일로 - 기타,승합,남,49세,상해없음,승용,남,36세,중상
2011120400100422,2011년 12월 4일 20시,일요일,인천광역시 남동구 만수동,중상사고,0,1,1,1,차대차 - 기타,중앙선침범,건조,맑음,교차로 - 교차로부근,승용,남,25세,부상신고,승용,남,54세,경상
2011120400100469,2011년 12월 4일 22시,일요일,인천광역시 계양구 작전동,경상사고,0,0,1,0,차대사람 - 횡단중,보행자보호의무위반,건조,맑음,단일로 - 횡단보도상,승용,남,48세,상해없음,보행자,여,25세,경상
2011120400100470,2011년 12월 4일 22시,일요일,인천광역시 부평구 삼산동,중상사고,0,1,0,0,차대사람 - 기타,안전운전불이행,건조,맑음,기타 - 기타,승용,남,47세,상해없음,보행자,여,40세,중상
2011120400100488,2011년 12월 4일 23시,일요일,인천광역시 남동구 간석동,경상사고,0,0,1,0,차대차 - 측면직각충돌,안전운전불이행,건조,맑음,단일로 - 기타,승용,남,49세,상해없음,이륜,남,16세,경상
2011120500100018,2011년 12월 5일 00시,월요일,인천광역시 남구 용현동,경상사고,0,0,1,0,차대차 - 추돌 - 진행중,안전거리미확보,건조,맑음,단일로 - 기타,승용,남,27세,상해없음,승용,남,47세,경상
2011120500100028,2011년 12월 5일 01시,월요일,인천광역시 남구 주안동,경상사고,0,0,1,0,차대사람 - 기타,안전운전불이행,건조,맑음,기타 - 기타,승용,남,51세,상해없음,보행자,여,44세,경상
2011120500100029,2011년 12월 5일 01시,월요일,인천광역시 부평구 청천동,사망사고,1,0,0,0,차량단독 - 공작물충돌,안전운전불이행,건조,맑음,교차로 - 교차로부근,승용,여,20세,상해없음,,,,
2011120500100053,2011년 12월 5일 04시,월요일,인천광역시 부평구 부평동,중상사고,0,1,0,0,차대사람 - 기타,안전운전불이행,건조,맑음,단일로 - 기타,승용,남,69세,상해없음,보행자,여,53세,중상
2011120500100152,2011년 12월 5일 08시,월요일,인천광역시 남구 주안동,중상사고,0,1,0,0,차대사람 - 횡단중,신호위반,건조,맑음,교차로 - 교차로부근,승용,남,30세,상해없음,보행자,여,14세,중상
2011120500100153,2011년 12월 5일 08시,월요일,인천광역시 부평구 십정동,부상신고사고,0,0,0,2,차대차 - 기타,안전거리미확보,건조,맑음,교차로 - 교차로부근,승용,남,58세,상해없음,승용,남,58세,부상신고
2011120500100154,2011년 12월 5일 08시,월요일,인천광역시 서구 가좌동,중상사고,0,1,1,0,차대차 - 기타,안전운전불이행,건조,맑음,교차로 - 교차로부근,승용,남,58세,경상,승용,여,53세,중상
2011120500100184,2011년 12월 5일 09시,월요일,인천광역시 남동구 논현동,경상사고,0,0,1,0,차대차 - 측면직각충돌,신호위반,건조,맑음,교차로 - 교차로안,승용,여,56세,상해없음,승용,여,62세,경상
2011120500100205,2011년 12월 5일 10시,월요일,인천광역시 부평구 부개동,경상사고,0,0,1,0,차대사람 - 횡단중,안전운전불이행,건조,맑음,교차로 - 교차로안,승합,남,63세,상해없음,보행자,여,32세,경상
2011120500100232,2011년 12월 5일 11시,월요일,인천광역시 서구 심곡동,경상사고,0,0,1,0,차대차 - 추돌 - 진행중,안전운전불이행,건조,맑음,기타 - 기타,승용,남,54세,상해없음,화물,남,35세,상해없음
2011120500100277,2011년 12월 5일 13시,월요일,인천광역시 남동구 논현동,중상사고,0,1,1,0,차대차 - 기타,안전거리미확보,건조,맑음,교차로 - 교차로부근,승용,남,23세,상해없음,승용,남,30세,경상
2011120500100341,2011년 12월 5일 15시,월요일,인천광역시 중구 송월동1가,경상사고,0,0,1,1,차대차 - 측면직각충돌,교차로운행방법위반,건조,맑음,교차로 - 교차로안,승합,남,27세,상해없음,화물,남,31세,경상
2011120500100376,2011년 12월 5일 16시,월요일,인천광역시 남구 주안동,중상사고,0,2,0,0,차대차 - 기타,차로위반,건조,맑음,기타 - 기타,화물,남,21세,상해없음,승용,여,39세,중상
2011120500100377,2011년 12월 5일 16시,월요일,인천광역시 남동구 구월동,중상사고,0,1,0,0,차대사람 - 보도통행중,기타,건조,맑음,교차로 - 교차로부근,승용,남,63세,상해없음,보행자,여,77세,중상
2011120500100378,2011년 12월 5일 16시,월요일,인천광역시 남동구 만수동,경상사고,0,0,1,0,차량단독 - 기타,안전운전불이행,건조,맑음,단일로 - 기타,승합,남,48세,상해없음,,,,
2011120500100379,2011년 12월 5일 16시,월요일,인천광역시 부평구 부개동,경상사고,0,0,1,0,차대사람 - 기타,기타,건조,맑음,기타 - 기타,승용,남,36세,상해없음,보행자,여,58세,경상
2011120500100419,2011년 12월 5일 17시,월요일,인천광역시 중구 북성동2가,사망사고,1,0,0,0,차대사람 - 길가장자리구역통행중,기타,건조,맑음,단일로 - 기타,승용,남,69세,기타불명,보행자,여,81세,사망
2011120500100420,2011년 12월 5일 17시,월요일,인천광역시 동구 송림동,경상사고,0,0,3,0,차대차 - 측면직각충돌,신호위반,건조,맑음,교차로 - 교차로안,승용,남,35세,상해없음,승용,남,19세,경상
2011120500100421,2011년 12월 5일 17시,월요일,인천광역시 연수구 청학동,경상사고,0,0,1,0,차대차 - 기타,신호위반,건조,맑음,교차로 - 교차로부근,승용,여,49세,상해없음,승용,남,49세,경상
2011120500100539,2011년 12월 5일 20시,월요일,인천광역시 계양구 계산동,경상사고,0,0,1,0,차대차 - 측면직각충돌,안전거리미확보,건조,맑음,단일로 - 기타,승용,여,52세,상해없음,승합,남,42세,경상
2011120500100571,2011년 12월 5일 21시,월요일,인천광역시 서구 백석동,경상사고,0,0,1,0,차대차 - 추돌 - 진행중,안전운전불이행,건조,맑음,단일로 - 기타,승용,남,41세,상해없음,승용,남,43세,경상
2011120600100020,2011년 12월 6일 00시,화요일,인천광역시 남동구 간석동,중상사고,0,1,0,0,차대차 - 기타,안전운전불이행,건조,맑음,단일로 - 기타,승용,남,43세,상해없음,승용,남,36세,중상
2011120600100042,2011년 12월 6일 02시,화요일,인천광역시 남구 주안동,경상사고,0,0,3,0,차대차 - 기타,안전거리미확보,건조,맑음,단일로 - 기타,승용,남,23세,상해없음,승용,남,47세,상해없음
2011120600100056,2011년 12월 6일 04시,화요일,인천광역시 남동구 논현동,중상사고,0,3,0,0,차대차 - 기타,안전거리미확보,건조,맑음,교차로 - 교차로부근,기타불명,기타불명,기타불명,기타불명,승용,남,21세,중상
2011120600100057,2011년 12월 6일 04시,화요일,인천광역시 서구 심곡동,경상사고,0,0,2,0,차대차 - 기타,교차로운행방법위반,건조,맑음,교차로 - 교차로안,승용,남,53세,상해없음,승용,여,48세,경상
2011120600100114,2011년 12월 6일 07시,화요일,인천광역시 남동구 만수동,중상사고,0,1,0,0,차대사람 - 횡단중,교차로운행방법위반,건조,맑음,교차로 - 교차로안,승용,남,48세,상해없음,보행자,남,16세,중상
2011120600100115,2011년 12월 6일 07시,화요일,인천광역시 부평구 구산동,경상사고,0,0,1,0,차대사람 - 횡단중,보행자보호의무위반,건조,맑음,단일로 - 횡단보도상,이륜,남,68세,상해없음,보행자,남,35세,경상
2011120600100146,2011년 12월 6일 08시,화요일,인천광역시 남동구 구월동,경상사고,0,0,1,0,차대차 - 측면직각충돌,차로위반,건조,맑음,교차로 - 교차로부근,승용,남,27세,상해없음,승용,여,30세,경상
2011120600100171,2011년 12월 6일 09시,화요일,인천광역시 중구 운서동,경상사고,0,0,1,0,차대차 - 측면직각충돌,신호위반,건조,맑음,교차로 - 교차로안,승용,남,27세,상해없음,승용,여,49세,경상
2011120600100173,2011년 12월 6일 09시,화요일,인천광역시 서구 가좌동,경상사고,0,0,1,0,차대차 - 기타,안전운전불이행,건조,맑음,교차로 - 교차로부근,화물,남,29세,상해없음,이륜,남,54세,경상
2011120600100174,2011년 12월 6일 09시,화요일,인천광역시 계양구 효성동,중상사고,0,1,0,0,차대사람 - 기타,안전운전불이행,건조,맑음,기타 - 기타,승용,남,51세,상해없음,보행자,여,55세,중상
2011120600100224,2011년 12월 6일 11시,화요일,인천광역시 서구 가정동,경상사고,0,0,1,0,차대차 - 기타,안전운전불이행,건조,맑음,교차로 - 교차로안,특수,남,26세,상해없음,원동기,남,50세,경상
2011120600100278,2011년 12월 6일 13시,화요일,인천광역시 남구 숭의동,중상사고,0,1,0,0,차대차 - 기타,안전운전불이행,건조,맑음,단일로 - 기타,승용,여,36세,상해없음,자전거,여,62세,중상
2011120600100302,2011년 12월 6일 14시,화요일,인천광역시 부평구 청천동,경상사고,0,0,1,0,차대사람 - 기타,안전운전불이행,건조,맑음,단일로 - 기타,승용,남,62세,상해없음,보행자,여,71세,경상
2011120600100326,2011년 12월 6일 15시,화요일,인천광역시 중구 송월동1가,경상사고,0,0,2,0,차대사람 - 기타,안전운전불이행,건조,맑음,단일로 - 기타,승용,여,54세,상해없음,보행자,남,7세,경상
2011120600100327,2011년 12월 6일 15시,화요일,인천광역시 남구 주안동,경상사고,0,0,1,0,차대차 - 측면직각충돌,불법유턴,건조,맑음,단일로 - 기타,승용,여,37세,상해없음,이륜,남,32세,경상
2011120600100396,2011년 12월 6일 17시,화요일,인천광역시 서구 마전동,경상사고,0,0,1,0,차대차 - 추돌 - 주정차중,안전운전불이행,건조,맑음,교차로 - 교차로부근,승용,여,36세,상해없음,승용,남,49세,경상
2011120600100436,2011년 12월 6일 18시,화요일,인천광역시 남구 주안동,중상사고,0,1,1,0,차대차 - 추돌 - 진행중,안전운전불이행,건조,맑음,교차로 - 교차로부근,승용,남,31세,상해없음,승용,남,48세,중상
2011120600100437,2011년 12월 6일 18시,화요일,인천광역시 남동구 남촌동,중상사고,0,1,1,0,차대차 - 추돌 - 주정차중,안전운전불이행,건조,맑음,단일로 - 기타,승용,남,52세,상해없음,승용,여,39세,경상
2011120600100438,2011년 12월 6일 18시,화요일,인천광역시 연수구 송도동,중상사고,0,1,0,0,차대사람 - 횡단중,보행자보호의무위반,건조,맑음,단일로 - 횡단보도상,승용,남,65세,상해없음,보행자,남,38세,중상
2011120600100480,2011년 12월 6일 19시,화요일,인천광역시 중구 신흥동2가,경상사고,0,0,2,0,차대차 - 기타,안전운전불이행,건조,맑음,단일로 - 기타,승용,남,23세,상해없음,승용,남,47세,경상
2011120600100481,2011년 12월 6일 19시,화요일,인천광역시 남구 주안동,경상사고,0,0,1,0,차대차 - 측면직각충돌,중앙선침범,건조,맑음,단일로 - 기타,승용,남,46세,상해없음,이륜,남,17세,경상
2011120600100482,2011년 12월 6일 19시,화요일,인천광역시 부평구 부평동,경상사고,0,0,1,0,차대차 - 측면직각충돌,안전거리미확보,건조,맑음,단일로 - 기타,원동기,남,18세,상해없음,승합,남,44세,상해없음
2011120600100483,2011년 12월 6일 19시,화요일,인천광역시 남동구 구월동,경상사고,0,0,2,1,차대차 - 추돌 - 진행중,안전거리미확보,건조,맑음,단일로 - 기타,승합,남,58세,상해없음,승합,남,39세,상해없음
2011120600100484,2011년 12월 6일 19시,화요일,인천광역시 연수구 송도동,중상사고,0,1,0,0,차대차 - 측면직각충돌,안전운전불이행,건조,맑음,단일로 - 기타,승합,남,68세,상해없음,자전거,남,48세,중상
2011120600100535,2011년 12월 6일 21시,화요일,인천광역시 남구 주안동,경상사고,0,0,2,0,차대차 - 측면직각충돌,안전운전불이행,건조,맑음,교차로 - 교차로안,승용,남,65세,상해없음,이륜,남,17세,경상
2011120600100536,2011년 12월 6일 21시,화요일,인천광역시 계양구 용종동,경상사고,0,0,1,0,차대차 - 측면직각충돌,신호위반,건조,맑음,교차로 - 교차로부근,승용,남,50세,상해없음,자전거,남,17세,경상