사고번호,사고일시,요일,시군구,사고내용,사망자수,중상자수,경상자수,부상신고자수,사고유형,법규위반,노면상태,기상상태,도로형태,가해운전자 차종,가해운전자 성별,가해운전자 연령,가해운전자 상해정도,피해운전자 차종,피해운전자 성별,피해운전자 연령,피해운전자 상해정도
2011120600100537,2011년 12월 6일 21시,화요일,인천광역시 남구 학익동,부상신고사고,0,0,0,1,차대차 - 추돌 - 진행중,안전운전불이행,건조,맑음,단일로 - 기타,승용,남,34세,상해없음,화물,남,31세,부상신고
2011120600100570,2011년 12월 6일 22시,화요일,인천광역시 남구 문학동,중상사고,0,2,1,0,차대차 - 기타,안전운전불이행,건조,맑음,교차로 - 교차로부근,승용,남,39세,상해없음,승용,여,24세,중상
2011120600100571,2011년 12월 6일 22시,화요일,인천광역시 부평구 청천동,중상사고,0,1,0,0,차대사람 - 기타,안전운전불이행,건조,맑음,교차로 - 교차로부근,승용,남,32세,상해없음,보행자,남,60세,중상
2011120700100041,2011년 12월 7일 04시,수요일,인천광역시 서구 신현동,중상사고,0,1,0,0,차대차 - 추돌 - 주정차중,안전운전불이행,건조,맑음,단일로 - 기타,승용,남,46세,상해없음,승용,남,55세,중상
2011120700100053,2011년 12월 7일 05시,수요일,인천광역시 부평구 부개동,중상사고,0,1,0,0,차대차 - 추돌 - 주정차중,안전운전불이행,건조,맑음,교차로 - 교차로부근,승용,남,25세,상해없음,승용,여,43세,중상
2011120700100076,2011년 12월 7일 06시,수요일,인천광역시 남동구 간석동,경상사고,0,0,4,0,차대차 - 추돌 - 주정차중,안전운전불이행,건조,맑음,단일로 - 기타,승용,남,28세,상해없음,승용,여,45세,경상
2011120700100100,2011년 12월 7일 07시,수요일,인천광역시 부평구 구산동,경상사고,0,0,2,0,차대차 - 추돌 - 주정차중,안전운전불이행,건조,맑음,단일로 - 기타,승용,남,33세,상해없음,화물,남,45세,경상
2011120700100133,2011년 12월 7일 08시,수요일,인천광역시 남동구 구월동,경상사고,0,0,1,0,차대차 - 측면직각충돌,안전거리미확보,건조,맑음,단일로 - 기타,승용,남,69세,상해없음,승용,남,28세,경상
2011120700100134,2011년 12월 7일 08시,수요일,인천광역시 서구 가좌동,중상사고,0,1,0,0,차대차 - 기타,교차로운행방법위반,건조,맑음,교차로 - 교차로부근,승용,남,61세,상해없음,승합,남,43세,상해없음
2011120700100195,2011년 12월 7일 11시,수요일,인천광역시 계양구 동양동,경상사고,0,0,1,0,차대사람 - 기타,안전운전불이행,건조,맑음,기타 - 기타,승합,여,43세,기타불명,보행자,여,57세,경상
2011120700100218,2011년 12월 7일 12시,수요일,인천광역시 남동구 간석동,경상사고,0,0,2,0,차대차 - 측면직각충돌,안전운전불이행,건조,맑음,교차로 - 교차로안,승용,남,56세,경상,화물,남,25세,경상
2011120700100219,2011년 12월 7일 12시,수요일,인천광역시 남동구 간석동,경상사고,0,0,1,0,차대차 - 측면직각충돌,안전운전불이행,건조,흐림,교차로 - 교차로부근,승용,남,42세,상해없음,승용,남,51세,경상
2011120700100251,2011년 12월 7일 13시,수요일,인천광역시 남동구 만수동,경상사고,0,0,1,0,차대사람 - 기타,안전운전불이행,건조,맑음,단일로 - 기타,승용,남,31세,상해없음,보행자,여,34세,경상
2011120700100284,2011년 12월 7일 14시,수요일,인천광역시 남동구 구월동,중상사고,0,1,0,0,차대사람 - 횡단중,중앙선침범,건조,맑음,단일로 - 횡단보도상,승용,남,45세,상해없음,보행자,남,8세,중상
2011120700100285,2011년 12월 7일 14시,수요일,인천광역시 서구 오류동,경상사고,0,0,2,0,차대차 - 추돌 - 주정차중,안전운전불이행,건조,맑음,교차로 - 교차로부근,승용,남,43세,상해없음,승용,여,50세,경상
2011120700100312,2011년 12월 7일 15시,수요일,인천광역시 남동구 고잔동,경상사고,0,0,1,0,차대사람 - 기타,안전운전불이행,건조,맑음,단일로 - 기타,승용,남,49세,상해없음,보행자,남,25세,경상
2011120700100393,2011년 12월 7일 17시,수요일,인천광역시 부평구 산곡동,경상사고,0,0,1,0,차대차 - 추돌 - 진행중,안전운전불이행,건조,맑음,단일로 - 기타,이륜,남,19세,상해없음,승용,남,35세,상해없음
2011120700100394,2011년 12월 7일 17시,수요일,인천광역시 남동구 구월동,중상사고,0,1,0,0,차대사람 - 횡단중,보행자보호의무위반,건조,맑음,단일로 - 횡단보도상,승용,남,62세,상해없음,보행자,여,83세,중상
2011120700100446,2011년 12월 7일 18시,수요일,인천광역시 남동구 구월동,경상사고,0,0,2,0,차대차 - 측면직각충돌,기타,건조,맑음,단일로 - 기타,승용,남,28세,상해없음,승용,여,25세,경상
2011120700100480,2011년 12월 7일 19시,수요일,인천광역시 서구 가정동,경상사고,0,0,1,0,차대차 - 측면직각충돌,안전운전불이행,건조,맑음,단일로 - 기타,기타불명,기타불명,기타불명,기타불명,승용,여,24세,경상
2011120700100505,2011년 12월 7일 20시,수요일,인천광역시 부평구 부평동,경상사고,0,0,1,0,차대차 - 측면직각충돌,안전운전불이행,건조,흐림,단일로 - 기타,화물,남,59세,상해없음,승용,남,50세,경상
2011120700100529,2011년 12월 7일 21시,수요일,인천광역시 남구 학익동,중상사고,0,1,0,0,차대차 - 측면직각충돌,안전운전불이행,건조,맑음,교차로 - 교차로안,승용,남,40세,상해없음,이륜,남,37세,중상
2011120700100530,2011년 12월 7일 21시,수요일,인천광역시 남동구 구월동,경상사고,0,0,1,0,차대차 - 기타,안전운전불이행,건조,맑음,단일로 - 기타,승용,여,31세,상해없음,승용,남,56세,경상
2011120700100558,2011년 12월 7일 22시,수요일,인천광역시 남구 주안동,경상사고,0,0,1,0,차대차 - 추돌 - 주정차중,불법유턴,건조,맑음,교차로 - 교차로부근,승용,기타불명,기타불명,기타불명,승합,남,48세,경상
2011120700100559,2011년 12월 7일 22시,수요일,인천광역시 부평구 부평동,경상사고,0,0,1,0,차대사람 - 기타,안전운전불이행,건조,맑음,단일로 - 기타,승용,남,29세,상해없음,보행자,남,42세,경상
2011120700100589,2011년 12월 7일 23시,수요일,인천광역시 서구 마전동,중상사고,0,1,0,0,차량단독 - 기타,안전운전불이행,건조,맑음,교차로 - 교차로부근,승용,남,55세,상해없음,,,,
2011120800100017,2011년 12월 8일 00시,목요일,인천광역시 남구 문학동,부상신고사고,0,0,0,1,차대차 - 추돌 - 주정차중,안전운전불이행,건조,맑음,단일로 - 기타,화물,남,43세,부상신고,승용,여,35세,기타불명
2011120800100018,2011년 12월 8일 00시,목요일,인천광역시 서구 가정동,중상사고,0,1,0,0,차대차 - 추돌 - 진행중,안전운전불이행,건조,맑음,단일로 - 기타,승용,남,51세,상해없음,승용,여,46세,중상
2011120800100035,2011년 12월 8일 01시,목요일,인천광역시 남동구 논현동,중상사고,0,2,2,0,차대차 - 기타,신호위반,건조,맑음,교차로 - 교차로안,승용,남,28세,상해없음,승용,남,55세,경상
2011120800100036,2011년 12월 8일 01시,목요일,인천광역시 부평구 부평동,경상사고,0,0,1,0,차대차 - 추돌 - 주정차중,안전운전불이행,건조,맑음,교차로 - 교차로부근,승용,남,48세,상해없음,승용,남,41세,경상
2011120800100068,2011년 12월 8일 05시,목요일,인천광역시 부평구 부평동,경상사고,0,0,1,0,차대사람 - 길가장자리구역통행중,안전운전불이행,건조,맑음,단일로 - 기타,승용,남,34세,상해없음,보행자,여,45세,경상
2011120800100078,2011년 12월 8일 06시,목요일,인천광역시 중구 신흥동3가,경상사고,0,0,1,0,차대차 - 추돌 - 주정차중,안전운전불이행,건조,맑음,단일로 - 기타,승용,남,42세,상해없음,특수,남,53세,상해없음
2011120800100079,2011년 12월 8일 06시,목요일,인천광역시 서구 검암동,경상사고,0,0,2,0,차대차 - 측면직각충돌,안전거리미확보,건조,맑음,교차로 - 교차로부근,승용,남,65세,상해없음,승용,여,40세,경상
2011120800100193,2011년 12월 8일 11시,목요일,인천광역시 남구 주안동,경상사고,0,0,1,0,차대사람 - 횡단중,신호위반,건조,맑음,단일로 - 횡단보도상,승용,여,39세,상해없음,보행자,여,58세,경상
2011120800100194,2011년 12월 8일 11시,목요일,인천광역시 남동구 간석동,경상사고,0,0,1,0,차대차 - 측면직각충돌,안전거리미확보,건조,맑음,단일로 - 기타,이륜,남,74세,경상,화물,남,44세,상해없음
2011120800100220,2011년 12월 8일 12시,목요일,인천광역시 남구 주안동,경상사고,0,0,1,0,차대사람 - 기타,안전운전불이행,건조,맑음,단일로 - 기타,원동기,남,51세,상해없음,보행자,여,70세,경상
2011120800100221,2011년 12월 8일 12시,목요일,인천광역시 부평구 청천동,사망사고,1,0,0,0,차대사람 - 기타,보행자보호의무위반,건조,맑음,교차로 - 교차로안,화물,남,54세,상해없음,보행자,남,62세,사망
2011120800100222,2011년 12월 8일 12시,목요일,인천광역시 서구 검암동,중상사고,0,1,0,0,차량단독 - 기타,안전운전불이행,건조,맑음,단일로 - 기타,승합,남,42세,상해없음,,,,
2011120800100318,2011년 12월 8일 16시,목요일,인천광역시 서구 신현동,부상신고사고,0,0,0,1,차대사람 - 기타,안전운전불이행,건조,맑음,단일로 - 기타,기타불명,기타불명,기타불명,기타불명,보행자,남,8세,부상신고
2011120800100319,2011년 12월 8일 16시,목요일,인천광역시 계양구 효성동,경상사고,0,0,2,0,차대차 - 측면직각충돌,안전운전불이행,건조,맑음,기타 - 기타,승용,남,56세,상해없음,승용,여,44세,기타불명
2011120800100359,2011년 12월 8일 17시,목요일,인천광역시 남구 학익동,경상사고,0,0,2,0,차대차 - 기타,안전운전불이행,건조,맑음,교차로 - 교차로부근,승용,남,21세,상해없음,원동기,남,18세,경상
2011120800100410,2011년 12월 8일 18시,목요일,인천광역시 남구 주안동,경상사고,0,0,2,0,차대차 - 기타,안전운전불이행,건조,맑음,기타 - 기타,승용,남,49세,상해없음,승용,남,59세,경상
2011120800100411,2011년 12월 8일 18시,목요일,인천광역시 남동구 논현동,경상사고,0,0,2,0,차대차 - 기타,교차로운행방법위반,건조,맑음,교차로 - 교차로안,승용,여,57세,경상,승용,여,38세,상해없음
2011120800100412,2011년 12월 8일 18시,목요일,인천광역시 계양구 계산동,중상사고,0,1,0,0,차대사람 - 기타,안전운전불이행,건조,맑음,교차로 - 교차로부근,화물,남,45세,상해없음,보행자,여,10세,중상
2011120800100456,2011년 12월 8일 19시,목요일,인천광역시 계양구 용종동,중상사고,0,1,0,0,차대차 - 기타,안전운전불이행,건조,맑음,단일로 - 기타,승용,남,53세,상해없음,이륜,남,17세,중상
2011120800100480,2011년 12월 8일 20시,목요일,인천광역시 남구 숭의동,중상사고,0,1,0,0,차대차 - 기타,안전운전불이행,건조,맑음,교차로 - 교차로부근,승용,여,52세,상해없음,자전거,남,31세,중상
2011120800100481,2011년 12월 8일 20시,목요일,인천광역시 남구 주안동,중상사고,0,1,0,0,차대차 - 기타,안전운전불이행,건조,맑음,교차로 - 교차로안,승용,남,50세,상해없음,원동기,남,25세,중상
2011120800100482,2011년 12월 8일 20시,목요일,인천광역시 연수구 연수동,경상사고,0,0,1,0,차대차 - 측면직각충돌,안전운전불이행,건조,맑음,교차로 - 교차로부근,승용,남,55세,상해없음,승용,남,46세,상해없음
2011120800100483,2011년 12월 8일 20시,목요일,인천광역시 부평구 구산동,경상사고,0,0,1,0,차대차 - 측면직각충돌,신호위반,건조,맑음,단일로 - 기타,승용,남,38세,상해없음,승용,여,39세,경상
2011120800100513,2011년 12월 8일 21시,목요일,인천광역시 부평구 부평동,중상사고,0,1,0,0,차대사람 - 기타,안전운전불이행,건조,맑음,단일로 - 기타,승용,여,50세,상해없음,보행자,여,59세,중상
2011120800100514,2011년 12월 8일 21시,목요일,인천광역시 계양구 효성동,중상사고,0,1,0,0,차대사람 - 횡단중,보행자보호의무위반,건조,맑음,단일로 - 횡단보도상,이륜,남,17세,상해없음,보행자,남,10세,중상
2011120800100515,2011년 12월 8일 21시,목요일,인천광역시 연수구 연수동,경상사고,0,0,1,0,차대차 - 기타,안전거리미확보,건조,맑음,단일로 - 기타,승용,남,52세,상해없음,승용,남,63세,경상
2011120800100516,2011년 12월 8일 21시,목요일,인천광역시 부평구 부평동,경상사고,0,0,3,0,차대차 - 추돌 - 진행중,교차로운행방법위반,건조,맑음,기타 - 기타,승용,남,18세,상해없음,승용,여,30세,상해없음
2011120800100548,2011년 12월 8일 22시,목요일,인천광역시 계양구 용종동,경상사고,0,0,1,0,차대차 - 추돌 - 주정차중,안전운전불이행,건조,맑음,단일로 - 기타,승용,남,56세,상해없음,승용,여,37세,경상
2011120900100028,2011년 12월 9일 00시,금요일,인천광역시 부평구 청천동,중상사고,0,1,0,0,차대사람 - 기타,안전운전불이행,건조,맑음,단일로 - 횡단보도부근,승용,남,48세,상해없음,보행자,여,47세,중상
2011120900100072,2011년 12월 9일 04시,금요일,인천광역시 연수구 동춘동,경상사고,0,0,1,0,차대차 - 추돌 - 주정차중,안전운전불이행,건조,맑음,교차로 - 교차로부근,승용,남,33세,상해없음,승용,남,36세,경상
2011120900100085,2011년 12월 9일 05시,금요일,인천광역시 남구 주안동,경상사고,0,0,1,0,차대사람 - 횡단중,신호위반,건조,맑음,단일로 - 횡단보도상,승용,남,48세,상해없음,보행자,여,40세,경상
2011120900100086,2011년 12월 9일 05시,금요일,인천광역시 서구 원창동,중상사고,0,3,0,0,차대차 - 측면직각충돌,신호위반,건조,맑음,교차로 - 교차로안,승용,여,28세,상해없음,승용,남,65세,중상
2011120900100208,2011년 12월 9일 11시,금요일,인천광역시 중구 신포동,중상사고,0,1,0,0,차대사람 - 길가장자리구역통행중,안전운전불이행,건조,맑음,단일로 - 기타,승용,기타불명,기타불명,기타불명,보행자,남,63세,중상
2011120900100289,2011년 12월 9일 14시,금요일,인천광역시 중구 항동7가,중상사고,0,1,0,0,차대차 - 측면직각충돌,안전거리미확보,건조,맑음,교차로 - 교차로부근,승용,남,59세,상해없음,승용,남,36세,중상
2011120900100290,2011년 12월 9일 14시,금요일,인천광역시 남동구 만수동,경상사고,0,0,1,0,차대차 - 정면충돌,중앙선침범,건조,맑음,단일로 - 기타,승용,남,33세,상해없음,승용,남,53세,경상
2011120900100291,2011년 12월 9일 14시,금요일,인천광역시 강화군 강화읍,경상사고,0,0,1,0,차대차 - 측면직각충돌,안전운전불이행,건조,맑음,단일로 - 기타,승용,남,63세,상해없음,이륜,남,18세,경상
2011120900100322,2011년 12월 9일 15시,금요일,인천광역시 서구 마전동,경상사고,0,0,1,0,차대차 - 측면직각충돌,안전운전불이행,건조,맑음,교차로 - 교차로안,승용,여,44세,상해없음,승용,여,40세,경상
2011120900100384,2011년 12월 9일 17시,금요일,인천광역시 동구 송림동,경상사고,0,0,1,3,차대차 - 추돌 - 주정차중,안전거리미확보,건조,맑음,단일로 - 기타,승용,남,52세,상해없음,승용,남,68세,부상신고
2011120900100385,2011년 12월 9일 17시,금요일,인천광역시 부평구 산곡동,중상사고,0,1,0,0,차대차 - 측면직각충돌,안전운전불이행,건조,맑음,단일로 - 기타,승용,남,38세,상해없음,자전거,여,48세,중상
2011120900100386,2011년 12월 9일 17시,금요일,인천광역시 서구 원창동,경상사고,0,0,1,0,차대차 - 측면직각충돌,안전운전불이행,건조,맑음,단일로 - 교량,건설기계,남,53세,기타불명,승용,여,43세,경상
2011120900100451,2011년 12월 9일 18시,금요일,인천광역시 부평구 삼산동,경상사고,0,0,1,0,차대차 - 추돌 - 주정차중,안전운전불이행,건조,맑음,단일로 - 기타,승용,남,34세,상해없음,이륜,여,38세,경상
2011120900100501,2011년 12월 9일 19시,금요일,인천광역시 서구 석남동,경상사고,0,0,1,0,차대차 - 기타,안전운전불이행,건조,맑음,단일로 - 기타,이륜,남,37세,경상,승용,남,44세,상해없음
2011120900100502,2011년 12월 9일 19시,금요일,인천광역시 강화군 하점면,중상사고,0,1,0,0,차대사람 - 횡단중,안전운전불이행,건조,맑음,단일로 - 기타,승합,남,42세,상해없음,보행자,남,50세,중상
2011120900100503,2011년 12월 9일 19시,금요일,인천광역시 부평구 부평동,중상사고,0,1,0,0,차대차 - 측면직각충돌,교차로운행방법위반,건조,맑음,교차로 - 교차로안,승합,남,33세,상해없음,이륜,남,26세,중상
2011120900100535,2011년 12월 9일 20시,금요일,인천광역시 남동구 도림동,중상사고,0,1,0,0,차대차 - 기타,안전운전불이행,건조,맑음,단일로 - 기타,화물,남,54세,상해없음,화물,남,47세,중상
2011120900100618,2011년 12월 9일 22시,금요일,인천광역시 중구 을왕동,중상사고,0,1,1,0,차대차 - 정면충돌,안전운전불이행,건조,맑음,단일로 - 기타,승용,남,47세,경상,승용,여,59세,중상
2011120900100619,2011년 12월 9일 22시,금요일,인천광역시 부평구 부평동,경상사고,0,0,4,0,차대차 - 추돌 - 주정차중,안전운전불이행,건조,맑음,교차로 - 교차로부근,승용,남,30세,상해없음,승용,남,37세,경상
2011120900100620,2011년 12월 9일 22시,금요일,인천광역시 계양구 계산동,경상사고,0,0,1,0,차대사람 - 기타,안전운전불이행,건조,맑음,단일로 - 기타,승용,남,53세,상해없음,보행자,남,47세,경상
2011120900100659,2011년 12월 9일 23시,금요일,인천광역시 남구 주안동,중상사고,0,3,0,0,차대차 - 기타,안전거리미확보,건조,맑음,단일로 - 기타,승용,남,29세,상해없음,승용,여,41세,중상
2011120900100660,2011년 12월 9일 23시,금요일,인천광역시 남동구 간석동,중상사고,0,2,1,0,차대차 - 측면직각충돌,중앙선침범,건조,맑음,교차로 - 교차로부근,원동기,남,17세,중상,승용,남,51세,상해없음
2011121000100031,2011년 12월 10일 00시,토요일,인천광역시 남구 숭의동,중상사고,0,1,1,0,차대차 - 측면직각충돌,신호위반,건조,맑음,교차로 - 교차로안,승용,남,32세,상해없음,원동기,남,27세,중상
2011121000100032,2011년 12월 10일 00시,토요일,인천광역시 남동구 구월동,경상사고,0,0,2,0,차대차 - 기타,안전거리미확보,건조,맑음,단일로 - 기타,승용,남,39세,상해없음,원동기,남,17세,경상
2011121000100033,2011년 12월 10일 00시,토요일,인천광역시 서구 가좌동,경상사고,0,0,2,0,차대차 - 추돌 - 주정차중,안전운전불이행,건조,맑음,단일로 - 기타,화물,남,49세,상해없음,승용,남,59세,경상
2011121000100083,2011년 12월 10일 02시,토요일,인천광역시 남구 용현동,중상사고,0,1,0,0,차대사람 - 기타,안전운전불이행,건조,맑음,단일로 - 기타,승용,남,47세,상해없음,보행자,남,23세,중상
2011121000100111,2011년 12월 10일 03시,토요일,인천광역시 중구 운서동,중상사고,0,1,0,0,차량단독 - 공작물충돌,안전운전불이행,건조,맑음,단일로 - 기타,승용,남,20세,상해없음,,,,
2011121000100112,2011년 12월 10일 03시,토요일,인천광역시 중구 항동6가,경상사고,0,0,2,0,차대차 - 기타,안전운전불이행,건조,맑음,교차로 - 교차로부근,승합,남,53세,상해없음,승용,남,42세,경상
2011121000100113,2011년 12월 10일 03시,토요일,인천광역시 남동구 논현동,경상사고,0,0,1,0,차량단독 - 공작물충돌,안전운전불이행,건조,맑음,단일로 - 기타,화물,남,28세,경상,,,,
2011121000100134,2011년 12월 10일 04시,토요일,인천광역시 서구 검암동,중상사고,0,1,0,0,차대사람 - 기타,신호위반,건조,맑음,단일로 - 횡단보도상,이륜,남,52세,상해없음,보행자,남,33세,중상
2011121000100135,2011년 12월 10일 04시,토요일,인천광역시 부평구 부개동,경상사고,0,0,1,0,차대차 - 측면직각충돌,중앙선침범,건조,흐림,교차로 - 교차로부근,승용,남,61세,상해없음,승용,남,31세,경상
2011121000100161,2011년 12월 10일 06시,토요일,인천광역시 남구 용현동,경상사고,0,0,1,0,차대차 - 추돌 - 주정차중,안전운전불이행,건조,맑음,기타 - 기타,원동기,남,34세,기타불명,승용,남,61세,경상
2011121000100212,2011년 12월 10일 08시,토요일,인천광역시 계양구 작전동,경상사고,0,0,1,0,차대차 - 기타,안전운전불이행,건조,맑음,단일로 - 기타,승용,남,29세,상해없음,승용,남,33세,경상
2011121000100213,2011년 12월 10일 08시,토요일,인천광역시 연수구 옥련동,중상사고,0,1,1,0,차대차 - 측면직각충돌,안전운전불이행,적설,눈,단일로 - 기타,승용,남,42세,상해없음,화물,남,45세,중상
2011121000100234,2011년 12월 10일 09시,토요일,인천광역시 남동구 논현동,경상사고,0,0,4,0,차대차 - 기타,안전거리미확보,결빙,눈,단일로 - 기타,승합,남,41세,기타불명,승합,남,55세,경상
2011121000100235,2011년 12월 10일 09시,토요일,인천광역시 서구 불로동,경상사고,0,0,1,0,차대차 - 추돌 - 진행중,안전운전불이행,건조,맑음,단일로 - 기타,승용,남,31세,상해없음,승용,여,50세,경상
2011121000100291,2011년 12월 10일 11시,토요일,인천광역시 남동구 구월동,경상사고,0,0,1,0,차대차 - 기타,안전운전불이행,건조,맑음,교차로 - 교차로부근,승용,남,43세,상해없음,승용,남,37세,경상
2011121000100292,2011년 12월 10일 11시,토요일,인천광역시 계양구 작전동,경상사고,0,0,1,0,차대차 - 측면직각충돌,안전운전불이행,건조,맑음,단일로 - 기타,승용,남,45세,상해없음,승용,남,31세,기타불명
2011121000100293,2011년 12월 10일 11시,토요일,인천광역시 계양구 작전동,경상사고,0,0,2,0,차대차 - 기타,신호위반,건조,맑음,교차로 - 교차로안,승용,남,68세,상해없음,화물,남,30세,경상
2011121000100294,2011년 12월 10일 11시,토요일,인천광역시 부평구 부평동,중상사고,0,1,0,0,차대사람 - 횡단중,안전운전불이행,습기,맑음,교차로 - 교차로부근,승용,남,53세,상해없음,보행자,남,33세,중상
2011121000100355,2011년 12월 10일 13시,토요일,인천광역시 남구 주안동,경상사고,0,0,4,0,차대차 - 측면직각충돌,차로위반,건조,맑음,기타 - 기타,승용,남,28세,상해없음,승용,기타불명,53세,기타불명
2011121000100391,2011년 12월 10일 14시,토요일,인천광역시 계양구 계산동,경상사고,0,0,1,0,차대차 - 기타,안전운전불이행,건조,맑음,기타 - 기타,승용,남,53세,상해없음,승용,여,32세,경상
2011121000100430,2011년 12월 10일 15시,토요일,인천광역시 서구 당하동,경상사고,0,0,1,0,차대차 - 기타,안전운전불이행,건조,맑음,단일로 - 기타,이륜,남,18세,경상,승합,남,57세,상해없음
2011121000100469,2011년 12월 10일 16시,토요일,인천광역시 중구 북성동1가,경상사고,0,0,1,0,차대차 - 추돌 - 주정차중,불법유턴,건조,맑음,교차로 - 교차로부근,건설기계,남,45세,상해없음,승용,남,52세,경상
2011121000100520,2011년 12월 10일 17시,토요일,인천광역시 중구 운서동,경상사고,0,0,1,0,차대차 - 추돌 - 주정차중,안전운전불이행,건조,흐림,교차로 - 교차로부근,승용,여,41세,상해없음,승용,여,48세,경상
2011121000100521,2011년 12월 10일 17시,토요일,인천광역시 남구 주안동,경상사고,0,0,1,0,차대사람 - 기타,안전운전불이행,건조,맑음,단일로 - 기타,승용,남,50세,상해없음,보행자,남,52세,경상
2011121000100522,2011년 12월 10일 17시,토요일,인천광역시 남동구 논현동,중상사고,0,2,1,0,차대차 - 측면직각충돌,안전운전불이행,결빙,맑음,단일로 - 기타,화물,남,42세,경상,승용,남,24세,중상
2011121000100572,2011년 12월 10일 18시,토요일,인천광역시 남구 숭의동,경상사고,0,0,1,0,차대차 - 기타,안전거리미확보,건조,맑음,단일로 - 기타,화물,남,63세,상해없음,이륜,남,19세,경상
2011121000100621,2011년 12월 10일 19시,토요일,인천광역시 남구 주안동,부상신고사고,0,0,0,1,차대차 - 기타,안전거리미확보,건조,맑음,단일로 - 기타,기타불명,기타불명,기타불명,기타불명,원동기,남,21세,부상신고
2011121000100655,2011년 12월 10일 20시,토요일,인천광역시 서구 가좌동,경상사고,0,0,1,0,차대사람 - 기타,안전운전불이행,건조,맑음,기타 - 기타,승합,기타불명,기타불명,기타불명,보행자,남,64세,경상
2011121000100656,2011년 12월 10일 20시,토요일,인천광역시 연수구 옥련동,경상사고,0,0,2,0,차대차 - 기타,안전운전불이행,건조,맑음,기타 - 기타,승용,여,49세,상해없음,승용,남,38세,상해없음
2011121000100657,2011년 12월 10일 20시,토요일,인천광역시 부평구 삼산동,중상사고,0,1,0,0,차대차 - 측면직각충돌,안전거리미확보,건조,맑음,교차로 - 교차로부근,승용,남,55세,상해없음,이륜,남,15세,중상
2011121000100689,2011년 12월 10일 21시,토요일,인천광역시 중구 신포동,경상사고,0,0,3,0,차대차 - 추돌 - 진행중,안전운전불이행,건조,맑음,단일로 - 기타,승합,남,37세,상해없음,승용,남,55세,상해없음
2011121000100690,2011년 12월 10일 21시,토요일,인천광역시 계양구 계산동,중상사고,0,1,3,0,차대차 - 측면직각충돌,신호위반,건조,맑음,교차로 - 교차로안,승용,남,43세,경상,승용,남,58세,중상
2011121000100731,2011년 12월 10일 22시,토요일,인천광역시 남동구 간석동,경상사고,0,0,1,0,차대사람 - 기타,안전운전불이행,건조,맑음,단일로 - 기타,승용,남,30세,상해없음,보행자,남,44세,경상
2011121000100732,2011년 12월 10일 22시,토요일,인천광역시 서구 당하동,중상사고,0,1,2,0,차대차 - 추돌 - 주정차중,안전운전불이행,건조,맑음,교차로 - 교차로부근,승용,남,40세,상해없음,승용,여,47세,중상
2011121100100049,2011년 12월 11일 01시,일요일,인천광역시 서구 경서동,중상사고,0,2,1,0,차대차 - 추돌 - 진행중,안전거리미확보,건조,맑음,단일로 - 기타,승용,남,30세,상해없음,승용,남,60세,중상
2011121100100080,2011년 12월 11일 02시,일요일,인천광역시 남구 주안동,경상사고,0,0,3,0,차대차 - 추돌 - 진행중,안전운전불이행,건조,맑음,단일로 - 기타,승용,남,44세,경상,승용,남,49세,상해없음
2011121100100119,2011년 12월 11일 04시,일요일,인천광역시 남구 주안동,경상사고,0,0,1,0,차대차 - 정면충돌,신호위반,건조,맑음,교차로 - 교차로안,승용,여,51세,상해없음,승용,남,46세,경상
2011121100100131,2011년 12월 11일 05시,일요일,인천광역시 남구 도화동,경상사고,0,0,4,0,차대차 - 기타,안전운전불이행,건조,맑음,교차로 - 교차로안,승용,여,39세,상해없음,승용,남,36세,경상
2011121100100164,2011년 12월 11일 08시,일요일,인천광역시 남구 학익동,사망사고,1,2,0,0,차대차 - 측면직각충돌,중앙선침범,건조,맑음,단일로 - 기타,승용,남,30세,사망,승용,남,48세,중상
2011121100100195,2011년 12월 11일 10시,일요일,인천광역시 중구 신흥동3가,경상사고,0,0,1,0,차대차 - 측면직각충돌,안전운전불이행,건조,맑음,교차로 - 교차로안,승용,여,25세,상해없음,자전거,남,62세,경상
2011121100100228,2011년 12월 11일 12시,일요일,인천광역시 서구 가좌동,중상사고,0,1,0,0,차대차 - 추돌 - 주정차중,안전운전불이행,건조,맑음,기타 - 기타,승용,남,56세,상해없음,승용,남,39세,상해없음
2011121100100298,2011년 12월 11일 15시,일요일,인천광역시 남구 주안동,경상사고,0,0,1,0,차대차 - 기타,안전거리미확보,건조,맑음,단일로 - 기타,승용,여,35세,상해없음,이륜,남,42세,경상
2011121100100318,2011년 12월 11일 16시,일요일,인천광역시 계양구 계산동,중상사고,0,1,0,0,차대사람 - 횡단중,신호위반,습기,비,단일로 - 횡단보도상,승용,여,54세,상해없음,보행자,여,23세,중상
2011121100100354,2011년 12월 11일 17시,일요일,인천광역시 계양구 계산동,중상사고,0,1,0,0,차대사람 - 기타,안전운전불이행,건조,맑음,기타 - 기타,화물,남,52세,상해없음,보행자,남,84세,중상
2011121100100399,2011년 12월 11일 18시,일요일,인천광역시 중구 북성동1가,중상사고,0,1,0,0,차대사람 - 횡단중,보행자보호의무위반,건조,맑음,단일로 - 횡단보도상,승용,남,37세,상해없음,보행자,남,64세,중상
2011121100100400,2011년 12월 11일 18시,일요일,인천광역시 중구 운서동,중상사고,0,1,0,0,차대사람 - 횡단중,보행자보호의무위반,습기,비,교차로 - 교차로안,승용,남,50세,상해없음,보행자,남,31세,중상