사고번호,사고일시,요일,시군구,사고내용,사망자수,중상자수,경상자수,부상신고자수,사고유형,법규위반,노면상태,기상상태,도로형태,가해운전자 차종,가해운전자 성별,가해운전자 연령,가해운전자 상해정도,피해운전자 차종,피해운전자 성별,피해운전자 연령,피해운전자 상해정도
2011121600100060,2011년 12월 16일 03시,금요일,인천광역시 부평구 부평동,경상사고,0,0,1,0,차대사람 - 기타,신호위반,건조,맑음,단일로 - 기타,기타불명,기타불명,기타불명,기타불명,보행자,남,37세,경상
2011121600100068,2011년 12월 16일 04시,금요일,인천광역시 부평구 청천동,경상사고,0,0,6,1,차대차 - 측면직각충돌,직진우회전진행방해,건조,맑음,교차로 - 교차로안,승용,남,19세,부상신고,승용,남,46세,경상
2011121600100069,2011년 12월 16일 04시,금요일,인천광역시 남동구 만수동,경상사고,0,0,1,0,차대차 - 추돌 - 진행중,안전운전불이행,건조,맑음,단일로 - 기타,기타불명,기타불명,기타불명,기타불명,승용,남,48세,경상
2011121600100094,2011년 12월 16일 06시,금요일,인천광역시 부평구 부평동,경상사고,0,0,2,0,차대차 - 추돌 - 주정차중,안전운전불이행,건조,맑음,단일로 - 기타,승용,기타불명,기타불명,기타불명,승용,남,68세,경상
2011121600100110,2011년 12월 16일 07시,금요일,인천광역시 남구 학익동,경상사고,0,0,1,0,차대사람 - 횡단중,보행자보호의무위반,건조,맑음,단일로 - 횡단보도상,승용,여,43세,상해없음,보행자,남,16세,경상
2011121600100152,2011년 12월 16일 08시,금요일,인천광역시 서구 가좌동,경상사고,0,0,1,0,차대차 - 측면직각충돌,안전운전불이행,건조,맑음,교차로 - 교차로부근,화물,남,53세,상해없음,승용,남,45세,경상
2011121600100205,2011년 12월 16일 10시,금요일,인천광역시 남구 주안동,중상사고,0,1,0,0,차대사람 - 횡단중,보행자보호의무위반,건조,맑음,단일로 - 횡단보도상,화물,남,25세,상해없음,보행자,여,55세,중상
2011121600100206,2011년 12월 16일 10시,금요일,인천광역시 남동구 만수동,중상사고,0,1,0,0,차대사람 - 기타,안전운전불이행,건조,맑음,단일로 - 기타,승용,남,25세,상해없음,보행자,여,48세,중상
2011121600100236,2011년 12월 16일 11시,금요일,인천광역시 남구 관교동,경상사고,0,0,1,0,차대차 - 기타,불법유턴,건조,맑음,기타 - 기타,화물,남,45세,상해없음,승용,남,50세,경상
2011121600100237,2011년 12월 16일 11시,금요일,인천광역시 서구 연희동,경상사고,0,0,1,0,차대차 - 기타,신호위반,건조,맑음,교차로 - 교차로부근,원동기,남,29세,상해없음,승합,남,40세,경상
2011121600100257,2011년 12월 16일 12시,금요일,인천광역시 남구 도화동,중상사고,0,1,0,0,차대사람 - 기타,안전운전불이행,결빙,맑음,기타 - 기타,승용,여,46세,상해없음,보행자,여,52세,중상
2011121600100258,2011년 12월 16일 12시,금요일,인천광역시 남동구 고잔동,경상사고,0,0,1,0,차대차 - 기타,기타,건조,맑음,단일로 - 기타,화물,남,67세,상해없음,화물,남,29세,경상
2011121600100259,2011년 12월 16일 12시,금요일,인천광역시 서구 연희동,중상사고,0,1,2,0,차대차 - 정면충돌,신호위반,건조,맑음,교차로 - 교차로안,승합,남,53세,상해없음,승용,여,36세,중상
2011121600100314,2011년 12월 16일 14시,금요일,인천광역시 서구 석남동,경상사고,0,0,1,0,차대차 - 추돌 - 진행중,신호위반,건조,맑음,교차로 - 교차로안,화물,남,26세,상해없음,화물,남,44세,경상
2011121600100372,2011년 12월 16일 16시,금요일,인천광역시 부평구 부평동,경상사고,0,0,1,0,차대사람 - 횡단중,신호위반,건조,맑음,단일로 - 횡단보도상,원동기,남,15세,상해없음,보행자,남,33세,경상
2011121600100420,2011년 12월 16일 17시,금요일,인천광역시 남동구 간석동,경상사고,0,0,1,0,차대사람 - 기타,안전운전불이행,건조,맑음,단일로 - 기타,승용,남,31세,상해없음,보행자,여,22세,경상
2011121600100471,2011년 12월 16일 18시,금요일,인천광역시 남동구 논현동,경상사고,0,0,1,0,차대차 - 기타,안전운전불이행,건조,맑음,교차로 - 교차로안,승용,남,60세,상해없음,원동기,남,27세,경상
2011121600100472,2011년 12월 16일 18시,금요일,인천광역시 서구 마전동,중상사고,0,1,0,0,차대차 - 측면직각충돌,안전운전불이행,건조,맑음,교차로 - 교차로안,승용,남,36세,상해없음,이륜,남,19세,중상
2011121600100473,2011년 12월 16일 18시,금요일,인천광역시 서구 가좌동,경상사고,0,0,2,0,차대차 - 기타,안전운전불이행,건조,맑음,교차로 - 교차로부근,건설기계,남,40세,상해없음,승용,여,51세,경상
2011121600100474,2011년 12월 16일 18시,금요일,인천광역시 부평구 부평동,경상사고,0,0,1,0,차대차 - 측면직각충돌,신호위반,건조,맑음,교차로 - 교차로부근,승합,남,51세,상해없음,자전거,남,22세,경상
2011121600100516,2011년 12월 16일 19시,금요일,인천광역시 연수구 연수동,경상사고,0,0,2,0,차대차 - 측면직각충돌,불법유턴,건조,맑음,교차로 - 교차로부근,승합,남,68세,상해없음,승용,남,32세,경상
2011121600100517,2011년 12월 16일 19시,금요일,인천광역시 연수구 동춘동,사망사고,1,0,0,0,차대사람 - 횡단중,신호위반,건조,맑음,단일로 - 횡단보도상,화물,남,51세,상해없음,보행자,여,32세,사망
2011121600100551,2011년 12월 16일 20시,금요일,인천광역시 연수구 연수동,경상사고,0,0,3,0,차대차 - 측면직각충돌,교차로운행방법위반,건조,맑음,교차로 - 교차로안,승용,남,51세,상해없음,승용,남,47세,경상
2011121600100592,2011년 12월 16일 21시,금요일,인천광역시 남구 도화동,경상사고,0,0,1,0,차대차 - 추돌 - 주정차중,안전운전불이행,건조,맑음,교차로 - 교차로부근,승용,남,50세,상해없음,승용,남,40세,경상
2011121600100593,2011년 12월 16일 21시,금요일,인천광역시 남구 용현동,경상사고,0,0,2,0,차대차 - 측면직각충돌,안전운전불이행,건조,맑음,단일로 - 횡단보도부근,승용,여,43세,상해없음,승용,남,62세,경상
2011121600100594,2011년 12월 16일 21시,금요일,인천광역시 계양구 효성동,경상사고,0,0,1,0,차대차 - 기타,안전운전불이행,건조,맑음,교차로 - 교차로안,승용,남,69세,상해없음,자전거,남,64세,경상
2011121600100595,2011년 12월 16일 21시,금요일,인천광역시 부평구 부개동,경상사고,0,0,1,0,차대차 - 측면직각충돌,교차로운행방법위반,건조,맑음,교차로 - 교차로안,승용,여,31세,상해없음,이륜,남,22세,경상
2011121600100633,2011년 12월 16일 22시,금요일,인천광역시 부평구 청천동,경상사고,0,0,1,0,차대차 - 측면직각충돌,신호위반,건조,맑음,교차로 - 교차로안,이륜,남,17세,상해없음,원동기,남,19세,경상
2011121600100634,2011년 12월 16일 22시,금요일,인천광역시 서구 원당동,경상사고,0,0,1,0,차대차 - 측면직각충돌,안전운전불이행,건조,맑음,단일로 - 기타,승용,여,37세,상해없음,승합,남,56세,경상
2011121600100671,2011년 12월 16일 23시,금요일,인천광역시 부평구 청천동,경상사고,0,0,1,0,차대사람 - 기타,안전운전불이행,건조,맑음,교차로 - 교차로부근,원동기,남,43세,상해없음,보행자,남,19세,경상
2011121600100672,2011년 12월 16일 23시,금요일,인천광역시 남동구 구월동,경상사고,0,0,2,0,차대차 - 추돌 - 주정차중,안전운전불이행,건조,맑음,교차로 - 교차로부근,화물,남,48세,상해없음,승용,남,33세,경상
2011121600100673,2011년 12월 16일 23시,금요일,인천광역시 부평구 갈산동,중상사고,0,1,0,0,차대사람 - 길가장자리구역통행중,안전운전불이행,건조,맑음,단일로 - 기타,승합,남,44세,상해없음,보행자,여,55세,중상
2011121700100040,2011년 12월 17일 00시,토요일,인천광역시 남구 주안동,경상사고,0,0,1,0,차대차 - 측면직각충돌,신호위반,건조,맑음,교차로 - 교차로안,승용,여,20세,상해없음,승용,여,47세,경상
2011121700100041,2011년 12월 17일 00시,토요일,인천광역시 남구 주안동,중상사고,0,1,1,0,차대차 - 측면직각충돌,신호위반,건조,맑음,교차로 - 교차로안,승용,남,29세,상해없음,승용,남,51세,경상
2011121700100066,2011년 12월 17일 01시,토요일,인천광역시 부평구 갈산동,중상사고,0,1,2,0,차대차 - 추돌 - 주정차중,안전운전불이행,건조,맑음,교차로 - 교차로부근,승용,남,53세,상해없음,승용,남,55세,경상
2011121700100067,2011년 12월 17일 01시,토요일,인천광역시 남동구 만수동,경상사고,0,0,1,0,차대차 - 추돌 - 진행중,안전거리미확보,건조,맑음,단일로 - 기타,승용,남,31세,상해없음,승용,남,54세,경상
2011121700100068,2011년 12월 17일 01시,토요일,인천광역시 남동구 논현동,중상사고,0,1,2,0,차대차 - 측면직각충돌,교차로운행방법위반,건조,맑음,교차로 - 교차로안,승용,여,26세,경상,승용,남,42세,경상
2011121700100069,2011년 12월 17일 01시,토요일,인천광역시 부평구 부평동,경상사고,0,0,5,0,차대차 - 측면직각충돌,안전거리미확보,건조,맑음,단일로 - 기타,승용,남,53세,상해없음,승용,남,25세,경상
2011121700100107,2011년 12월 17일 03시,토요일,인천광역시 계양구 계산동,경상사고,0,0,1,0,차대차 - 측면직각충돌,안전운전불이행,건조,맑음,단일로 - 기타,승용,남,27세,상해없음,승용,남,35세,경상
2011121700100205,2011년 12월 17일 08시,토요일,인천광역시 남구 숭의동,중상사고,0,1,0,0,차대차 - 측면직각충돌,안전운전불이행,건조,맑음,단일로 - 기타,승용,남,47세,상해없음,승용,남,54세,중상
2011121700100206,2011년 12월 17일 08시,토요일,인천광역시 남구 주안동,경상사고,0,0,1,0,차대차 - 측면직각충돌,교차로운행방법위반,건조,맑음,교차로 - 교차로안,승합,남,20세,상해없음,승용,여,56세,경상
2011121700100257,2011년 12월 17일 10시,토요일,인천광역시 남구 용현동,중상사고,0,2,1,0,차대차 - 기타,안전운전불이행,건조,맑음,교차로 - 교차로안,승용,남,37세,경상,승용,남,43세,중상
2011121700100258,2011년 12월 17일 10시,토요일,인천광역시 남동구 구월동,중상사고,0,1,0,0,차대차 - 측면직각충돌,신호위반,건조,맑음,교차로 - 교차로안,승용,남,48세,상해없음,승용,여,36세,중상
2011121700100320,2011년 12월 17일 12시,토요일,인천광역시 부평구 갈산동,경상사고,0,0,1,0,차대차 - 측면직각충돌,안전운전불이행,건조,맑음,교차로 - 교차로부근,화물,남,50세,상해없음,승용,남,37세,경상
2011121700100354,2011년 12월 17일 13시,토요일,인천광역시 동구 송림동,경상사고,0,0,1,0,차대차 - 추돌 - 진행중,안전운전불이행,건조,맑음,단일로 - 기타,승용,남,23세,상해없음,승용,남,30세,경상
2011121700100355,2011년 12월 17일 13시,토요일,인천광역시 남구 주안동,경상사고,0,0,1,0,차대차 - 측면직각충돌,안전운전불이행,건조,맑음,단일로 - 기타,승용,여,53세,상해없음,이륜,남,19세,경상
2011121700100356,2011년 12월 17일 13시,토요일,인천광역시 남구 주안동,경상사고,0,0,2,0,차대차 - 기타,안전거리미확보,건조,맑음,기타 - 기타,승용,여,54세,상해없음,화물,남,51세,경상
2011121700100357,2011년 12월 17일 13시,토요일,인천광역시 남동구 만수동,경상사고,0,0,1,0,차대차 - 측면직각충돌,안전운전불이행,건조,맑음,단일로 - 기타,승용,남,46세,상해없음,화물,남,56세,경상
2011121700100358,2011년 12월 17일 13시,토요일,인천광역시 서구 가좌동,중상사고,0,1,0,0,차대차 - 측면직각충돌,불법유턴,건조,맑음,단일로 - 기타,승용,여,47세,상해없음,이륜,남,20세,중상
2011121700100464,2011년 12월 17일 16시,토요일,인천광역시 중구 신흥동3가,경상사고,0,0,1,0,차대차 - 측면직각충돌,안전운전불이행,결빙,맑음,단일로 - 기타,화물,남,24세,상해없음,승용,남,51세,경상
2011121700100487,2011년 12월 17일 17시,토요일,인천광역시 계양구 박촌동,중상사고,0,1,0,0,차대차 - 기타,중앙선침범,건조,맑음,단일로 - 기타,승용,남,55세,상해없음,이륜,남,16세,중상
2011121700100521,2011년 12월 17일 18시,토요일,인천광역시 남동구 간석동,중상사고,0,5,2,0,차대차 - 측면직각충돌,중앙선침범,습기,맑음,단일로 - 기타,승용,여,49세,상해없음,승합,남,40세,중상
2011121700100558,2011년 12월 17일 19시,토요일,인천광역시 남동구 간석동,경상사고,0,0,1,0,차대차 - 측면직각충돌,신호위반,건조,맑음,교차로 - 교차로안,이륜,남,17세,상해없음,승용,남,49세,경상
2011121700100601,2011년 12월 17일 20시,토요일,인천광역시 부평구 부평동,경상사고,0,0,1,0,차대사람 - 차도통행중,안전운전불이행,건조,맑음,단일로 - 기타,승용,남,43세,상해없음,보행자,남,17세,경상
2011121700100627,2011년 12월 17일 21시,토요일,인천광역시 남구 주안동,경상사고,0,0,3,0,차대차 - 측면직각충돌,안전운전불이행,건조,맑음,교차로 - 교차로안,승용,남,36세,상해없음,승용,남,29세,경상
2011121700100628,2011년 12월 17일 21시,토요일,인천광역시 서구 마전동,경상사고,0,0,1,0,차대사람 - 기타,신호위반,건조,맑음,단일로 - 횡단보도상,승용,남,59세,상해없음,보행자,남,43세,경상
2011121700100664,2011년 12월 17일 22시,토요일,인천광역시 서구 석남동,경상사고,0,0,1,0,차대차 - 추돌 - 진행중,안전운전불이행,건조,맑음,교차로 - 교차로부근,승용,남,42세,상해없음,승용,남,61세,경상
2011121700100665,2011년 12월 17일 22시,토요일,인천광역시 부평구 부평동,경상사고,0,0,1,0,차대사람 - 길가장자리구역통행중,안전운전불이행,건조,흐림,기타 - 기타,승용,남,20세,상해없음,보행자,남,24세,경상
2011121700100694,2011년 12월 17일 23시,토요일,인천광역시 남동구 구월동,중상사고,0,1,0,0,차대사람 - 기타,안전운전불이행,건조,맑음,단일로 - 기타,화물,남,47세,상해없음,보행자,여,25세,중상
2011121700100695,2011년 12월 17일 23시,토요일,인천광역시 남동구 논현동,경상사고,0,0,1,0,차대차 - 추돌 - 주정차중,안전운전불이행,습기,눈,교차로 - 교차로부근,승용,남,44세,상해없음,승용,여,29세,경상
2011121700100696,2011년 12월 17일 23시,토요일,인천광역시 강화군 길상면,중상사고,0,1,0,0,차대차 - 정면충돌,중앙선침범,건조,맑음,단일로 - 기타,승용,남,28세,상해없음,화물,남,54세,중상
2011121700100697,2011년 12월 17일 23시,토요일,인천광역시 연수구 연수동,중상사고,0,1,0,0,차대차 - 기타,안전운전불이행,건조,맑음,단일로 - 기타,승용,여,25세,상해없음,이륜,남,24세,중상
2011121800100029,2011년 12월 18일 00시,일요일,인천광역시 남동구 구월동,중상사고,0,1,3,0,차대차 - 측면직각충돌,신호위반,건조,맑음,교차로 - 교차로안,화물,남,50세,상해없음,승용,남,44세,경상
2011121800100030,2011년 12월 18일 00시,일요일,인천광역시 서구 가정동,경상사고,0,0,5,0,차대차 - 측면직각충돌,안전운전불이행,건조,맑음,교차로 - 교차로안,승용,여,33세,경상,승용,여,24세,경상
2011121800100071,2011년 12월 18일 02시,일요일,인천광역시 남구 숭의동,중상사고,0,2,2,0,차대차 - 추돌 - 주정차중,안전운전불이행,건조,맑음,교차로 - 교차로안,승용,남,34세,상해없음,승용,남,57세,중상
2011121800100108,2011년 12월 18일 05시,일요일,인천광역시 부평구 청천동,경상사고,0,0,2,0,차대차 - 기타,안전운전불이행,건조,맑음,단일로 - 기타,승용,남,44세,상해없음,원동기,남,18세,경상
2011121800100205,2011년 12월 18일 11시,일요일,인천광역시 옹진군 연평면,경상사고,0,0,1,0,차대차 - 추돌 - 진행중,안전운전불이행,건조,맑음,교차로 - 교차로안,화물,남,48세,상해없음,승용,여,40세,경상
2011121800100206,2011년 12월 18일 11시,일요일,인천광역시 연수구 연수동,중상사고,0,1,1,0,차대차 - 측면직각충돌,과속,건조,맑음,교차로 - 교차로부근,승용,남,53세,상해없음,승용,남,33세,경상
2011121800100207,2011년 12월 18일 11시,일요일,인천광역시 부평구 부평동,중상사고,0,1,0,0,차대차 - 측면직각충돌,신호위반,건조,맑음,교차로 - 교차로안,승용,여,49세,상해없음,승용,남,34세,중상
2011121800100221,2011년 12월 18일 12시,일요일,인천광역시 옹진군 영흥면,경상사고,0,0,1,0,차대사람 - 기타,안전운전불이행,건조,맑음,단일로 - 기타,이륜,남,45세,상해없음,보행자,여,53세,경상
2011121800100260,2011년 12월 18일 14시,일요일,인천광역시 남구 학익동,경상사고,0,0,1,0,차대차 - 추돌 - 주정차중,안전운전불이행,건조,맑음,교차로 - 교차로부근,화물,여,50세,상해없음,화물,남,36세,경상
2011121800100262,2011년 12월 18일 14시,일요일,인천광역시 계양구 작전동,중상사고,0,1,0,0,차대차 - 기타,안전운전불이행,건조,맑음,교차로 - 교차로부근,승용,남,61세,상해없음,승용,여,35세,중상
2011121800100263,2011년 12월 18일 14시,일요일,인천광역시 계양구 효성동,경상사고,0,0,1,0,차대차 - 측면직각충돌,안전운전불이행,건조,맑음,교차로 - 교차로안,승용,여,32세,상해없음,승용,남,51세,상해없음
2011121800100288,2011년 12월 18일 15시,일요일,인천광역시 남구 용현동,중상사고,0,1,0,0,차대사람 - 차도통행중,안전운전불이행,건조,맑음,단일로 - 횡단보도부근,승용,남,49세,상해없음,보행자,여,19세,중상
2011121800100289,2011년 12월 18일 15시,일요일,인천광역시 계양구 계산동,경상사고,0,0,1,0,차대차 - 측면직각충돌,안전운전불이행,건조,맑음,교차로 - 교차로안,승용,남,49세,상해없음,이륜,남,19세,경상
2011121800100354,2011년 12월 18일 17시,일요일,인천광역시 남동구 고잔동,사망사고,1,0,0,0,차대차 - 측면직각충돌,안전운전불이행,건조,맑음,교차로 - 교차로안,승용,남,44세,상해없음,원동기,남,31세,사망
2011121800100418,2011년 12월 18일 19시,일요일,인천광역시 부평구 부개동,경상사고,0,0,1,0,차대차 - 추돌 - 진행중,안전운전불이행,건조,맑음,단일로 - 기타,승용,남,51세,상해없음,원동기,남,19세,경상
2011121800100448,2011년 12월 18일 20시,일요일,인천광역시 부평구 부평동,경상사고,0,0,2,0,차대차 - 추돌 - 주정차중,안전운전불이행,건조,맑음,단일로 - 기타,승용,남,32세,상해없음,승용,남,59세,경상
2011121800100485,2011년 12월 18일 21시,일요일,인천광역시 남동구 만수동,경상사고,0,0,1,0,차대차 - 기타,안전거리미확보,건조,맑음,단일로 - 기타,승용,남,24세,상해없음,이륜,남,45세,경상
2011121800100505,2011년 12월 18일 22시,일요일,인천광역시 서구 심곡동,경상사고,0,0,1,0,차대사람 - 기타,안전운전불이행,건조,맑음,단일로 - 기타,승용,남,49세,상해없음,보행자,남,38세,경상
2011121800100506,2011년 12월 18일 22시,일요일,인천광역시 계양구 효성동,중상사고,0,1,0,0,차대차 - 기타,안전운전불이행,건조,맑음,단일로 - 기타,이륜,기타불명,기타불명,기타불명,승용,남,58세,중상
2011121900100128,2011년 12월 19일 08시,월요일,인천광역시 남구 학익동,중상사고,0,1,0,0,차대사람 - 기타,보행자보호의무위반,건조,맑음,단일로 - 횡단보도상,승용,남,54세,상해없음,보행자,남,15세,중상
2011121900100158,2011년 12월 19일 09시,월요일,인천광역시 남동구 논현동,중상사고,0,2,0,0,차대차 - 측면직각충돌,신호위반,건조,맑음,교차로 - 교차로안,승용,남,50세,상해없음,화물,남,61세,중상
2011121900100184,2011년 12월 19일 10시,월요일,인천광역시 남구 관교동,중상사고,0,1,0,0,차량단독 - 기타,기타,건조,맑음,단일로 - 기타,승합,남,39세,상해없음,,,,
2011121900100185,2011년 12월 19일 10시,월요일,인천광역시 서구 석남동,경상사고,0,0,3,0,차대차 - 추돌 - 주정차중,안전운전불이행,건조,맑음,단일로 - 기타,승용,남,26세,상해없음,승용,남,67세,경상
2011121900100186,2011년 12월 19일 10시,월요일,인천광역시 계양구 작전동,중상사고,0,1,0,0,차대사람 - 횡단중,보행자보호의무위반,건조,맑음,단일로 - 횡단보도상,화물,남,53세,상해없음,보행자,남,83세,중상
2011121900100187,2011년 12월 19일 10시,월요일,인천광역시 부평구 갈산동,중상사고,0,1,0,0,차대사람 - 기타,안전운전불이행,건조,맑음,교차로 - 교차로안,화물,남,50세,상해없음,보행자,여,52세,중상
2011121900100227,2011년 12월 19일 12시,월요일,인천광역시 부평구 삼산동,경상사고,0,0,1,0,차대차 - 측면직각충돌,안전운전불이행,건조,맑음,교차로 - 교차로부근,승용,여,64세,상해없음,승용,남,38세,경상
2011121900100249,2011년 12월 19일 13시,월요일,인천광역시 동구 송림동,중상사고,0,1,0,0,차대사람 - 횡단중,안전운전불이행,건조,맑음,교차로 - 교차로안,승용,여,59세,상해없음,보행자,여,68세,중상
2011121900100250,2011년 12월 19일 13시,월요일,인천광역시 남구 숭의동,경상사고,0,0,1,0,차대사람 - 기타,안전운전불이행,건조,맑음,단일로 - 기타,기타불명,기타불명,기타불명,기타불명,보행자,여,10세,경상
2011121900100251,2011년 12월 19일 13시,월요일,인천광역시 남동구 고잔동,중상사고,0,1,0,0,차대사람 - 기타,안전운전불이행,건조,맑음,단일로 - 기타,원동기,남,25세,상해없음,보행자,남,30세,중상
2011121900100320,2011년 12월 19일 15시,월요일,인천광역시 남동구 논현동,경상사고,0,0,1,0,차대차 - 측면직각충돌,신호위반,건조,맑음,단일로 - 기타,화물,남,51세,상해없음,자전거,남,68세,경상
2011121900100321,2011년 12월 19일 15시,월요일,인천광역시 서구 석남동,중상사고,0,1,0,0,차대사람 - 기타,안전운전불이행,건조,맑음,기타 - 기타,승용,여,38세,상해없음,보행자,여,45세,중상
2011121900100392,2011년 12월 19일 17시,월요일,인천광역시 강화군 불은면,중상사고,0,2,0,0,차대차 - 측면직각충돌,중앙선침범,습기,맑음,단일로 - 기타,승용,남,45세,상해없음,화물,남,36세,중상
2011121900100491,2011년 12월 19일 20시,월요일,인천광역시 연수구 송도동,경상사고,0,0,1,0,차대차 - 측면직각충돌,신호위반,건조,맑음,교차로 - 교차로안,원동기,남,17세,상해없음,승용,남,49세,경상
2011121900100492,2011년 12월 19일 20시,월요일,인천광역시 부평구 부평동,경상사고,0,0,1,0,차대사람 - 차도통행중,안전운전불이행,건조,맑음,교차로 - 교차로부근,승용,남,42세,상해없음,보행자,남,33세,경상
2011121900100493,2011년 12월 19일 20시,월요일,인천광역시 계양구 효성동,중상사고,0,1,0,0,차대차 - 측면직각충돌,안전운전불이행,건조,맑음,단일로 - 기타,승용,남,53세,상해없음,화물,남,53세,상해없음
2011121900100520,2011년 12월 19일 21시,월요일,인천광역시 남구 용현동,중상사고,0,1,1,0,차대차 - 측면직각충돌,안전운전불이행,건조,맑음,교차로 - 교차로부근,승용,남,53세,상해없음,승용,남,19세,경상
2011121900100549,2011년 12월 19일 22시,월요일,인천광역시 남동구 구월동,중상사고,0,1,0,0,차대차 - 정면충돌,신호위반,건조,맑음,교차로 - 교차로안,승용,남,22세,상해없음,이륜,남,49세,중상
2011121900100550,2011년 12월 19일 22시,월요일,인천광역시 서구 가좌동,중상사고,0,2,2,0,차대차 - 정면충돌,중앙선침범,건조,맑음,단일로 - 기타,특수,남,26세,상해없음,승합,남,49세,경상
2011121900100576,2011년 12월 19일 23시,월요일,인천광역시 중구 유동,중상사고,0,1,4,0,차대차 - 추돌 - 주정차중,안전운전불이행,건조,맑음,교차로 - 교차로부근,승용,남,58세,상해없음,승용,남,49세,경상
2011121900100577,2011년 12월 19일 23시,월요일,인천광역시 남동구 만수동,경상사고,0,0,2,0,차대차 - 기타,안전운전불이행,건조,맑음,단일로 - 기타,승용,여,48세,상해없음,승용,남,30세,경상
2011122000100017,2011년 12월 20일 00시,화요일,인천광역시 남동구 간석동,경상사고,0,0,3,0,차대차 - 추돌 - 주정차중,안전운전불이행,건조,맑음,교차로 - 교차로부근,승용,여,67세,상해없음,승용,남,53세,경상
2011122000100018,2011년 12월 20일 00시,화요일,인천광역시 서구 검암동,중상사고,0,1,1,0,차대차 - 추돌 - 진행중,안전운전불이행,건조,맑음,단일로 - 기타,승용,남,59세,상해없음,원동기,남,18세,경상
2011122000100019,2011년 12월 20일 00시,화요일,인천광역시 연수구 연수동,경상사고,0,0,2,0,차대차 - 추돌 - 주정차중,안전운전불이행,건조,맑음,단일로 - 기타,승용,남,34세,상해없음,승용,남,45세,경상
2011122000100020,2011년 12월 20일 00시,화요일,인천광역시 부평구 부평동,중상사고,0,1,1,0,차대사람 - 횡단중,안전운전불이행,건조,맑음,단일로 - 횡단보도상,승용,남,59세,상해없음,보행자,남,22세,중상
2011122000100084,2011년 12월 20일 06시,화요일,인천광역시 서구 가좌동,중상사고,0,3,0,0,차대차 - 기타,기타,건조,맑음,교차로 - 교차로안,화물,남,40세,상해없음,승용,남,44세,중상
2011122000100085,2011년 12월 20일 06시,화요일,인천광역시 부평구 구산동,경상사고,0,0,3,0,차대차 - 추돌 - 진행중,안전거리미확보,건조,맑음,교차로 - 교차로안,승용,남,41세,경상,승용,여,41세,경상
2011122000100115,2011년 12월 20일 07시,화요일,인천광역시 부평구 산곡동,경상사고,0,0,1,0,차대사람 - 기타,안전운전불이행,건조,맑음,단일로 - 기타,자전거,남,18세,상해없음,보행자,여,76세,경상
2011122000100116,2011년 12월 20일 07시,화요일,인천광역시 남동구 구월동,경상사고,0,0,1,0,차대차 - 측면직각충돌,안전운전불이행,건조,맑음,교차로 - 교차로부근,승합,남,54세,상해없음,승용,여,59세,경상
2011122000100117,2011년 12월 20일 07시,화요일,인천광역시 연수구 연수동,경상사고,0,0,1,0,차대차 - 기타,안전거리미확보,건조,맑음,교차로 - 교차로부근,승용,남,64세,상해없음,이륜,남,27세,경상
2011122000100151,2011년 12월 20일 08시,화요일,인천광역시 서구 당하동,사망사고,1,0,0,0,차대차 - 추돌 - 주정차중,안전운전불이행,건조,맑음,단일로 - 기타,화물,남,50세,상해없음,화물,남,57세,상해없음
2011122000100202,2011년 12월 20일 10시,화요일,인천광역시 남구 숭의동,경상사고,0,0,1,0,차대차 - 측면직각충돌,교차로운행방법위반,건조,맑음,교차로 - 교차로안,화물,남,56세,상해없음,이륜,남,17세,경상
2011122000100223,2011년 12월 20일 11시,화요일,인천광역시 남구 숭의동,중상사고,0,1,1,0,차대차 - 측면직각충돌,안전운전불이행,건조,맑음,교차로 - 교차로부근,승용,남,28세,경상,원동기,남,57세,중상
2011122000100241,2011년 12월 20일 12시,화요일,인천광역시 남구 주안동,중상사고,0,1,0,0,차대차 - 기타,신호위반,건조,맑음,단일로 - 횡단보도상,승용,남,44세,상해없음,이륜,남,57세,중상
2011122000100242,2011년 12월 20일 12시,화요일,인천광역시 서구 시천동,경상사고,0,0,1,0,차량단독 - 기타,기타,건조,맑음,단일로 - 기타,승합,남,48세,상해없음,,,,
2011122000100273,2011년 12월 20일 13시,화요일,인천광역시 부평구 십정동,경상사고,0,0,1,0,차대사람 - 횡단중,보행자보호의무위반,건조,흐림,단일로 - 횡단보도상,승용,여,30세,상해없음,보행자,여,11세,경상
2011122000100274,2011년 12월 20일 13시,화요일,인천광역시 남동구 고잔동,경상사고,0,0,1,0,차대차 - 기타,교차로운행방법위반,건조,맑음,교차로 - 교차로안,승용,여,30세,상해없음,승용,남,27세,경상
2011122000100306,2011년 12월 20일 14시,화요일,인천광역시 남구 주안동,중상사고,0,1,0,0,차량단독 - 기타,기타,기타,맑음,단일로 - 기타,승합,남,44세,상해없음,,,,
2011122000100307,2011년 12월 20일 14시,화요일,인천광역시 부평구 부평동,경상사고,0,0,1,0,차대차 - 추돌 - 진행중,안전거리미확보,건조,맑음,단일로 - 기타,승합,남,38세,상해없음,승용,남,29세,경상
2011122000100308,2011년 12월 20일 14시,화요일,인천광역시 계양구 작전동,경상사고,0,0,1,0,차대차 - 기타,안전운전불이행,건조,맑음,단일로 - 기타,승용,남,40세,상해없음,이륜,남,45세,경상