사고번호,사고일시,요일,시군구,사고내용,사망자수,중상자수,경상자수,부상신고자수,사고유형,법규위반,노면상태,기상상태,도로형태,가해운전자 차종,가해운전자 성별,가해운전자 연령,가해운전자 상해정도,피해운전자 차종,피해운전자 성별,피해운전자 연령,피해운전자 상해정도
2011122000100339,2011년 12월 20일 15시,화요일,인천광역시 남동구 간석동,경상사고,0,0,2,0,차대차 - 측면직각충돌,교차로운행방법위반,건조,맑음,교차로 - 교차로안,승용,여,32세,상해없음,승용,여,40세,경상
2011122000100372,2011년 12월 20일 16시,화요일,인천광역시 부평구 갈산동,부상신고사고,0,0,0,1,차대차 - 측면직각충돌,불법유턴,건조,맑음,단일로 - 기타,자전거,남,68세,부상신고,승용,남,63세,상해없음
2011122000100443,2011년 12월 20일 18시,화요일,인천광역시 서구 경서동,경상사고,0,0,1,0,차대차 - 측면직각충돌,신호위반,건조,맑음,교차로 - 교차로안,화물,남,37세,상해없음,승용,여,37세,경상
2011122000100444,2011년 12월 20일 18시,화요일,인천광역시 계양구 계산동,중상사고,0,1,0,0,차대차 - 측면직각충돌,신호위반,건조,맑음,단일로 - 횡단보도상,승용,남,52세,상해없음,자전거,여,51세,중상
2011122000100488,2011년 12월 20일 19시,화요일,인천광역시 남구 주안동,경상사고,0,0,2,0,차대차 - 추돌 - 진행중,안전거리미확보,건조,맑음,교차로 - 교차로안,승용,남,51세,상해없음,승용,여,47세,경상
2011122000100489,2011년 12월 20일 19시,화요일,인천광역시 연수구 동춘동,경상사고,0,0,5,0,차대차 - 추돌 - 진행중,안전운전불이행,건조,맑음,단일로 - 기타,승용,남,33세,경상,승용,남,41세,상해없음
2011122000100490,2011년 12월 20일 19시,화요일,인천광역시 부평구 갈산동,경상사고,0,0,1,0,차량단독 - 기타,안전운전불이행,건조,맑음,교차로 - 교차로안,승용,남,55세,상해없음,,,,
2011122000100582,2011년 12월 20일 22시,화요일,인천광역시 남구 숭의동,경상사고,0,0,1,0,차대차 - 측면직각충돌,신호위반,건조,맑음,교차로 - 교차로안,승용,남,37세,상해없음,원동기,남,23세,경상
2011122000100583,2011년 12월 20일 22시,화요일,인천광역시 부평구 부평동,중상사고,0,1,1,0,차대차 - 추돌 - 진행중,안전운전불이행,건조,맑음,단일로 - 기타,승용,남,54세,상해없음,승용,남,37세,중상
2011122000100616,2011년 12월 20일 23시,화요일,인천광역시 부평구 부개동,경상사고,0,0,1,0,차대차 - 추돌 - 주정차중,안전운전불이행,건조,맑음,단일로 - 기타,승용,남,57세,상해없음,화물,남,41세,경상
2011122100100012,2011년 12월 21일 00시,수요일,인천광역시 남동구 간석동,경상사고,0,0,1,0,차대차 - 기타,안전운전불이행,건조,맑음,단일로 - 기타,승용,남,48세,상해없음,승용,남,42세,경상
2011122100100058,2011년 12월 21일 03시,수요일,인천광역시 남동구 구월동,중상사고,0,1,0,0,차대차 - 추돌 - 주정차중,안전운전불이행,건조,맑음,교차로 - 교차로부근,승용,남,26세,상해없음,승용,남,54세,중상
2011122100100075,2011년 12월 21일 05시,수요일,인천광역시 서구 연희동,중상사고,0,1,2,0,차대차 - 측면직각충돌,신호위반,적설,눈,교차로 - 교차로안,승합,남,61세,상해없음,승합,남,39세,경상
2011122100100076,2011년 12월 21일 05시,수요일,인천광역시 계양구 효성동,경상사고,0,0,4,0,차대차 - 추돌 - 진행중,교차로운행방법위반,적설,눈,교차로 - 교차로안,승합,남,55세,상해없음,승용,남,49세,상해없음
2011122100100077,2011년 12월 21일 05시,수요일,인천광역시 서구 경서동,경상사고,0,0,1,0,차대차 - 추돌 - 진행중,안전운전불이행,건조,맑음,단일로 - 기타,기타불명,기타불명,기타불명,기타불명,승용,여,42세,경상
2011122100100078,2011년 12월 21일 05시,수요일,인천광역시 서구 경서동,경상사고,0,0,1,0,차대차 - 측면직각충돌,안전운전불이행,적설,눈,단일로 - 기타,승용,남,25세,상해없음,승용,남,60세,경상
2011122100100079,2011년 12월 21일 05시,수요일,인천광역시 부평구 삼산동,경상사고,0,0,1,0,차대차 - 측면직각충돌,안전운전불이행,결빙,눈,단일로 - 기타,승용,남,49세,상해없음,승용,남,45세,경상
2011122100100110,2011년 12월 21일 06시,수요일,인천광역시 서구 당하동,중상사고,0,1,0,0,차대차 - 측면직각충돌,중앙선침범,결빙,눈,단일로 - 기타,화물,남,34세,상해없음,승용,남,63세,중상
2011122100100111,2011년 12월 21일 06시,수요일,인천광역시 계양구 장기동,중상사고,0,1,0,0,차대차 - 측면직각충돌,중앙선침범,적설,눈,단일로 - 기타,화물,남,52세,중상,건설기계,남,49세,상해없음
2011122100100112,2011년 12월 21일 06시,수요일,인천광역시 계양구 계산동,경상사고,0,0,2,0,차대차 - 추돌 - 진행중,안전운전불이행,결빙,눈,단일로 - 기타,승합,남,44세,상해없음,승용,남,53세,경상
2011122100100142,2011년 12월 21일 07시,수요일,인천광역시 계양구 선주지동,중상사고,0,4,0,0,차대차 - 정면충돌,중앙선침범,결빙,맑음,단일로 - 기타,승용,남,35세,상해없음,승용,남,23세,상해없음
2011122100100188,2011년 12월 21일 08시,수요일,인천광역시 계양구 동양동,경상사고,0,0,2,0,차대차 - 추돌 - 주정차중,안전거리미확보,적설,맑음,단일로 - 기타,승용,여,34세,상해없음,승용,여,31세,경상
2011122100100189,2011년 12월 21일 08시,수요일,인천광역시 강화군 선원면,경상사고,0,0,1,0,차대차 - 정면충돌,안전운전불이행,건조,맑음,단일로 - 기타,승용,남,54세,상해없음,건설기계,남,47세,경상
2011122100100190,2011년 12월 21일 08시,수요일,인천광역시 강화군 송해면,중상사고,0,1,0,0,차대차 - 정면충돌,중앙선침범,결빙,맑음,단일로 - 기타,승용,여,46세,상해없음,승용,여,47세,중상
2011122100100219,2011년 12월 21일 09시,수요일,인천광역시 서구 경서동,경상사고,0,0,1,0,차대차 - 기타,안전운전불이행,결빙,눈,교차로 - 교차로부근,승용,남,31세,상해없음,승용,남,37세,경상
2011122100100220,2011년 12월 21일 09시,수요일,인천광역시 계양구 선주지동,경상사고,0,0,1,0,차대차 - 측면직각충돌,중앙선침범,결빙,눈,단일로 - 기타,승용,남,52세,상해없음,화물,남,53세,경상
2011122100100245,2011년 12월 21일 10시,수요일,인천광역시 부평구 십정동,경상사고,0,0,1,0,차대차 - 기타,교차로운행방법위반,건조,맑음,단일로 - 기타,승용,남,43세,상해없음,이륜,남,27세,경상
2011122100100286,2011년 12월 21일 12시,수요일,인천광역시 계양구 효성동,중상사고,0,1,0,0,차량단독 - 기타,안전운전불이행,건조,맑음,단일로 - 기타,승합,남,51세,상해없음,,,,
2011122100100355,2011년 12월 21일 15시,수요일,인천광역시 부평구 청천동,부상신고사고,0,0,0,1,차량단독 - 기타,안전운전불이행,건조,맑음,단일로 - 기타,승합,남,46세,상해없음,,,,
2011122100100414,2011년 12월 21일 17시,수요일,인천광역시 서구 왕길동,부상신고사고,0,0,0,1,차대사람 - 기타,안전운전불이행,건조,맑음,기타 - 기타,승용,여,28세,상해없음,보행자,여,21세,부상신고
2011122100100415,2011년 12월 21일 17시,수요일,인천광역시 부평구 부개동,중상사고,0,1,0,0,차대사람 - 차도통행중,안전운전불이행,건조,맑음,단일로 - 기타,승용,여,43세,상해없음,보행자,여,11세,중상
2011122100100456,2011년 12월 21일 18시,수요일,인천광역시 남동구 구월동,경상사고,0,0,4,0,차대차 - 측면직각충돌,교차로운행방법위반,건조,맑음,교차로 - 교차로안,승용,남,30세,상해없음,승합,남,51세,경상
2011122100100457,2011년 12월 21일 18시,수요일,인천광역시 서구 가좌동,중상사고,0,1,0,0,차대차 - 추돌 - 진행중,안전운전불이행,건조,맑음,기타 - 기타,화물,남,58세,상해없음,원동기,남,44세,중상
2011122100100487,2011년 12월 21일 19시,수요일,인천광역시 남구 주안동,경상사고,0,0,2,0,차대차 - 기타,안전운전불이행,건조,맑음,교차로 - 교차로부근,승용,여,63세,상해없음,승용,남,63세,경상
2011122100100488,2011년 12월 21일 19시,수요일,인천광역시 서구 가좌동,경상사고,0,0,1,0,차대차 - 추돌 - 진행중,안전운전불이행,건조,맑음,단일로 - 기타,승용,남,58세,상해없음,승용,여,36세,경상
2011122100100489,2011년 12월 21일 19시,수요일,인천광역시 연수구 옥련동,경상사고,0,0,1,0,차대사람 - 횡단중,안전운전불이행,건조,맑음,단일로 - 기타,특수,남,48세,상해없음,보행자,남,14세,경상
2011122100100522,2011년 12월 21일 20시,수요일,인천광역시 부평구 부평동,경상사고,0,0,1,0,차대차 - 추돌 - 진행중,안전거리미확보,건조,맑음,단일로 - 기타,승용,여,30세,기타불명,승용,남,31세,기타불명
2011122100100552,2011년 12월 21일 21시,수요일,인천광역시 남동구 만수동,중상사고,0,1,0,0,차대사람 - 차도통행중,안전운전불이행,건조,맑음,교차로 - 교차로부근,승용,남,43세,상해없음,보행자,남,15세,중상
2011122100100553,2011년 12월 21일 21시,수요일,인천광역시 연수구 송도동,경상사고,0,0,1,0,차대차 - 측면직각충돌,신호위반,건조,맑음,교차로 - 교차로안,승용,남,23세,상해없음,승용,남,51세,경상
2011122100100611,2011년 12월 21일 23시,수요일,인천광역시 남동구 구월동,경상사고,0,0,2,0,차대차 - 추돌 - 진행중,안전거리미확보,건조,맑음,교차로 - 교차로부근,승용,남,40세,상해없음,승용,남,39세,경상
2011122100100612,2011년 12월 21일 23시,수요일,인천광역시 계양구 작전동,경상사고,0,0,2,0,차대차 - 기타,안전운전불이행,건조,맑음,기타 - 기타,승용,남,28세,상해없음,승용,남,52세,경상
2011122200100008,2011년 12월 22일 00시,목요일,인천광역시 남동구 간석동,경상사고,0,0,2,0,차대차 - 기타,안전운전불이행,건조,맑음,단일로 - 기타,승용,남,29세,상해없음,승용,남,48세,경상
2011122200100024,2011년 12월 22일 02시,목요일,인천광역시 부평구 부개동,경상사고,0,0,1,0,차대차 - 측면직각충돌,안전운전불이행,건조,맑음,단일로 - 기타,화물,남,48세,상해없음,승용,남,52세,경상
2011122200100033,2011년 12월 22일 03시,목요일,인천광역시 남구 주안동,중상사고,0,1,1,0,차대차 - 측면직각충돌,교차로운행방법위반,건조,맑음,단일로 - 기타,승용,남,25세,상해없음,이륜,남,16세,중상
2011122200100129,2011년 12월 22일 08시,목요일,인천광역시 연수구 송도동,경상사고,0,0,1,0,차대차 - 기타,안전운전불이행,건조,맑음,교차로 - 교차로안,승용,여,40세,상해없음,자전거,남,14세,경상
2011122200100130,2011년 12월 22일 08시,목요일,인천광역시 서구 검암동,경상사고,0,0,1,0,차대차 - 측면직각충돌,안전거리미확보,건조,맑음,단일로 - 교량,승용,남,73세,상해없음,승용,남,41세,경상
2011122200100145,2011년 12월 22일 09시,목요일,인천광역시 남동구 논현동,경상사고,0,0,3,0,차대차 - 측면직각충돌,신호위반,건조,맑음,교차로 - 교차로안,승용,남,33세,상해없음,승용,남,58세,경상
2011122200100171,2011년 12월 22일 10시,목요일,인천광역시 계양구 효성동,경상사고,0,0,1,0,차대차 - 기타,안전운전불이행,건조,맑음,교차로 - 교차로부근,승용,여,56세,상해없음,승합,남,53세,상해없음
2011122200100220,2011년 12월 22일 12시,목요일,인천광역시 남동구 논현동,중상사고,0,1,0,0,차량단독 - 기타,안전운전불이행,건조,맑음,단일로 - 기타,승합,남,52세,상해없음,,,,
2011122200100221,2011년 12월 22일 12시,목요일,인천광역시 서구 가좌동,부상신고사고,0,0,0,2,차대차 - 측면직각충돌,안전운전불이행,건조,맑음,교차로 - 교차로부근,화물,남,32세,기타불명,승용,남,48세,부상신고
2011122200100247,2011년 12월 22일 13시,목요일,인천광역시 부평구 산곡동,경상사고,0,0,1,0,차대사람 - 횡단중,안전운전불이행,건조,맑음,교차로 - 교차로부근,이륜,여,49세,상해없음,보행자,남,14세,경상
2011122200100276,2011년 12월 22일 14시,목요일,인천광역시 남동구 논현동,경상사고,0,0,3,0,차대차 - 추돌 - 진행중,안전운전불이행,건조,맑음,교차로 - 교차로부근,화물,남,40세,상해없음,승용,남,46세,경상
2011122200100312,2011년 12월 22일 15시,목요일,인천광역시 남구 문학동,경상사고,0,0,1,0,차대차 - 측면직각충돌,신호위반,건조,맑음,교차로 - 교차로안,승용,남,75세,상해없음,승용,여,31세,경상
2011122200100313,2011년 12월 22일 15시,목요일,인천광역시 부평구 십정동,경상사고,0,0,1,0,차대사람 - 횡단중,보행자보호의무위반,건조,맑음,단일로 - 횡단보도상,승용,남,65세,상해없음,보행자,여,18세,경상
2011122200100351,2011년 12월 22일 16시,목요일,인천광역시 서구 연희동,경상사고,0,0,1,0,차대차 - 기타,신호위반,건조,맑음,교차로 - 교차로안,이륜,남,17세,경상,승용,남,51세,상해없음
2011122200100383,2011년 12월 22일 17시,목요일,인천광역시 부평구 청천동,중상사고,0,1,0,0,차대차 - 정면충돌,신호위반,건조,맑음,교차로 - 교차로안,승용,남,33세,상해없음,화물,남,62세,중상
2011122200100384,2011년 12월 22일 17시,목요일,인천광역시 남동구 간석동,경상사고,0,0,3,0,차대차 - 기타,교차로운행방법위반,건조,맑음,교차로 - 교차로안,이륜,남,19세,경상,승용,남,33세,경상
2011122200100385,2011년 12월 22일 17시,목요일,인천광역시 남동구 구월동,경상사고,0,0,1,0,차대차 - 측면직각충돌,안전운전불이행,건조,맑음,교차로 - 교차로안,승용,여,41세,상해없음,이륜,남,45세,경상
2011122200100386,2011년 12월 22일 17시,목요일,인천광역시 부평구 부개동,경상사고,0,0,1,1,차대차 - 정면충돌,중앙선침범,건조,맑음,단일로 - 기타,이륜,남,24세,경상,승용,남,38세,상해없음
2011122200100441,2011년 12월 22일 18시,목요일,인천광역시 동구 송현동,중상사고,0,1,0,0,차대차 - 측면직각충돌,신호위반,건조,맑음,교차로 - 교차로안,승용,남,41세,상해없음,자전거,남,63세,중상
2011122200100442,2011년 12월 22일 18시,목요일,인천광역시 부평구 부평동,경상사고,0,0,1,0,차대차 - 추돌 - 주정차중,안전운전불이행,건조,맑음,교차로 - 교차로부근,기타불명,기타불명,31세,기타불명,이륜,남,18세,경상
2011122200100484,2011년 12월 22일 19시,목요일,인천광역시 남동구 간석동,경상사고,0,0,1,0,차대사람 - 기타,신호위반,건조,맑음,단일로 - 횡단보도상,승용,남,27세,상해없음,보행자,남,8세,경상
2011122200100485,2011년 12월 22일 19시,목요일,인천광역시 서구 당하동,경상사고,0,0,1,0,차대차 - 정면충돌,교차로운행방법위반,건조,맑음,교차로 - 교차로안,승용,남,37세,상해없음,이륜,남,22세,경상
2011122200100558,2011년 12월 22일 21시,목요일,인천광역시 부평구 갈산동,경상사고,0,0,1,0,차대차 - 정면충돌,안전운전불이행,기타,맑음,기타 - 기타,승용,남,50세,상해없음,이륜,남,48세,경상
2011122300100026,2011년 12월 23일 00시,금요일,인천광역시 부평구 산곡동,경상사고,0,0,2,0,차대차 - 추돌 - 진행중,안전운전불이행,건조,맑음,교차로 - 교차로부근,승용,여,51세,상해없음,승용,남,50세,경상
2011122300100027,2011년 12월 23일 00시,금요일,인천광역시 부평구 십정동,경상사고,0,0,2,0,차대차 - 측면직각충돌,안전운전불이행,건조,맑음,교차로 - 교차로안,승용,남,22세,상해없음,승용,남,43세,경상
2011122300100028,2011년 12월 23일 00시,금요일,인천광역시 서구 당하동,중상사고,0,1,0,0,차대사람 - 기타,안전운전불이행,건조,맑음,교차로 - 교차로안,승합,남,56세,상해없음,보행자,남,56세,중상
2011122300100029,2011년 12월 23일 00시,금요일,인천광역시 계양구 작전동,중상사고,0,1,0,0,차대차 - 측면직각충돌,안전운전불이행,건조,맑음,단일로 - 기타,승용,여,50세,상해없음,자전거,여,52세,중상
2011122300100051,2011년 12월 23일 01시,금요일,인천광역시 부평구 십정동,중상사고,0,1,0,0,차대사람 - 횡단중,안전운전불이행,건조,맑음,단일로 - 횡단보도상,화물,남,43세,상해없음,보행자,남,48세,중상
2011122300100052,2011년 12월 23일 01시,금요일,인천광역시 연수구 연수동,중상사고,0,1,2,0,차대차 - 측면직각충돌,교차로운행방법위반,건조,맑음,교차로 - 교차로안,승용,남,55세,상해없음,승용,남,60세,중상
2011122300100099,2011년 12월 23일 04시,금요일,인천광역시 부평구 부평동,중상사고,0,1,2,0,차대차 - 측면직각충돌,안전운전불이행,건조,맑음,단일로 - 기타,승용,남,23세,기타불명,승용,남,56세,경상
2011122300100109,2011년 12월 23일 05시,금요일,인천광역시 남동구 간석동,중상사고,0,1,1,0,차대차 - 측면직각충돌,차로위반,건조,맑음,단일로 - 기타,승용,남,20세,상해없음,승용,남,50세,중상
2011122300100147,2011년 12월 23일 07시,금요일,인천광역시 남구 숭의동,중상사고,0,1,0,0,차대사람 - 횡단중,보행자보호의무위반,건조,맑음,단일로 - 횡단보도상,승합,남,47세,상해없음,보행자,남,43세,중상
2011122300100148,2011년 12월 23일 07시,금요일,인천광역시 서구 석남동,경상사고,0,0,2,0,차대차 - 추돌 - 주정차중,안전운전불이행,건조,맑음,교차로 - 교차로부근,승용,남,37세,상해없음,승용,여,51세,경상
2011122300100182,2011년 12월 23일 08시,금요일,인천광역시 동구 송림동,중상사고,0,1,0,0,차대사람 - 횡단중,안전운전불이행,건조,맑음,교차로 - 교차로안,승용,남,26세,상해없음,보행자,여,48세,중상
2011122300100213,2011년 12월 23일 09시,금요일,인천광역시 남구 용현동,중상사고,0,1,0,0,차대차 - 기타,신호위반,건조,맑음,교차로 - 교차로안,승용,남,71세,상해없음,승용,남,56세,중상
2011122300100214,2011년 12월 23일 09시,금요일,인천광역시 남구 주안동,경상사고,0,0,1,0,차대차 - 측면직각충돌,안전운전불이행,건조,맑음,교차로 - 교차로부근,승용,여,47세,상해없음,승용,남,45세,경상
2011122300100232,2011년 12월 23일 10시,금요일,인천광역시 중구 운북동,중상사고,0,1,0,0,차대차 - 기타,안전거리미확보,건조,맑음,단일로 - 기타,승용,남,50세,상해없음,승용,남,65세,중상
2011122300100297,2011년 12월 23일 12시,금요일,인천광역시 서구 석남동,중상사고,0,1,0,0,차대사람 - 길가장자리구역통행중,안전운전불이행,건조,맑음,단일로 - 기타,승용,기타불명,기타불명,기타불명,보행자,여,77세,중상
2011122300100321,2011년 12월 23일 13시,금요일,인천광역시 남동구 고잔동,중상사고,0,2,0,0,차대차 - 측면직각충돌,안전운전불이행,건조,맑음,교차로 - 교차로안,승용,여,47세,상해없음,승용,남,31세,중상
2011122300100356,2011년 12월 23일 14시,금요일,인천광역시 남구 주안동,경상사고,0,0,1,0,차량단독 - 기타,안전운전불이행,건조,맑음,단일로 - 기타,승합,남,40세,상해없음,,,,
2011122300100357,2011년 12월 23일 14시,금요일,인천광역시 부평구 십정동,중상사고,0,1,0,0,차대차 - 추돌 - 진행중,안전운전불이행,건조,맑음,단일로 - 기타,승용,여,52세,상해없음,승용,여,47세,중상
2011122300100358,2011년 12월 23일 14시,금요일,인천광역시 부평구 청천동,경상사고,0,0,1,0,차대차 - 측면직각충돌,교차로운행방법위반,건조,맑음,교차로 - 교차로부근,자전거,여,76세,경상,승합,남,51세,상해없음
2011122300100359,2011년 12월 23일 14시,금요일,인천광역시 연수구 동춘동,경상사고,0,0,1,0,차대차 - 추돌 - 주정차중,안전운전불이행,건조,맑음,단일로 - 기타,승용,남,59세,상해없음,승용,남,30세,경상
2011122300100428,2011년 12월 23일 16시,금요일,인천광역시 서구 백석동,경상사고,0,0,1,0,차대차 - 정면충돌,중앙선침범,습기,눈,단일로 - 기타,화물,남,40세,상해없음,승용,남,44세,경상
2011122300100458,2011년 12월 23일 17시,금요일,인천광역시 남구 주안동,부상신고사고,0,0,0,1,차대사람 - 기타,안전운전불이행,건조,맑음,단일로 - 기타,화물,남,62세,상해없음,보행자,여,10세,부상신고
2011122300100459,2011년 12월 23일 17시,금요일,인천광역시 남구 주안동,경상사고,0,0,2,0,차대차 - 추돌 - 주정차중,안전거리미확보,건조,맑음,단일로 - 기타,기타불명,기타불명,기타불명,기타불명,승용,남,57세,상해없음
2011122300100518,2011년 12월 23일 18시,금요일,인천광역시 남동구 간석동,중상사고,0,1,0,0,차대차 - 측면직각충돌,안전운전불이행,건조,맑음,교차로 - 교차로안,승용,남,44세,상해없음,승용,여,43세,중상
2011122300100601,2011년 12월 23일 20시,금요일,인천광역시 남구 용현동,경상사고,0,0,1,0,차대차 - 측면직각충돌,안전운전불이행,적설,눈,교차로 - 교차로부근,화물,남,36세,상해없음,승용,남,50세,상해없음
2011122300100602,2011년 12월 23일 20시,금요일,인천광역시 부평구 십정동,경상사고,0,0,1,0,차대차 - 기타,안전운전불이행,결빙,눈,단일로 - 기타,승합,남,45세,상해없음,승용,남,41세,경상
2011122300100603,2011년 12월 23일 20시,금요일,인천광역시 서구 왕길동,경상사고,0,0,1,0,차대사람 - 기타,안전운전불이행,적설,눈,단일로 - 기타,승용,남,52세,상해없음,보행자,여,34세,경상
2011122300100604,2011년 12월 23일 20시,금요일,인천광역시 계양구 임학동,경상사고,0,0,1,0,차대사람 - 길가장자리구역통행중,안전운전불이행,습기,눈,단일로 - 기타,승용,여,58세,상해없음,보행자,남,35세,경상
2011122300100651,2011년 12월 23일 21시,금요일,인천광역시 남구 용현동,경상사고,0,0,2,0,차대차 - 추돌 - 주정차중,안전운전불이행,적설,눈,단일로 - 기타,기타불명,기타불명,기타불명,기타불명,승용,남,25세,상해없음
2011122300100652,2011년 12월 23일 21시,금요일,인천광역시 남구 용현동,경상사고,0,0,2,0,차대차 - 추돌 - 진행중,안전운전불이행,결빙,눈,단일로 - 횡단보도상,승용,남,43세,기타불명,승용,남,42세,경상
2011122300100653,2011년 12월 23일 21시,금요일,인천광역시 남동구 수산동,경상사고,0,0,2,0,차대차 - 기타,안전운전불이행,적설,눈,단일로 - 기타,승용,남,35세,상해없음,승용,남,62세,경상
2011122300100654,2011년 12월 23일 21시,금요일,인천광역시 남동구 논현동,중상사고,0,3,0,0,차대차 - 측면직각충돌,중앙선침범,결빙,눈,단일로 - 기타,승용,남,22세,상해없음,승용,남,22세,중상
2011122300100655,2011년 12월 23일 21시,금요일,인천광역시 남동구 간석동,경상사고,0,0,1,0,차대차 - 기타,안전운전불이행,습기,눈,단일로 - 기타,승용,남,48세,상해없음,승용,여,52세,경상
2011122300100656,2011년 12월 23일 21시,금요일,인천광역시 남동구 간석동,경상사고,0,0,1,0,차대차 - 기타,안전운전불이행,적설,눈,교차로 - 교차로부근,승용,남,51세,상해없음,승용,남,29세,경상
2011122300100657,2011년 12월 23일 21시,금요일,인천광역시 남동구 고잔동,경상사고,0,0,1,0,차대차 - 추돌 - 진행중,안전운전불이행,적설,눈,교차로 - 교차로부근,승용,남,53세,상해없음,승용,남,51세,경상
2011122300100658,2011년 12월 23일 21시,금요일,인천광역시 서구 석남동,중상사고,0,1,1,0,차대차 - 추돌 - 주정차중,안전운전불이행,적설,눈,단일로 - 기타,승용,남,27세,상해없음,승용,남,59세,경상
2011122300100659,2011년 12월 23일 21시,금요일,인천광역시 연수구 연수동,경상사고,0,0,1,0,차대차 - 추돌 - 진행중,안전운전불이행,적설,눈,교차로 - 교차로부근,승용,남,43세,상해없음,승용,남,41세,경상
2011122300100660,2011년 12월 23일 21시,금요일,인천광역시 연수구 옥련동,경상사고,0,0,3,0,차대차 - 측면직각충돌,안전운전불이행,결빙,눈,단일로 - 기타,화물,남,38세,상해없음,승용,남,37세,경상
2011122300100709,2011년 12월 23일 22시,금요일,인천광역시 남구 주안동,중상사고,0,1,0,0,차대사람 - 기타,안전운전불이행,적설,눈,교차로 - 교차로부근,승용,남,38세,상해없음,보행자,남,50세,중상
2011122300100710,2011년 12월 23일 22시,금요일,인천광역시 남구 주안동,부상신고사고,0,0,0,1,차대차 - 정면충돌,안전운전불이행,적설,눈,단일로 - 기타,승용,남,28세,상해없음,승용,남,61세,부상신고
2011122300100711,2011년 12월 23일 22시,금요일,인천광역시 남동구 구월동,중상사고,0,1,0,0,차대사람 - 보도통행중,신호위반,적설,눈,단일로 - 횡단보도상,승용,남,57세,상해없음,보행자,여,17세,중상
2011122300100712,2011년 12월 23일 22시,금요일,인천광역시 남동구 남촌동,경상사고,0,0,2,0,차량단독 - 기타,안전운전불이행,적설,눈,교차로 - 교차로부근,승합,남,60세,상해없음,,,,
2011122300100713,2011년 12월 23일 22시,금요일,인천광역시 남동구 간석동,경상사고,0,0,2,0,차대차 - 기타,안전운전불이행,결빙,눈,단일로 - 기타,승용,여,25세,상해없음,승합,남,32세,경상
2011122300100714,2011년 12월 23일 22시,금요일,인천광역시 서구 검암동,경상사고,0,0,4,0,차대차 - 추돌 - 진행중,안전운전불이행,적설,눈,단일로 - 기타,승용,남,30세,상해없음,승용,여,23세,경상
2011122300100715,2011년 12월 23일 22시,금요일,인천광역시 서구 가좌동,경상사고,0,0,3,0,차대차 - 추돌 - 진행중,안전운전불이행,적설,눈,단일로 - 기타,승용,남,39세,상해없음,승용,여,26세,경상
2011122300100767,2011년 12월 23일 23시,금요일,인천광역시 남구 용현동,경상사고,0,0,2,0,차대차 - 기타,안전운전불이행,결빙,눈,교차로 - 교차로부근,승용,남,50세,상해없음,승용,남,47세,경상
2011122300100768,2011년 12월 23일 23시,금요일,인천광역시 남동구 논현동,경상사고,0,0,1,0,차대차 - 기타,중앙선침범,적설,눈,교차로 - 교차로안,승용,남,49세,상해없음,승용,남,29세,경상
2011122300100769,2011년 12월 23일 23시,금요일,인천광역시 남동구 논현동,경상사고,0,0,1,0,차대차 - 추돌 - 주정차중,안전운전불이행,적설,눈,단일로 - 기타,승용,남,40세,상해없음,승용,남,27세,경상
2011122300100770,2011년 12월 23일 23시,금요일,인천광역시 남동구 도림동,중상사고,0,1,1,0,차대차 - 기타,안전운전불이행,적설,눈,단일로 - 기타,승용,남,43세,상해없음,승용,남,34세,중상
2011122400100048,2011년 12월 24일 00시,토요일,인천광역시 남구 주안동,경상사고,0,0,1,0,차대사람 - 기타,안전운전불이행,적설,눈,단일로 - 기타,승용,남,49세,상해없음,보행자,남,49세,경상
2011122400100050,2011년 12월 24일 00시,토요일,인천광역시 남동구 간석동,중상사고,0,1,0,0,차대사람 - 기타,안전운전불이행,결빙,눈,단일로 - 기타,승용,여,48세,상해없음,보행자,남,53세,중상
2011122400100051,2011년 12월 24일 00시,토요일,인천광역시 남동구 구월동,경상사고,0,0,2,0,차대차 - 기타,안전운전불이행,결빙,눈,단일로 - 기타,승용,남,48세,상해없음,승용,남,36세,경상
2011122400100052,2011년 12월 24일 00시,토요일,인천광역시 계양구 효성동,경상사고,0,0,2,0,차대차 - 측면직각충돌,안전운전불이행,적설,눈,교차로 - 교차로부근,승용,남,33세,상해없음,화물,남,47세,경상
2011122400100053,2011년 12월 24일 00시,토요일,인천광역시 연수구 연수동,경상사고,0,0,2,0,차대차 - 추돌 - 주정차중,안전운전불이행,건조,맑음,교차로 - 교차로부근,승용,남,34세,기타불명,승용,여,54세,경상
2011122400100084,2011년 12월 24일 01시,토요일,인천광역시 남구 학익동,중상사고,0,1,0,0,차대차 - 기타,안전운전불이행,적설,눈,교차로 - 교차로안,승용,남,30세,상해없음,승용,남,41세,상해없음
2011122400100085,2011년 12월 24일 01시,토요일,인천광역시 남구 관교동,경상사고,0,0,2,0,차대차 - 기타,안전운전불이행,적설,눈,단일로 - 기타,승용,남,30세,경상,승용,남,52세,경상
2011122400100086,2011년 12월 24일 01시,토요일,인천광역시 남동구 구월동,경상사고,0,0,2,0,차대차 - 측면직각충돌,신호위반,적설,눈,교차로 - 교차로안,승용,남,50세,상해없음,승용,남,29세,경상