사고번호,사고일시,요일,시군구,사고내용,사망자수,중상자수,경상자수,부상신고자수,사고유형,법규위반,노면상태,기상상태,도로형태,가해운전자 차종,가해운전자 성별,가해운전자 연령,가해운전자 상해정도,피해운전자 차종,피해운전자 성별,피해운전자 연령,피해운전자 상해정도
2011122400100087,2011년 12월 24일 01시,토요일,인천광역시 계양구 작전동,경상사고,0,0,1,0,차대차 - 추돌 - 주정차중,안전운전불이행,결빙,눈,교차로 - 교차로부근,승용,남,43세,상해없음,승용,남,46세,경상
2011122400100088,2011년 12월 24일 01시,토요일,인천광역시 연수구 송도동,경상사고,0,0,2,0,차대차 - 추돌 - 진행중,안전운전불이행,적설,눈,단일로 - 횡단보도부근,승용,남,40세,상해없음,승용,남,53세,경상
2011122400100115,2011년 12월 24일 02시,토요일,인천광역시 남구 문학동,경상사고,0,0,1,0,차대차 - 추돌 - 진행중,안전운전불이행,적설,눈,교차로 - 교차로부근,화물,남,45세,상해없음,승용,남,42세,경상
2011122400100116,2011년 12월 24일 02시,토요일,인천광역시 남동구 남촌동,중상사고,0,1,1,0,차대차 - 추돌 - 주정차중,안전운전불이행,결빙,눈,교차로 - 교차로부근,승용,남,44세,상해없음,화물,남,30세,중상
2011122400100117,2011년 12월 24일 02시,토요일,인천광역시 남동구 만수동,부상신고사고,0,0,0,1,차대사람 - 차도통행중,안전운전불이행,적설,눈,단일로 - 기타,기타불명,기타불명,기타불명,기타불명,보행자,남,40세,부상신고
2011122400100118,2011년 12월 24일 02시,토요일,인천광역시 계양구 용종동,중상사고,0,3,2,0,차대차 - 측면직각충돌,안전운전불이행,적설,눈,단일로 - 기타,승용,남,30세,상해없음,화물,남,47세,중상
2011122400100154,2011년 12월 24일 04시,토요일,인천광역시 부평구 산곡동,중상사고,0,2,0,0,차대차 - 추돌 - 주정차중,안전운전불이행,적설,흐림,단일로 - 기타,화물,남,45세,기타불명,승용,남,53세,중상
2011122400100216,2011년 12월 24일 07시,토요일,인천광역시 서구 검암동,경상사고,0,0,1,0,차량단독 - 공작물충돌,안전운전불이행,적설,눈,단일로 - 기타,승용,남,48세,상해없음,,,,
2011122400100240,2011년 12월 24일 08시,토요일,인천광역시 남동구 간석동,경상사고,0,0,1,0,차대차 - 기타,안전운전불이행,건조,맑음,단일로 - 기타,승용,남,31세,상해없음,승용,남,43세,경상
2011122400100303,2011년 12월 24일 10시,토요일,인천광역시 부평구 부평동,경상사고,0,0,1,0,차대차 - 추돌 - 진행중,안전거리미확보,적설,맑음,교차로 - 교차로안,승용,남,39세,상해없음,승용,여,28세,경상
2011122400100366,2011년 12월 24일 12시,토요일,인천광역시 남동구 운연동,경상사고,0,0,2,0,차대차 - 기타,중앙선침범,건조,맑음,단일로 - 기타,승용,남,54세,상해없음,승용,여,52세,경상
2011122400100367,2011년 12월 24일 12시,토요일,인천광역시 서구 신현동,경상사고,0,0,1,0,차대사람 - 길가장자리구역통행중,안전운전불이행,건조,맑음,단일로 - 기타,화물,기타불명,기타불명,기타불명,보행자,남,67세,경상
2011122400100400,2011년 12월 24일 13시,토요일,인천광역시 남구 숭의동,경상사고,0,0,2,0,차대차 - 추돌 - 진행중,안전운전불이행,적설,눈,단일로 - 기타,승용,남,42세,상해없음,승용,여,46세,경상
2011122400100458,2011년 12월 24일 15시,토요일,인천광역시 부평구 부평동,경상사고,0,0,1,0,차대사람 - 횡단중,안전운전불이행,건조,맑음,단일로 - 횡단보도부근,이륜,남,17세,상해없음,보행자,남,17세,경상
2011122400100491,2011년 12월 24일 16시,토요일,인천광역시 계양구 작전동,경상사고,0,0,2,1,차대차 - 추돌 - 주정차중,안전운전불이행,습기,맑음,단일로 - 기타,승합,남,43세,상해없음,승용,남,30세,경상
2011122400100571,2011년 12월 24일 18시,토요일,인천광역시 중구 경동,경상사고,0,0,1,0,차대차 - 추돌 - 주정차중,안전운전불이행,결빙,흐림,단일로 - 기타,승용,남,52세,경상,승합,남,48세,상해없음
2011122400100572,2011년 12월 24일 18시,토요일,인천광역시 서구 가좌동,중상사고,0,1,0,0,차대사람 - 횡단중,보행자보호의무위반,건조,맑음,교차로 - 교차로안,승용,남,59세,상해없음,보행자,남,66세,중상
2011122400100573,2011년 12월 24일 18시,토요일,인천광역시 계양구 귤현동,경상사고,0,0,1,0,차대차 - 추돌 - 주정차중,안전운전불이행,건조,맑음,단일로 - 기타,승용,남,31세,상해없음,승용,여,30세,경상
2011122400100574,2011년 12월 24일 18시,토요일,인천광역시 계양구 용종동,중상사고,0,1,3,0,차대차 - 측면직각충돌,안전운전불이행,건조,맑음,단일로 - 기타,승용,남,28세,상해없음,승용,남,32세,경상
2011122400100610,2011년 12월 24일 19시,토요일,인천광역시 남동구 구월동,경상사고,0,0,2,0,차대차 - 측면직각충돌,안전거리미확보,습기,흐림,단일로 - 기타,화물,남,58세,상해없음,승용,남,55세,경상
2011122400100611,2011년 12월 24일 19시,토요일,인천광역시 연수구 옥련동,경상사고,0,0,1,0,차대사람 - 기타,기타,건조,맑음,교차로 - 교차로부근,승용,남,52세,상해없음,보행자,남,54세,경상
2011122400100612,2011년 12월 24일 19시,토요일,인천광역시 연수구 청학동,경상사고,0,0,1,0,차대사람 - 차도통행중,안전운전불이행,건조,맑음,단일로 - 기타,기타불명,기타불명,기타불명,기타불명,보행자,여,51세,경상
2011122500100040,2011년 12월 25일 01시,일요일,인천광역시 부평구 삼산동,경상사고,0,0,1,0,차대차 - 측면직각충돌,안전거리미확보,건조,맑음,단일로 - 기타,승용,남,35세,상해없음,이륜,남,49세,경상
2011122500100077,2011년 12월 25일 03시,일요일,인천광역시 남구 주안동,경상사고,0,0,2,0,차대차 - 측면직각충돌,불법유턴,건조,맑음,기타 - 기타,승용,남,62세,상해없음,승용,남,46세,경상
2011122500100103,2011년 12월 25일 05시,일요일,인천광역시 중구 신흥동3가,중상사고,0,1,3,0,차대차 - 정면충돌,신호위반,건조,맑음,교차로 - 교차로부근,승용,남,74세,상해없음,승용,남,22세,경상
2011122500100104,2011년 12월 25일 05시,일요일,인천광역시 남구 숭의동,중상사고,0,2,2,0,차대차 - 추돌 - 주정차중,안전운전불이행,건조,맑음,단일로 - 횡단보도부근,승용,남,43세,상해없음,승합,남,46세,중상
2011122500100112,2011년 12월 25일 06시,일요일,인천광역시 연수구 동춘동,경상사고,0,0,1,0,차대사람 - 횡단중,보행자보호의무위반,건조,맑음,단일로 - 횡단보도상,승합,남,56세,상해없음,보행자,남,42세,경상
2011122500100141,2011년 12월 25일 08시,일요일,인천광역시 남구 용현동,부상신고사고,0,0,0,1,차대사람 - 횡단중,안전운전불이행,건조,맑음,단일로 - 기타,승합,남,50세,상해없음,보행자,여,40세,부상신고
2011122500100231,2011년 12월 25일 13시,일요일,인천광역시 부평구 갈산동,경상사고,0,0,1,0,차대차 - 기타,안전운전불이행,건조,맑음,단일로 - 횡단보도부근,승용,남,21세,상해없음,승용,남,37세,경상
2011122500100247,2011년 12월 25일 14시,일요일,인천광역시 부평구 갈산동,경상사고,0,0,1,0,차대차 - 측면직각충돌,안전거리미확보,건조,맑음,교차로 - 교차로부근,자전거,남,58세,경상,승용,남,54세,상해없음
2011122500100328,2011년 12월 25일 17시,일요일,인천광역시 계양구 계산동,경상사고,0,0,1,0,차대사람 - 길가장자리구역통행중,안전운전불이행,건조,맑음,교차로 - 교차로부근,승용,남,56세,상해없음,보행자,여,15세,경상
2011122500100397,2011년 12월 25일 19시,일요일,인천광역시 남동구 만수동,경상사고,0,0,4,0,차대차 - 추돌 - 주정차중,안전거리미확보,습기,맑음,교차로 - 교차로부근,승용,남,63세,상해없음,승용,남,43세,경상
2011122500100398,2011년 12월 25일 19시,일요일,인천광역시 서구 가정동,경상사고,0,0,4,0,차대차 - 측면직각충돌,안전거리미확보,습기,흐림,단일로 - 교량,승용,남,25세,상해없음,승용,남,50세,경상
2011122500100459,2011년 12월 25일 21시,일요일,인천광역시 남동구 구월동,경상사고,0,0,2,0,차대차 - 추돌 - 주정차중,안전운전불이행,건조,맑음,단일로 - 기타,승용,남,27세,상해없음,승용,남,53세,경상
2011122500100460,2011년 12월 25일 21시,일요일,인천광역시 남동구 만수동,경상사고,0,0,2,0,차대차 - 측면직각충돌,신호위반,건조,맑음,교차로 - 교차로부근,원동기,남,16세,상해없음,승용,남,26세,경상
2011122500100461,2011년 12월 25일 21시,일요일,인천광역시 연수구 송도동,경상사고,0,0,5,0,차대차 - 추돌 - 주정차중,안전운전불이행,건조,맑음,단일로 - 기타,승용,남,53세,상해없음,승용,여,30세,경상
2011122500100499,2011년 12월 25일 23시,일요일,인천광역시 남구 주안동,경상사고,0,0,1,0,차대사람 - 횡단중,신호위반,건조,맑음,단일로 - 횡단보도상,원동기,남,16세,상해없음,보행자,남,29세,경상
2011122500100500,2011년 12월 25일 23시,일요일,인천광역시 남동구 구월동,경상사고,0,0,1,0,차대차 - 측면직각충돌,안전운전불이행,건조,맑음,교차로 - 교차로부근,승용,남,23세,상해없음,승용,남,49세,경상
2011122500100501,2011년 12월 25일 23시,일요일,인천광역시 남동구 구월동,중상사고,0,1,0,0,차대사람 - 보도통행중,보행자보호의무위반,건조,맑음,단일로 - 횡단보도상,승용,남,27세,상해없음,보행자,여,50세,중상
2011122500100502,2011년 12월 25일 23시,일요일,인천광역시 서구 석남동,경상사고,0,0,1,0,차대차 - 기타,안전운전불이행,결빙,눈,단일로 - 기타,승용,남,36세,상해없음,화물,남,51세,경상
2011122600100017,2011년 12월 26일 00시,월요일,인천광역시 계양구 계산동,중상사고,0,1,0,0,차대사람 - 횡단중,안전운전불이행,건조,맑음,단일로 - 기타,승용,남,27세,상해없음,보행자,남,47세,중상
2011122600100018,2011년 12월 26일 00시,월요일,인천광역시 부평구 부평동,경상사고,0,0,2,0,차대차 - 측면직각충돌,신호위반,습기,맑음,교차로 - 교차로안,승용,남,23세,상해없음,승용,남,66세,경상
2011122600100058,2011년 12월 26일 06시,월요일,인천광역시 동구 송림동,경상사고,0,0,1,0,차대사람 - 기타,안전운전불이행,건조,맑음,단일로 - 기타,승용,남,43세,상해없음,보행자,남,27세,경상
2011122600100059,2011년 12월 26일 06시,월요일,인천광역시 부평구 부평동,경상사고,0,0,1,0,차대사람 - 횡단중,신호위반,건조,맑음,단일로 - 횡단보도상,승용,여,32세,상해없음,보행자,남,26세,경상
2011122600100060,2011년 12월 26일 06시,월요일,인천광역시 부평구 부평동,경상사고,0,0,1,0,차대차 - 측면직각충돌,교차로운행방법위반,건조,맑음,교차로 - 교차로안,승합,여,43세,상해없음,자전거,남,64세,경상
2011122600100091,2011년 12월 26일 07시,월요일,인천광역시 동구 송현동,경상사고,0,0,1,0,차대차 - 기타,안전운전불이행,습기,맑음,단일로 - 기타,승용,남,38세,상해없음,이륜,남,26세,경상
2011122600100092,2011년 12월 26일 07시,월요일,인천광역시 계양구 방축동,경상사고,0,0,1,0,차대차 - 정면충돌,안전운전불이행,건조,맑음,교차로 - 교차로안,승합,남,47세,상해없음,승용,남,33세,경상
2011122600100147,2011년 12월 26일 09시,월요일,인천광역시 남동구 논현동,경상사고,0,0,1,0,차대사람 - 기타,안전운전불이행,결빙,맑음,단일로 - 기타,원동기,여,49세,상해없음,보행자,여,56세,경상
2011122600100148,2011년 12월 26일 09시,월요일,인천광역시 부평구 삼산동,중상사고,0,1,0,0,차대사람 - 횡단중,보행자보호의무위반,건조,맑음,단일로 - 횡단보도상,화물,남,56세,상해없음,보행자,여,55세,중상
2011122600100193,2011년 12월 26일 11시,월요일,인천광역시 부평구 십정동,경상사고,0,0,4,0,차대차 - 추돌 - 주정차중,안전운전불이행,건조,맑음,단일로 - 터널,화물,남,49세,상해없음,화물,남,46세,경상
2011122600100194,2011년 12월 26일 11시,월요일,인천광역시 연수구 옥련동,중상사고,0,1,0,0,차대차 - 기타,신호위반,결빙,맑음,교차로 - 교차로안,승용,남,47세,상해없음,승용,남,53세,중상
2011122600100225,2011년 12월 26일 12시,월요일,인천광역시 남동구 만수동,경상사고,0,0,1,0,차대차 - 기타,중앙선침범,건조,맑음,단일로 - 기타,승용,남,31세,상해없음,원동기,남,50세,경상
2011122600100256,2011년 12월 26일 13시,월요일,인천광역시 남구 숭의동,경상사고,0,0,1,0,차대차 - 측면직각충돌,중앙선침범,건조,맑음,단일로 - 기타,화물,남,32세,상해없음,원동기,남,63세,경상
2011122600100282,2011년 12월 26일 14시,월요일,인천광역시 남구 학익동,경상사고,0,0,2,0,차대차 - 기타,안전운전불이행,건조,맑음,교차로 - 교차로안,승용,남,62세,경상,승용,남,46세,상해없음
2011122600100310,2011년 12월 26일 15시,월요일,인천광역시 남동구 간석동,중상사고,0,1,0,0,차대사람 - 기타,안전운전불이행,건조,맑음,단일로 - 기타,승용,남,31세,상해없음,보행자,여,40세,중상
2011122600100337,2011년 12월 26일 16시,월요일,인천광역시 부평구 부평동,중상사고,0,1,0,0,차대사람 - 횡단중,안전운전불이행,결빙,맑음,교차로 - 교차로안,자전거,여,19세,상해없음,보행자,여,65세,중상
2011122600100374,2011년 12월 26일 17시,월요일,인천광역시 서구 연희동,경상사고,0,0,2,0,차대차 - 측면직각충돌,안전운전불이행,건조,맑음,교차로 - 교차로부근,승용,남,65세,상해없음,건설기계,남,34세,경상
2011122600100419,2011년 12월 26일 18시,월요일,인천광역시 중구 운서동,경상사고,0,0,1,0,차대차 - 추돌 - 진행중,교차로운행방법위반,건조,맑음,교차로 - 교차로안,승용,남,50세,상해없음,승용,남,48세,경상
2011122600100420,2011년 12월 26일 18시,월요일,인천광역시 계양구 계산동,경상사고,0,0,1,0,차대차 - 측면직각충돌,교차로운행방법위반,건조,맑음,교차로 - 교차로안,승용,남,45세,상해없음,이륜,남,16세,경상
2011122600100460,2011년 12월 26일 19시,월요일,인천광역시 남구 주안동,중상사고,0,1,0,0,차대사람 - 기타,안전운전불이행,결빙,맑음,교차로 - 교차로안,승용,남,26세,상해없음,보행자,여,48세,중상
2011122600100461,2011년 12월 26일 19시,월요일,인천광역시 계양구 효성동,중상사고,0,1,0,0,차대사람 - 차도통행중,안전운전불이행,건조,맑음,단일로 - 기타,화물,남,40세,상해없음,보행자,남,41세,중상
2011122600100511,2011년 12월 26일 21시,월요일,인천광역시 남구 주안동,중상사고,0,1,0,0,차대차 - 기타,안전운전불이행,건조,맑음,교차로 - 교차로안,승용,남,20세,상해없음,원동기,남,22세,중상
2011122600100545,2011년 12월 26일 22시,월요일,인천광역시 부평구 부개동,중상사고,0,1,0,0,차대차 - 기타,중앙선침범,건조,맑음,단일로 - 기타,승용,남,24세,상해없음,승용,여,40세,중상
2011122600100546,2011년 12월 26일 22시,월요일,인천광역시 중구 중산동,중상사고,0,1,0,0,차대차 - 기타,안전운전불이행,건조,맑음,단일로 - 기타,승용,남,42세,상해없음,승용,남,35세,중상
2011122600100586,2011년 12월 26일 23시,월요일,인천광역시 남구 숭의동,경상사고,0,0,1,0,차대차 - 추돌 - 진행중,안전거리미확보,건조,맑음,단일로 - 횡단보도부근,승용,남,29세,상해없음,승용,여,34세,경상
2011122600100587,2011년 12월 26일 23시,월요일,인천광역시 남동구 만수동,중상사고,0,1,0,0,차대사람 - 횡단중,안전운전불이행,건조,맑음,단일로 - 기타,승용,남,48세,상해없음,보행자,여,17세,중상
2011122700100042,2011년 12월 27일 01시,화요일,인천광역시 남동구 구월동,경상사고,0,0,1,0,차대사람 - 기타,안전운전불이행,건조,맑음,단일로 - 기타,기타불명,기타불명,기타불명,기타불명,보행자,여,37세,경상
2011122700100043,2011년 12월 27일 01시,화요일,인천광역시 계양구 작전동,중상사고,0,3,0,0,차대차 - 추돌 - 주정차중,안전운전불이행,건조,맑음,단일로 - 기타,승용,남,26세,상해없음,승용,남,63세,중상
2011122700100064,2011년 12월 27일 03시,화요일,인천광역시 부평구 청천동,중상사고,0,3,0,0,차대차 - 측면직각충돌,신호위반,건조,맑음,교차로 - 교차로안,승용,남,53세,상해없음,승용,남,51세,중상
2011122700100090,2011년 12월 27일 06시,화요일,인천광역시 연수구 연수동,중상사고,0,1,1,0,차대차 - 측면직각충돌,신호위반,건조,맑음,교차로 - 교차로안,승용,여,44세,상해없음,승용,여,51세,중상
2011122700100111,2011년 12월 27일 07시,화요일,인천광역시 남동구 논현동,중상사고,0,1,0,0,차대차 - 측면직각충돌,신호위반,건조,맑음,교차로 - 교차로안,승용,여,51세,상해없음,승용,남,36세,중상
2011122700100112,2011년 12월 27일 07시,화요일,인천광역시 계양구 장기동,중상사고,0,1,0,0,차대차 - 측면직각충돌,중앙선침범,결빙,맑음,단일로 - 기타,승용,남,34세,상해없음,화물,남,38세,중상
2011122700100144,2011년 12월 27일 08시,화요일,인천광역시 서구 가좌동,중상사고,0,2,0,0,차대차 - 측면직각충돌,신호위반,건조,맑음,교차로 - 교차로안,승합,남,50세,상해없음,승용,남,50세,중상
2011122700100171,2011년 12월 27일 09시,화요일,인천광역시 남구 용현동,경상사고,0,0,1,0,차대차 - 측면직각충돌,안전운전불이행,습기,맑음,단일로 - 횡단보도부근,승용,남,56세,상해없음,승용,남,38세,경상
2011122700100172,2011년 12월 27일 09시,화요일,인천광역시 남동구 남촌동,중상사고,0,1,0,0,차대차 - 기타,차로위반,건조,맑음,단일로 - 기타,화물,남,57세,상해없음,화물,남,54세,중상
2011122700100206,2011년 12월 27일 10시,화요일,인천광역시 남구 주안동,경상사고,0,0,7,0,차대차 - 기타,안전거리미확보,습기,맑음,단일로 - 기타,승용,남,67세,상해없음,승용,남,57세,경상
2011122700100261,2011년 12월 27일 12시,화요일,인천광역시 남동구 장수동,중상사고,0,1,0,0,차대사람 - 횡단중,보행자보호의무위반,건조,맑음,단일로 - 횡단보도상,승용,여,39세,상해없음,보행자,남,82세,중상
2011122700100281,2011년 12월 27일 13시,화요일,인천광역시 중구 운서동,경상사고,0,0,3,0,차대차 - 추돌 - 진행중,안전거리미확보,건조,맑음,교차로 - 교차로부근,승용,여,52세,경상,승합,여,36세,경상
2011122700100282,2011년 12월 27일 13시,화요일,인천광역시 남구 학익동,중상사고,0,1,1,0,차대차 - 기타,안전거리미확보,기타,맑음,교차로 - 교차로안,화물,남,24세,상해없음,승용,남,51세,경상
2011122700100283,2011년 12월 27일 13시,화요일,인천광역시 남구 도화동,중상사고,0,1,0,0,차대사람 - 횡단중,안전운전불이행,건조,맑음,기타 - 기타,승용,여,50세,상해없음,보행자,남,40세,중상
2011122700100456,2011년 12월 27일 18시,화요일,인천광역시 남구 학익동,경상사고,0,0,2,0,차대차 - 추돌 - 주정차중,안전운전불이행,결빙,맑음,교차로 - 교차로부근,승용,남,48세,상해없음,승용,남,45세,경상
2011122700100457,2011년 12월 27일 18시,화요일,인천광역시 남동구 간석동,중상사고,0,1,0,0,차대사람 - 기타,안전운전불이행,건조,맑음,단일로 - 기타,승용,남,41세,상해없음,보행자,남,22세,중상
2011122700100498,2011년 12월 27일 19시,화요일,인천광역시 계양구 효성동,중상사고,0,1,0,0,차대차 - 측면직각충돌,신호위반,건조,맑음,교차로 - 교차로안,승용,여,20세,상해없음,승용,여,44세,중상
2011122700100521,2011년 12월 27일 20시,화요일,인천광역시 남동구 구월동,경상사고,0,0,1,0,차대사람 - 기타,안전운전불이행,습기,맑음,교차로 - 교차로부근,승용,남,51세,상해없음,보행자,남,42세,경상
2011122700100522,2011년 12월 27일 20시,화요일,인천광역시 남동구 구월동,중상사고,0,2,0,0,차대차 - 추돌 - 주정차중,안전거리미확보,건조,맑음,교차로 - 교차로부근,승합,남,58세,상해없음,승용,여,44세,중상
2011122700100555,2011년 12월 27일 21시,화요일,인천광역시 남구 주안동,경상사고,0,0,1,0,차대사람 - 길가장자리구역통행중,안전운전불이행,건조,맑음,단일로 - 기타,승용,남,32세,상해없음,보행자,남,13세,경상
2011122700100556,2011년 12월 27일 21시,화요일,인천광역시 남동구 논현동,중상사고,0,2,0,0,차대차 - 측면직각충돌,신호위반,건조,맑음,교차로 - 교차로안,화물,남,44세,상해없음,승용,여,41세,중상
2011122700100557,2011년 12월 27일 21시,화요일,인천광역시 서구 석남동,중상사고,0,1,0,0,차대사람 - 기타,안전운전불이행,건조,맑음,단일로 - 기타,승용,기타불명,기타불명,기타불명,보행자,여,62세,중상
2011122700100558,2011년 12월 27일 21시,화요일,인천광역시 계양구 계산동,경상사고,0,0,1,0,차대차 - 기타,안전운전불이행,건조,맑음,기타 - 기타,승용,여,47세,상해없음,원동기,남,16세,경상
2011122700100559,2011년 12월 27일 21시,화요일,인천광역시 계양구 장기동,경상사고,0,0,1,0,차대차 - 측면직각충돌,안전운전불이행,건조,맑음,단일로 - 기타,화물,남,45세,상해없음,승합,남,40세,경상
2011122700100587,2011년 12월 27일 22시,화요일,인천광역시 부평구 부평동,경상사고,0,0,1,0,차대사람 - 횡단중,안전운전불이행,건조,맑음,단일로 - 기타,승용,남,33세,상해없음,보행자,남,58세,경상
2011122700100589,2011년 12월 27일 22시,화요일,인천광역시 남동구 간석동,경상사고,0,0,1,0,차대차 - 정면충돌,신호위반,습기,흐림,교차로 - 교차로안,승용,남,41세,상해없음,승용,남,38세,상해없음
2011122700100590,2011년 12월 27일 22시,화요일,인천광역시 연수구 동춘동,중상사고,0,1,0,0,차대차 - 측면직각충돌,신호위반,건조,맑음,교차로 - 교차로안,승용,남,43세,상해없음,승용,남,26세,중상
2011122700100634,2011년 12월 27일 23시,화요일,인천광역시 남구 주안동,부상신고사고,0,0,0,2,차대차 - 추돌 - 주정차중,안전운전불이행,건조,맑음,단일로 - 기타,화물,남,26세,상해없음,이륜,남,21세,부상신고
2011122800100025,2011년 12월 28일 00시,수요일,인천광역시 옹진군 영흥면,경상사고,0,0,1,0,차량단독 - 도로외이탈 - 기타,기타,결빙,맑음,단일로 - 기타,승용,남,37세,경상,,,,
2011122800100026,2011년 12월 28일 00시,수요일,인천광역시 남구 주안동,중상사고,0,1,0,0,차대사람 - 횡단중,안전운전불이행,건조,맑음,단일로 - 횡단보도상,승용,남,31세,상해없음,보행자,남,36세,중상
2011122800100027,2011년 12월 28일 00시,수요일,인천광역시 남동구 장수동,경상사고,0,0,2,0,차대차 - 추돌 - 주정차중,안전운전불이행,건조,맑음,단일로 - 기타,승용,남,25세,상해없음,승용,남,41세,경상
2011122800100054,2011년 12월 28일 01시,수요일,인천광역시 남구 주안동,중상사고,0,1,0,0,차대차 - 측면직각충돌,안전운전불이행,건조,맑음,단일로 - 기타,승용,남,28세,상해없음,승용,남,55세,중상
2011122800100055,2011년 12월 28일 01시,수요일,인천광역시 남구 주안동,중상사고,0,1,1,0,차대차 - 추돌 - 주정차중,안전운전불이행,건조,맑음,교차로 - 교차로부근,승용,남,25세,상해없음,승용,남,57세,중상
2011122800100056,2011년 12월 28일 01시,수요일,인천광역시 부평구 산곡동,경상사고,0,0,1,0,차대차 - 기타,안전운전불이행,건조,맑음,단일로 - 기타,승용,남,24세,상해없음,승용,남,26세,경상
2011122800100057,2011년 12월 28일 01시,수요일,인천광역시 남동구 구월동,경상사고,0,0,1,0,차대사람 - 보도통행중,안전운전불이행,건조,맑음,단일로 - 횡단보도상,승용,남,52세,상해없음,보행자,남,18세,경상
2011122800100058,2011년 12월 28일 01시,수요일,인천광역시 부평구 삼산동,중상사고,0,1,2,0,차대차 - 추돌 - 주정차중,안전운전불이행,건조,맑음,교차로 - 교차로부근,승용,남,29세,상해없음,승용,남,46세,중상
2011122800100076,2011년 12월 28일 02시,수요일,인천광역시 남동구 구월동,중상사고,0,1,0,0,차대사람 - 기타,안전운전불이행,건조,맑음,교차로 - 교차로부근,승용,남,43세,상해없음,보행자,남,57세,중상
2011122800100077,2011년 12월 28일 02시,수요일,인천광역시 계양구 작전동,경상사고,0,0,1,0,차대차 - 정면충돌,신호위반,건조,맑음,교차로 - 교차로안,승용,남,24세,상해없음,승용,남,42세,경상
2011122800100125,2011년 12월 28일 06시,수요일,인천광역시 중구 경동,경상사고,0,0,1,0,차대차 - 측면직각충돌,신호위반,건조,흐림,교차로 - 교차로안,승용,남,58세,상해없음,승용,여,70세,경상
2011122800100126,2011년 12월 28일 06시,수요일,인천광역시 계양구 계산동,경상사고,0,0,2,0,차대차 - 추돌 - 주정차중,안전운전불이행,건조,맑음,단일로 - 기타,승용,여,44세,상해없음,화물,남,56세,경상
2011122800100127,2011년 12월 28일 06시,수요일,인천광역시 연수구 동춘동,중상사고,0,1,0,0,차대차 - 측면직각충돌,신호위반,건조,맑음,교차로 - 교차로안,승합,남,50세,상해없음,승용,남,63세,중상
2011122800100151,2011년 12월 28일 07시,수요일,인천광역시 남구 주안동,경상사고,0,0,1,0,차대차 - 기타,안전거리미확보,건조,흐림,단일로 - 기타,승용,남,39세,상해없음,승합,남,58세,경상
2011122800100152,2011년 12월 28일 07시,수요일,인천광역시 남동구 구월동,경상사고,0,0,2,0,차대차 - 추돌 - 진행중,차로위반,결빙,맑음,단일로 - 기타,승용,남,23세,상해없음,승용,남,60세,상해없음
2011122800100153,2011년 12월 28일 07시,수요일,인천광역시 계양구 계산동,경상사고,0,0,2,0,차대차 - 기타,안전운전불이행,건조,맑음,교차로 - 교차로부근,승용,남,43세,상해없음,승용,남,32세,경상
2011122800100218,2011년 12월 28일 09시,수요일,인천광역시 서구 원당동,경상사고,0,0,1,0,차대사람 - 횡단중,신호위반,건조,맑음,단일로 - 횡단보도상,승용,여,44세,상해없음,보행자,여,12세,경상
2011122800100219,2011년 12월 28일 09시,수요일,인천광역시 계양구 효성동,중상사고,0,1,0,0,차대사람 - 기타,안전운전불이행,건조,맑음,단일로 - 기타,기타불명,기타불명,기타불명,기타불명,보행자,여,48세,중상
2011122800100265,2011년 12월 28일 11시,수요일,인천광역시 남동구 만수동,중상사고,0,1,0,0,차대사람 - 기타,안전운전불이행,건조,맑음,단일로 - 기타,승합,남,53세,상해없음,보행자,남,24세,중상
2011122800100266,2011년 12월 28일 11시,수요일,인천광역시 서구 왕길동,중상사고,0,2,1,0,차대차 - 측면직각충돌,신호위반,건조,맑음,단일로 - 기타,승용,여,35세,상해없음,승용,남,28세,경상
2011122800100292,2011년 12월 28일 12시,수요일,인천광역시 강화군 화도면,사망사고,1,1,0,0,차대차 - 정면충돌,중앙선침범,습기,비,단일로 - 기타,승용,남,24세,사망,승합,남,51세,중상
2011122800100346,2011년 12월 28일 14시,수요일,인천광역시 남구 도화동,중상사고,0,1,2,0,차대차 - 측면직각충돌,기타,건조,맑음,단일로 - 기타,건설기계,남,53세,상해없음,화물,남,32세,경상
2011122800100347,2011년 12월 28일 14시,수요일,인천광역시 남동구 남촌동,중상사고,0,1,1,0,차대차 - 기타,안전거리미확보,건조,맑음,단일로 - 기타,원동기,남,53세,경상,원동기,남,30세,중상
2011122800100369,2011년 12월 28일 15시,수요일,인천광역시 계양구 병방동,경상사고,0,0,4,0,차대차 - 기타,안전운전불이행,건조,맑음,교차로 - 교차로부근,승용,남,39세,상해없음,승용,여,45세,경상
2011122800100415,2011년 12월 28일 17시,수요일,인천광역시 남구 주안동,경상사고,0,0,1,0,차량단독 - 기타,안전운전불이행,습기,비,단일로 - 기타,승합,남,38세,상해없음,,,,
2011122800100464,2011년 12월 28일 18시,수요일,인천광역시 남구 도화동,중상사고,0,1,0,0,차대사람 - 기타,안전운전불이행,건조,맑음,교차로 - 교차로부근,건설기계,남,38세,상해없음,보행자,여,54세,중상
2011122800100465,2011년 12월 28일 18시,수요일,인천광역시 남동구 간석동,경상사고,0,0,1,1,차대차 - 기타,안전운전불이행,습기,흐림,단일로 - 기타,승용,남,55세,부상신고,승용,남,42세,경상